mtllib penguin.mtl
o Body
g Body
usemtl PenguinBody
v -9.9889 14.4611 29.0000
v 9.9889 14.4611 29.0000
v -9.9889 -14.4611 29.0000
v 9.9889 -14.4611 29.0000
v 0.0000 -7.7733 51.1169
v 0.0000 7.7733 51.1169
v 0.0000 -8.9374 6.8831
v 0.0000 8.9374 6.8831
v 16.1624 0.0000 15.3310
v 15.3583 0.0000 42.6690
v -16.1624 0.0000 15.3310
v -15.3583 0.0000 42.6690
v 0.0000 17.0000 29.0000
v 0.0000 -17.0000 29.0000
v -5.6071 -13.1344 42.0000
v 5.6071 -13.1344 42.0000
v -5.6071 13.1344 42.0000
v 5.6071 13.1344 42.0000
v 0.0000 0.0000 55.0000
v -5.8713 -13.7533 16.0000
v 5.8713 -13.7533 16.0000
v -5.8713 13.7533 16.0000
v 5.8713 13.7533 16.0000
v 0.0000 0.0000 3.0000
v 15.3713 8.5000 20.9656
v 15.3713 -8.5000 20.9656
v 9.5000 -5.2533 7.9656
v 9.5000 5.2533 7.9656
v 15.1071 8.3539 37.0344
v 15.1071 -8.3539 37.0344
v 8.3808 -4.6344 50.0344
v 8.3808 4.6344 50.0344
v 19.0000 0.0000 29.0000
v -15.3713 8.5000 20.9656
v -15.3713 -8.5000 20.9656
v -9.5000 -5.2533 7.9656
v -9.5000 5.2533 7.9656
v -15.1071 8.3539 37.0344
v -15.1071 -8.3539 37.0344
v -8.3808 -4.6344 50.0344
v -8.3808 4.6344 50.0344
v -19.0000 0.0000 29.0000
v -5.1921 16.3530 29.0000
v 5.1921 16.3530 29.0000
v -5.1921 -16.3530 29.0000
v 5.1921 -16.3530 29.0000
v -8.1437 -14.4871 35.7572
v -2.7811 -10.7479 47.2532
v -3.0483 -15.9669 35.8345
v 8.1437 -14.4871 35.7572
v 2.7811 -10.7479 47.2532
v 3.0483 -15.9669 35.8345
v 0.0000 -13.7416 42.6690
v -8.1437 14.4871 35.7572
v -2.7811 10.7479 47.2532
v -3.0483 15.9669 35.8345
v 8.1437 14.4871 35.7572
v 2.7811 10.7479 47.2532
v 3.0483 15.9669 35.8345
v 0.0000 13.7416 42.6690
v 0.0000 -3.8718 54.0104
v 0.0000 3.8718 54.0104
v -8.2439 -14.6654 22.2428
v -3.0518 -11.7943 10.7468
v -3.0867 -16.1680 22.1655
v 8.2439 -14.6654 22.2428
v 3.0518 -11.7943 10.7468
v 3.0867 -16.1680 22.1655
v 0.0000 -14.4611 15.3310
v -8.2439 14.6654 22.2428
v -3.0518 11.7943 10.7468
v -3.0867 16.1680 22.1655
v 8.2439 14.6654 22.2428
v 3.0518 11.7943 10.7468
v 3.0867 16.1680 22.1655
v 0.0000 14.4611 15.3310
v 0.0000 -4.6455 3.9896
v 0.0000 4.6455 3.9896
v 13.1818 11.9348 24.8238
v 16.3907 4.4182 17.7189
v 11.1679 11.6992 17.9415
v 13.1818 -11.9348 24.8238
v 16.3907 -4.4182 17.7189
v 11.1679 -11.6992 17.9415
v 4.9379 -7.3761 6.5706
v 13.3389 -2.7306 10.9617
v 8.0812 -9.9923 11.1070
v 4.9944 -2.7618 4.2725
v 13.0756 -7.2305 13.7176
v 4.9379 7.3761 6.5706
v 13.3389 2.7306 10.9617
v 8.0812 9.9923 11.1070
v 4.9944 2.7618 4.2725
v 13.0756 7.2305 13.7176
v 9.9889 0.0000 6.8831
v 13.1206 11.8794 33.1762
v 15.8353 4.2684 40.2811
v 10.8043 11.3183 40.0585
v 16.1624 8.9374 29.0000
v 13.1206 -11.8794 33.1762
v 15.8353 -4.2684 40.2811
v 10.8043 -11.3183 40.0585
v 16.1624 -8.9374 29.0000
v 4.2765 -6.3880 51.4294
v 12.1832 -2.4940 47.0383
v 7.3923 -9.1405 46.8930
v 4.1813 -2.3122 53.7275
v 12.2625 -6.7809 44.2824
v 4.2765 6.3880 51.4294
v 12.1832 2.4940 47.0383
v 7.3923 9.1405 46.8930
v 4.1813 2.3122 53.7275
v 12.2625 6.7809 44.2824
v 8.6878 0.0000 51.1169
v 18.2768 0.0000 21.8951
v 18.0312 0.0000 36.1049
v 18.0701 4.4687 24.7760
v 18.0701 -4.4687 24.7760
v 17.9842 4.4475 33.2240
v 17.9842 -4.4475 33.2240
v -13.1818 11.9348 24.8238
v -16.3907 4.4182 17.7189
v -11.1679 11.6992 17.9415
v -13.1818 -11.9348 24.8238
v -16.3907 -4.4182 17.7189
v -11.1679 -11.6992 17.9415
v -4.9379 -7.3761 6.5706
v -13.3389 -2.7306 10.9617
v -8.0812 -9.9923 11.1070
v -4.9944 -2.7618 4.2725
v -13.0756 -7.2305 13.7176
v -4.9379 7.3761 6.5706
v -13.3389 2.7306 10.9617
v -8.0812 9.9923 11.1070
v -4.9944 2.7618 4.2725
v -13.0756 7.2305 13.7176
v -9.9889 0.0000 6.8831
v -13.1206 11.8794 33.1762
v -15.8353 4.2684 40.2811
v -10.8043 11.3183 40.0585
v -16.1624 8.9374 29.0000
v -13.1206 -11.8794 33.1762
v -15.8353 -4.2684 40.2811
v -10.8043 -11.3183 40.0585
v -16.1624 -8.9374 29.0000
v -4.2765 -6.3880 51.4294
v -12.1832 -2.4940 47.0383
v -7.3923 -9.1405 46.8930
v -4.1813 -2.3122 53.7275
v -12.2625 -6.7809 44.2824
v -4.2765 6.3880 51.4294
v -12.1832 2.4940 47.0383
v -7.3923 9.1405 46.8930
v -4.1813 2.3122 53.7275
v -12.2625 6.7809 44.2824
v -8.6878 0.0000 51.1169
v -18.2768 0.0000 21.8951
v -18.0312 0.0000 36.1049
v -18.0701 4.4687 24.7760
v -18.0701 -4.4687 24.7760
v -17.9842 4.4475 33.2240
v -17.9842 -4.4475 33.2240
v -7.6638 15.5557 29.0000
v -2.6211 16.8375 29.0000
v 7.6638 15.5557 29.0000
v 2.6211 16.8375 29.0000
v -7.6638 -15.5557 29.0000
v -2.6211 -16.8375 29.0000
v 7.6638 -15.5557 29.0000
v 2.6211 -16.8375 29.0000
v -9.1759 -14.6582 32.4112
v -6.9370 -13.9665 38.9740
v -6.7851 -15.6642 32.4230
v -1.3703 -9.3084 49.3799
v -4.2061 -12.0422 44.7775
v -1.5576 -16.7372 32.4598
v -4.4131 -14.7405 39.0409
v -4.1689 -16.3765 32.4526
v -5.6521 -15.3806 35.8662
v 9.1759 -14.6582 32.4112
v 6.9370 -13.9665 38.9740
v 6.7851 -15.6642 32.4230
v 1.3703 -9.3084 49.3799
v 4.2061 -12.0422 44.7775
v 0.0000 -10.8612 47.4933
v 1.5576 -16.7372 32.4598
v 4.4131 -14.7405 39.0409
v 4.1689 -16.3765 32.4526
v 0.0000 -16.1763 35.9265
v 5.6521 -15.3806 35.8662
v -2.8280 -13.5898 42.5007
v 2.8280 -13.5898 42.5007
v -1.4349 -12.3450 45.1262
v -1.5192 -15.0746 39.3898
v 1.4349 -12.3450 45.1262
v 1.5192 -15.0746 39.3898
v -9.1759 14.6582 32.4112
v -6.9370 13.9665 38.9740
v -6.7851 15.6642 32.4230
v -1.3703 9.3084 49.3799
v -4.2061 12.0422 44.7775
v -1.5576 16.7372 32.4598
v -4.4131 14.7405 39.0409
v -4.1689 16.3765 32.4526
v -5.6521 15.3806 35.8662
v 9.1759 14.6582 32.4112
v 6.9370 13.9665 38.9740
v 6.7851 15.6642 32.4230
v 1.3703 9.3084 49.3799
v 4.2061 12.0422 44.7775
v 0.0000 10.8612 47.4933
v 1.5576 16.7372 32.4598
v 4.4131 14.7405 39.0409
v 4.1689 16.3765 32.4526
v 0.0000 16.1763 35.9265
v 5.6521 15.3806 35.8662
v -2.8280 13.5898 42.5007
v 2.8280 13.5898 42.5007
v -1.4349 12.3450 45.1262
v -1.5192 15.0746 39.3898
v 1.4349 12.3450 45.1262
v 1.5192 15.0746 39.3898
v 0.0000 -5.8236 52.7911
v 0.0000 -1.9311 54.7514
v 0.0000 5.8236 52.7911
v 0.0000 1.9311 54.7514
v -9.2044 -14.7038 25.5888
v -7.1257 -14.3465 19.0260
v -6.8063 -15.7132 25.5770
v -1.5406 -10.4659 8.6201
v -4.5046 -12.8971 13.2225
v -1.5626 -16.7907 25.5402
v -4.5349 -15.1471 18.9591
v -4.1822 -16.4287 25.5474
v -5.7239 -15.5762 22.1338
v 9.2044 -14.7038 25.5888
v 7.1257 -14.3465 19.0260
v 6.8063 -15.7132 25.5770
v 1.5406 -10.4659 8.6201
v 4.5046 -12.8971 13.2225
v 0.0000 -11.9494 10.5067
v 1.5626 -16.7907 25.5402
v 4.5349 -15.1471 18.9591
v 4.1822 -16.4287 25.5474
v 0.0000 -16.3856 22.0735
v 5.7239 -15.5762 22.1338
v -2.9723 -14.2830 15.4993
v 2.9723 -14.2830 15.4993
v -1.5417 -13.2635 12.8738
v -1.5641 -15.5207 18.6102
v 1.5417 -13.2635 12.8738
v 1.5641 -15.5207 18.6102
v -9.2044 14.7038 25.5888
v -7.1257 14.3465 19.0260
v -6.8063 15.7132 25.5770
v -1.5406 10.4659 8.6201
v -4.5046 12.8971 13.2225
v -1.5626 16.7907 25.5402
v -4.5349 15.1471 18.9591
v -4.1822 16.4287 25.5474
v -5.7239 15.5762 22.1338
v 9.2044 14.7038 25.5888
v 7.1257 14.3465 19.0260
v 6.8063 15.7132 25.5770
v 1.5406 10.4659 8.6201
v 4.5046 12.8971 13.2225
v 0.0000 11.9494 10.5067
v 1.5626 16.7907 25.5402
v 4.5349 15.1471 18.9591
v 4.1822 16.4287 25.5474
v 0.0000 16.3856 22.0735
v 5.7239 15.5762 22.1338
v -2.9723 14.2830 15.4993
v 2.9723 14.2830 15.4993
v -1.5417 13.2635 12.8738
v -1.5641 15.5207 18.6102
v 1.5417 13.2635 12.8738
v 1.5641 15.5207 18.6102
v 0.0000 -6.8570 5.2089
v 0.0000 -2.3452 3.2486
v 0.0000 6.8570 5.2089
v 0.0000 2.3452 3.2486
v 11.6972 13.3253 26.8918
v 14.4144 10.3160 22.8358
v 10.8538 13.4750 23.4614
v 16.4337 2.2304 16.4045
v 16.0343 6.5214 19.2490
v 8.6258 12.8849 16.8208
v 13.4350 10.2255 19.3346
v 9.8063 13.3187 20.0000
v 12.3008 11.9393 21.3039
v 11.6972 -13.3253 26.8918
v 14.4144 -10.3160 22.8358
v 10.8538 -13.4750 23.4614
v 16.4337 -2.2304 16.4045
v 16.0343 -6.5214 19.2490
v 8.6258 -12.8849 16.8208
v 13.4350 -10.2255 19.3346
v 9.8063 -13.3187 20.0000
v 12.3008 -11.9393 21.3039
v 2.4928 -8.2355 6.5118
v 7.2887 -6.3757 7.0583
v 4.0474 -9.7113 8.3911
v 2.5015 -6.0899 4.9681
v 14.8930 -1.3785 12.9933
v 11.5297 -4.0305 9.2750
v 15.0603 -3.6214 14.1475
v 7.0632 -12.0208 13.3610
v 8.9002 -7.7178 9.2937
v 5.6241 -11.0060 10.7399
v 9.7541 -10.9918 14.3294
v 6.5769 -8.7741 8.6303
v 2.5284 -1.3981 3.3201
v 7.3376 -4.0575 5.8338
v 2.5231 -3.7420 3.8738
v 5.0176 -5.1214 5.1777
v 14.4008 -7.9633 17.1962
v 11.4285 -6.3197 10.6152
v 14.8856 -5.8846 15.5808
v 12.2850 -9.5923 15.6522
v 13.3439 -5.0321 12.1673
v 10.7208 -8.7274 12.1890
v 2.4928 8.2355 6.5118
v 7.2887 6.3757 7.0583
v 4.0474 9.7113 8.3911
v 2.5015 6.0899 4.9681
v 14.8930 1.3785 12.9933
v 11.5297 4.0305 9.2750
v 15.0603 3.6214 14.1475
v 13.5144 0.0000 10.7244
v 7.0632 12.0208 13.3610
v 8.9002 7.7178 9.2937
v 5.6241 11.0060 10.7399
v 9.7541 10.9918 14.3294
v 6.5769 8.7741 8.6303
v 2.5284 1.3981 3.3201
v 7.3376 4.0575 5.8338
v 2.5231 3.7420 3.8738
v 5.0617 0.0000 3.9396
v 5.0176 5.1214 5.1777
v 14.4008 7.9633 17.1962
v 11.4285 6.3197 10.6152
v 14.8856 5.8846 15.5808
v 12.2850 9.5923 15.6522
v 13.3439 5.0321 12.1673
v 10.7208 8.7274 12.1890
v 9.8659 -2.6594 7.1554
v 9.8659 2.6594 7.1554
v 11.7846 -1.3794 8.7147
v 7.5925 -1.3995 5.2625
v 11.7846 1.3794 8.7147
v 7.5925 1.3995 5.2625
v 11.6834 13.3096 31.1082
v 14.2686 10.2117 35.1642
v 10.7651 13.3650 34.5386
v 13.3552 12.0918 29.0000
v 15.7394 2.1362 41.5955
v 15.6284 6.3563 38.7510
v 8.2851 12.3760 41.1792
v 13.1008 9.9712 38.6654
v 9.5948 13.0314 38.0000
v 12.1068 11.7510 36.6961
v 15.9634 8.8274 24.9327
v 15.8931 8.7885 33.0673
v 14.8239 10.5441 26.8903
v 14.8063 10.5316 31.1097
v 11.6834 -13.3096 31.1082
v 14.2686 -10.2117 35.1642
v 10.7651 -13.3650 34.5386
v 13.3552 -12.0918 29.0000
v 15.7394 -2.1362 41.5955
v 15.6284 -6.3563 38.7510
v 8.2851 -12.3760 41.1792
v 13.1008 -9.9712 38.6654
v 9.5948 -13.0314 38.0000
v 12.1068 -11.7510 36.6961
v 15.9634 -8.8274 24.9327
v 15.8931 -8.7885 33.0673
v 14.8239 -10.5441 26.8903
v 14.8063 -10.5316 31.1097
v 2.1571 -7.1265 51.4882
v 6.3543 -5.5583 50.9417
v 3.5897 -8.6130 49.6089
v 2.1168 -5.1534 53.0319
v 13.8770 -1.2844 45.0067
v 10.3352 -3.6129 48.7250
v 14.1757 -3.4087 43.8525
v 6.6032 -11.2380 44.6390
v 7.9799 -6.9198 48.7063
v 5.1248 -10.0289 47.2601
v 9.1951 -10.3619 43.6706
v 5.8503 -7.8047 49.3697
v 2.0844 -1.1526 54.6799
v 6.2890 -3.4777 52.1662
v 2.0989 -3.1129 54.1262
v 4.2594 -4.3475 52.8223
v 13.8665 -7.6679 40.8038
v 10.4000 -5.7509 47.3848
v 14.1718 -5.6024 42.4192
v 11.7022 -9.1373 42.3478
v 12.3371 -4.6524 45.8327
v 9.9141 -8.0706 45.8110
v 2.1571 7.1265 51.4882
v 6.3543 5.5583 50.9417
v 3.5897 8.6130 49.6089
v 2.1168 5.1534 53.0319
v 13.8770 1.2844 45.0067
v 10.3352 3.6129 48.7250
v 14.1757 3.4087 43.8525
v 12.3125 0.0000 47.2756
v 6.6032 11.2380 44.6390
v 7.9799 6.9198 48.7063
v 5.1248 10.0289 47.2601
v 9.1951 10.3619 43.6706
v 5.8503 7.8047 49.3697
v 2.0844 1.1526 54.6799
v 6.2890 3.4777 52.1662
v 2.0989 3.1129 54.1262
v 4.2152 0.0000 54.0604
v 4.2594 4.3475 52.8223
v 13.8665 7.6679 40.8038
v 10.4000 5.7509 47.3848
v 14.1718 5.6024 42.4192
v 11.7022 9.1373 42.3478
v 12.3371 4.6524 45.8327
v 9.9141 8.0706 45.8110
v 8.6123 -2.3215 50.8446
v 8.6123 2.3215 50.8446
v 10.4933 -1.2283 49.2853
v 6.4534 -1.1895 52.7375
v 10.4933 1.2283 49.2853
v 6.4534 1.1895 52.7375
v 17.3858 0.0000 18.5128
v 18.8183 0.0000 25.4132
v 17.5618 2.2381 19.6861
v 17.5618 -2.2381 19.6861
v 16.8767 0.0000 39.4872
v 18.7539 0.0000 32.5868
v 17.1561 2.1864 38.3139
v 17.1561 -2.1864 38.3139
v 16.9291 6.5652 22.7944
v 18.7661 2.2622 26.8617
v 17.4086 4.4894 21.1673
v 17.3467 6.7933 26.8596
v 18.3615 2.2575 23.2770
v 16.9291 -6.5652 22.7944
v 18.7661 -2.2622 26.8617
v 17.4086 -4.4894 21.1673
v 17.3467 -6.7933 26.8596
v 18.3615 -2.2575 23.2770
v 16.7555 6.4979 35.2056
v 18.7432 2.2595 31.1383
v 17.1242 4.4161 36.8327
v 17.3255 6.7850 31.1404
v 18.2013 2.2378 34.7230
v 18.3134 4.5289 29.0000
v 16.7555 -6.4979 35.2056
v 18.7432 -2.2595 31.1383
v 17.1242 -4.4161 36.8327
v 17.3255 -6.7850 31.1404
v 18.2013 -2.2378 34.7230
v 18.3134 -4.5289 29.0000
v -11.6972 13.3253 26.8918
v -14.4144 10.3160 22.8358
v -10.8538 13.4750 23.4614
v -16.4337 2.2304 16.4045
v -16.0343 6.5214 19.2490
v -8.6258 12.8849 16.8208
v -13.4350 10.2255 19.3346
v -9.8063 13.3187 20.0000
v -12.3008 11.9393 21.3039
v -11.6972 -13.3253 26.8918
v -14.4144 -10.3160 22.8358
v -10.8538 -13.4750 23.4614
v -16.4337 -2.2304 16.4045
v -16.0343 -6.5214 19.2490
v -8.6258 -12.8849 16.8208
v -13.4350 -10.2255 19.3346
v -9.8063 -13.3187 20.0000
v -12.3008 -11.9393 21.3039
v -2.4928 -8.2355 6.5118
v -7.2887 -6.3757 7.0583
v -4.0474 -9.7113 8.3911
v -2.5015 -6.0899 4.9681
v -14.8930 -1.3785 12.9933
v -11.5297 -4.0305 9.2750
v -15.0603 -3.6214 14.1475
v -7.0632 -12.0208 13.3610
v -8.9002 -7.7178 9.2937
v -5.6241 -11.0060 10.7399
v -9.7541 -10.9918 14.3294
v -6.5769 -8.7741 8.6303
v -2.5284 -1.3981 3.3201
v -7.3376 -4.0575 5.8338
v -2.5231 -3.7420 3.8738
v -5.0176 -5.1214 5.1777
v -14.4008 -7.9633 17.1962
v -11.4285 -6.3197 10.6152
v -14.8856 -5.8846 15.5808
v -12.2850 -9.5923 15.6522
v -13.3439 -5.0321 12.1673
v -10.7208 -8.7274 12.1890
v -2.4928 8.2355 6.5118
v -7.2887 6.3757 7.0583
v -4.0474 9.7113 8.3911
v -2.5015 6.0899 4.9681
v -14.8930 1.3785 12.9933
v -11.5297 4.0305 9.2750
v -15.0603 3.6214 14.1475
v -13.5144 0.0000 10.7244
v -7.0632 12.0208 13.3610
v -8.9002 7.7178 9.2937
v -5.6241 11.0060 10.7399
v -9.7541 10.9918 14.3294
v -6.5769 8.7741 8.6303
v -2.5284 1.3981 3.3201
v -7.3376 4.0575 5.8338
v -2.5231 3.7420 3.8738
v -5.0617 0.0000 3.9396
v -5.0176 5.1214 5.1777
v -14.4008 7.9633 17.1962
v -11.4285 6.3197 10.6152
v -14.8856 5.8846 15.5808
v -12.2850 9.5923 15.6522
v -13.3439 5.0321 12.1673
v -10.7208 8.7274 12.1890
v -9.8659 -2.6594 7.1554
v -9.8659 2.6594 7.1554
v -11.7846 -1.3794 8.7147
v -7.5925 -1.3995 5.2625
v -11.7846 1.3794 8.7147
v -7.5925 1.3995 5.2625
v -11.6834 13.3096 31.1082
v -14.2686 10.2117 35.1642
v -10.7651 13.3650 34.5386
v -13.3552 12.0918 29.0000
v -15.7394 2.1362 41.5955
v -15.6284 6.3563 38.7510
v -8.2851 12.3760 41.1792
v -13.1008 9.9712 38.6654
v -9.5948 13.0314 38.0000
v -12.1068 11.7510 36.6961
v -15.9634 8.8274 24.9327
v -15.8931 8.7885 33.0673
v -14.8239 10.5441 26.8903
v -14.8063 10.5316 31.1097
v -11.6834 -13.3096 31.1082
v -14.2686 -10.2117 35.1642
v -10.7651 -13.3650 34.5386
v -13.3552 -12.0918 29.0000
v -15.7394 -2.1362 41.5955
v -15.6284 -6.3563 38.7510
v -8.2851 -12.3760 41.1792
v -13.1008 -9.9712 38.6654
v -9.5948 -13.0314 38.0000
v -12.1068 -11.7510 36.6961
v -15.9634 -8.8274 24.9327
v -15.8931 -8.7885 33.0673
v -14.8239 -10.5441 26.8903
v -14.8063 -10.5316 31.1097
v -2.1571 -7.1265 51.4882
v -6.3543 -5.5583 50.9417
v -3.5897 -8.6130 49.6089
v -2.1168 -5.1534 53.0319
v -13.8770 -1.2844 45.0067
v -10.3352 -3.6129 48.7250
v -14.1757 -3.4087 43.8525
v -6.6032 -11.2380 44.6390
v -7.9799 -6.9198 48.7063
v -5.1248 -10.0289 47.2601
v -9.1951 -10.3619 43.6706
v -5.8503 -7.8047 49.3697
v -2.0844 -1.1526 54.6799
v -6.2890 -3.4777 52.1662
v -2.0989 -3.1129 54.1262
v -4.2594 -4.3475 52.8223
v -13.8665 -7.6679 40.8038
v -10.4000 -5.7509 47.3848
v -14.1718 -5.6024 42.4192
v -11.7022 -9.1373 42.3478
v -12.3371 -4.6524 45.8327
v -9.9141 -8.0706 45.8110
v -2.1571 7.1265 51.4882
v -6.3543 5.5583 50.9417
v -3.5897 8.6130 49.6089
v -2.1168 5.1534 53.0319
v -13.8770 1.2844 45.0067
v -10.3352 3.6129 48.7250
v -14.1757 3.4087 43.8525
v -12.3125 0.0000 47.2756
v -6.6032 11.2380 44.6390
v -7.9799 6.9198 48.7063
v -5.1248 10.0289 47.2601
v -9.1951 10.3619 43.6706
v -5.8503 7.8047 49.3697
v -2.0844 1.1526 54.6799
v -6.2890 3.4777 52.1662
v -2.0989 3.1129 54.1262
v -4.2152 0.0000 54.0604
v -4.2594 4.3475 52.8223
v -13.8665 7.6679 40.8038
v -10.4000 5.7509 47.3848
v -14.1718 5.6024 42.4192
v -11.7022 9.1373 42.3478
v -12.3371 4.6524 45.8327
v -9.9141 8.0706 45.8110
v -8.6123 -2.3215 50.8446
v -8.6123 2.3215 50.8446
v -10.4933 -1.2283 49.2853
v -6.4534 -1.1895 52.7375
v -10.4933 1.2283 49.2853
v -6.4534 1.1895 52.7375
v -17.3858 0.0000 18.5128
v -18.8183 0.0000 25.4132
v -17.5618 2.2381 19.6861
v -17.5618 -2.2381 19.6861
v -16.8767 0.0000 39.4872
v -18.7539 0.0000 32.5868
v -17.1561 2.1864 38.3139
v -17.1561 -2.1864 38.3139
v -16.9291 6.5652 22.7944
v -18.7661 2.2622 26.8617
v -17.4086 4.4894 21.1673
v -17.3467 6.7933 26.8596
v -18.3615 2.2575 23.2770
v -16.9291 -6.5652 22.7944
v -18.7661 -2.2622 26.8617
v -17.4086 -4.4894 21.1673
v -17.3467 -6.7933 26.8596
v -18.3615 -2.2575 23.2770
v -16.7555 6.4979 35.2056
v -18.7432 2.2595 31.1383
v -17.1242 4.4161 36.8327
v -17.3255 6.7850 31.1404
v -18.2013 2.2378 34.7230
v -18.3134 4.5289 29.0000
v -16.7555 -6.4979 35.2056
v -18.7432 -2.2595 31.1383
v -17.1242 -4.4161 36.8327
v -17.3255 -6.7850 31.1404
v -18.2013 -2.2378 34.7230
v -18.3134 -4.5289 29.0000
vn -0.4853 0.8743 0.0069
vn 0.4853 0.8743 0.0069
vn -0.4853 -0.8743 0.0069
vn 0.4853 -0.8743 0.0069
vn 0.0000 -0.6952 0.7188
vn -0.0000 0.6952 0.7188
vn -0.0000 -0.6847 -0.7289
vn 0.0000 0.6847 -0.7289
vn 0.9106 -0.0000 -0.4133
vn 0.8773 0.0000 0.4800
vn -0.9106 0.0000 -0.4133
vn -0.8773 -0.0000 0.4800
vn 0.0000 1.0000 0.0077
vn -0.0000 -1.0000 0.0077
vn -0.2934 -0.8570 0.4236
vn 0.2934 -0.8570 0.4236
vn -0.2934 0.8570 0.4236
vn 0.2934 0.8570 0.4236
vn 0.0000 0.0000 1.0000
vn -0.3026 -0.8831 -0.3585
vn 0.3026 -0.8831 -0.3585
vn -0.3026 0.8831 -0.3585
vn 0.3026 0.8831 -0.3585
vn -0.0000 0.0000 -1.0000
vn 0.8021 0.5533 -0.2246
vn 0.8021 -0.5533 -0.2246
vn 0.5887 -0.4053 -0.6994
vn 0.5887 0.4053 -0.6994
vn 0.7888 0.5439 0.2865
vn 0.7888 -0.5439 0.2865
vn 0.5867 -0.4037 0.7020
vn 0.5867 0.4037 0.7020
vn 1.0000 0.0000 0.0072
vn -0.8021 0.5533 -0.2246
vn -0.8021 -0.5533 -0.2246
vn -0.5887 -0.4053 -0.6994
vn -0.5887 0.4053 -0.6994
vn -0.7888 0.5439 0.2865
vn -0.7888 -0.5439 0.2865
vn -0.5867 -0.4037 0.7020
vn -0.5867 0.4037 0.7020
vn -1.0000 -0.0000 0.0072
vn -0.2470 0.9690 0.0077
vn 0.2470 0.9690 0.0077
vn -0.2470 -0.9690 0.0077
vn 0.2470 -0.9690 0.0077
vn -0.4007 -0.8871 0.2293
vn -0.1644 -0.7981 0.5797
vn -0.1431 -0.9625 0.2305
vn 0.4007 -0.8871 0.2293
vn 0.1644 -0.7981 0.5797
vn 0.1431 -0.9625 0.2305
vn 0.0000 -0.9003 0.4353
vn -0.4007 0.8871 0.2293
vn -0.1644 0.7981 0.5797
vn -0.1431 0.9625 0.2305
vn 0.4007 0.8871 0.2293
vn 0.1644 0.7981 0.5797
vn 0.1431 0.9625 0.2305
vn 0.0000 0.9003 0.4353
vn -0.0000 -0.4451 0.8955
vn -0.0000 0.4451 0.8955
vn -0.4053 -0.8970 -0.1765
vn -0.1695 -0.8202 -0.5465
vn -0.1448 -0.9733 -0.1781
vn 0.4053 -0.8970 -0.1765
vn 0.1695 -0.8202 -0.5465
vn 0.1448 -0.9733 -0.1781
vn 0.0000 -0.9281 -0.3722
vn -0.4053 0.8970 -0.1765
vn -0.1695 0.8202 -0.5465
vn -0.1448 0.9733 -0.1781
vn 0.4053 0.8970 -0.1765
vn 0.1695 0.8202 -0.5465
vn 0.1448 0.9733 -0.1781
vn 0.0000 0.9281 -0.3722
vn -0.0000 -0.3970 -0.9178
vn 0.0000 0.3970 -0.9178
vn 0.6582 0.7445 -0.1119
vn 0.8950 0.3002 -0.3298
vn 0.5796 0.7534 -0.3107
vn 0.6582 -0.7445 -0.1119
vn 0.8950 -0.3002 -0.3298
vn 0.5796 -0.7534 -0.3107
vn 0.3092 -0.5777 -0.7554
vn 0.7933 -0.2009 -0.5747
vn 0.4617 -0.7037 -0.5401
vn 0.3455 -0.2293 -0.9100
vn 0.7288 -0.5090 -0.4581
vn 0.3092 0.5777 -0.7554
vn 0.7933 0.2009 -0.5747
vn 0.4617 0.7037 -0.5401
vn 0.3455 0.2293 -0.9100
vn 0.7288 0.5090 -0.4581
vn 0.6391 0.0000 -0.7691
vn 0.6559 0.7402 0.1479
vn 0.8687 0.2917 0.4004
vn 0.5646 0.7335 0.3785
vn 0.8259 0.5638 0.0076
vn 0.6559 -0.7402 0.1479
vn 0.8687 -0.2917 0.4004
vn 0.5646 -0.7335 0.3785
vn 0.8259 -0.5638 0.0076
vn 0.3164 -0.5907 0.7423
vn 0.7677 -0.1940 0.6107
vn 0.4478 -0.6826 0.5775
vn 0.3826 -0.2539 0.8883
vn 0.7026 -0.4905 0.5156
vn 0.3164 0.5907 0.7423
vn 0.7677 0.1940 0.6107
vn 0.4478 0.6826 0.5775
vn 0.3826 0.2539 0.8883
vn 0.7026 0.4905 0.5156
vn 0.6505 0.0000 0.7595
vn 0.9786 0.0000 -0.2056
vn 0.9642 0.0000 0.2653
vn 0.9482 0.2961 -0.1155
vn 0.9482 -0.2961 -0.1155
vn 0.9430 0.2951 0.1535
vn 0.9430 -0.2951 0.1535
vn -0.6582 0.7445 -0.1119
vn -0.8950 0.3002 -0.3298
vn -0.5796 0.7534 -0.3107
vn -0.6582 -0.7445 -0.1119
vn -0.8950 -0.3002 -0.3298
vn -0.5796 -0.7534 -0.3107
vn -0.3092 -0.5777 -0.7554
vn -0.7933 -0.2009 -0.5747
vn -0.4617 -0.7037 -0.5401
vn -0.3455 -0.2293 -0.9100
vn -0.7288 -0.5090 -0.4581
vn -0.3092 0.5777 -0.7554
vn -0.7933 0.2009 -0.5747
vn -0.4617 0.7037 -0.5401
vn -0.3455 0.2293 -0.9100
vn -0.7288 0.5090 -0.4581
vn -0.6391 0.0000 -0.7691
vn -0.6559 0.7402 0.1479
vn -0.8687 0.2917 0.4004
vn -0.5646 0.7335 0.3785
vn -0.8259 0.5638 0.0076
vn -0.6559 -0.7402 0.1479
vn -0.8687 -0.2917 0.4004
vn -0.5646 -0.7335 0.3785
vn -0.8259 -0.5638 0.0076
vn -0.3164 -0.5907 0.7423
vn -0.7677 -0.1940 0.6107
vn -0.4478 -0.6826 0.5775
vn -0.3826 -0.2539 0.8883
vn -0.7026 -0.4905 0.5156
vn -0.3164 0.5907 0.7423
vn -0.7677 0.1940 0.6107
vn -0.4478 0.6826 0.5775
vn -0.3826 0.2539 0.8883
vn -0.7026 0.4905 0.5156
vn -0.6505 -0.0000 0.7595
vn -0.9786 0.0000 -0.2056
vn -0.9642 0.0000 0.2653
vn -0.9482 0.2961 -0.1155
vn -0.9482 -0.2961 -0.1155
vn -0.9430 0.2951 0.1535
vn -0.9430 -0.2951 0.1535
vn -0.3677 0.9299 0.0078
vn -0.1241 0.9922 0.0077
vn 0.3677 0.9299 0.0078
vn 0.1241 0.9922 0.0077
vn -0.3677 -0.9299 0.0078
vn -0.1241 -0.9922 0.0077
vn 0.3677 -0.9299 0.0078
vn 0.1241 -0.9922 0.0077
vn -0.4461 -0.8873 0.1171
vn -0.3495 -0.8762 0.3319
vn -0.3248 -0.9384 0.1178
vn -0.0876 -0.7549 0.6500
vn -0.2319 -0.8311 0.5054
vn -0.0694 -0.9905 0.1185
vn -0.2162 -0.9177 0.3331
vn -0.1996 -0.9728 0.1177
vn -0.2750 -0.9334 0.2305
vn 0.4461 -0.8873 0.1171
vn 0.3495 -0.8762 0.3319
vn 0.3248 -0.9384 0.1178
vn 0.0876 -0.7549 0.6500
vn 0.2319 -0.8311 0.5054
vn -0.0000 -0.8117 0.5840
vn 0.0694 -0.9905 0.1185
vn 0.2162 -0.9177 0.3331
vn 0.1996 -0.9728 0.1177
vn 0.0000 -0.9725 0.2327
vn 0.2750 -0.9334 0.2305
vn -0.1480 -0.8899 0.4315
vn 0.1480 -0.8899 0.4315
vn -0.0787 -0.8549 0.5128
vn -0.0744 -0.9375 0.3400
vn 0.0787 -0.8549 0.5128
vn 0.0744 -0.9375 0.3400
vn -0.4461 0.8873 0.1171
vn -0.3495 0.8762 0.3319
vn -0.3248 0.9384 0.1178
vn -0.0876 0.7549 0.6500
vn -0.2319 0.8311 0.5054
vn -0.0694 0.9905 0.1185
vn -0.2162 0.9177 0.3331
vn -0.1996 0.9728 0.1177
vn -0.2750 0.9334 0.2305
vn 0.4461 0.8873 0.1171
vn 0.3495 0.8762 0.3319
vn 0.3248 0.9384 0.1178
vn 0.0876 0.7549 0.6500
vn 0.2319 0.8311 0.5054
vn 0.0000 0.8117 0.5840
vn 0.0694 0.9905 0.1185
vn 0.2162 0.9177 0.3331
vn 0.1996 0.9728 0.1177
vn -0.0000 0.9725 0.2327
vn 0.2750 0.9334 0.2305
vn -0.1480 0.8899 0.4315
vn 0.1480 0.8899 0.4315
vn -0.0787 0.8549 0.5128
vn -0.0744 0.9375 0.3400
vn 0.0787 0.8549 0.5128
vn 0.0744 0.9375 0.3400
vn 0.0000 -0.5921 0.8059
vn -0.0000 -0.2438 0.9698
vn -0.0000 0.5921 0.8059
vn 0.0000 0.2438 0.9698
vn -0.4477 -0.8899 -0.0876
vn -0.3572 -0.8952 -0.2666
vn -0.3258 -0.9413 -0.0884
vn -0.0893 -0.7631 -0.6401
vn -0.2400 -0.8591 -0.4521
vn -0.0697 -0.9936 -0.0892
vn -0.2212 -0.9375 -0.2686
vn -0.2002 -0.9758 -0.0883
vn -0.2781 -0.9440 -0.1777
vn 0.4477 -0.8899 -0.0876
vn 0.3572 -0.8952 -0.2666
vn 0.3258 -0.9413 -0.0884
vn 0.0893 -0.7631 -0.6401
vn 0.2400 -0.8591 -0.4521
vn 0.0000 -0.8333 -0.5528
vn 0.0697 -0.9936 -0.0892
vn 0.2212 -0.9375 -0.2686
vn 0.2002 -0.9758 -0.0883
vn 0.0000 -0.9837 -0.1799
vn 0.2781 -0.9440 -0.1777
vn -0.1527 -0.9173 -0.3678
vn 0.1527 -0.9173 -0.3678
vn -0.0813 -0.8832 -0.4619
vn -0.0761 -0.9584 -0.2752
vn 0.0813 -0.8832 -0.4619
vn 0.0761 -0.9584 -0.2752
vn -0.4477 0.8899 -0.0876
vn -0.3572 0.8952 -0.2666
vn -0.3258 0.9413 -0.0884
vn -0.0893 0.7631 -0.6401
vn -0.2400 0.8591 -0.4521
vn -0.0697 0.9936 -0.0892
vn -0.2212 0.9375 -0.2686
vn -0.2002 0.9758 -0.0883
vn -0.2781 0.9440 -0.1777
vn 0.4477 0.8899 -0.0876
vn 0.3572 0.8952 -0.2666
vn 0.3258 0.9413 -0.0884
vn 0.0893 0.7631 -0.6401
vn 0.2400 0.8591 -0.4521
vn 0.0000 0.8333 -0.5528
vn 0.0697 0.9936 -0.0892
vn 0.2212 0.9375 -0.2686
vn 0.2002 0.9758 -0.0883
vn -0.0000 0.9837 -0.1799
vn 0.2781 0.9440 -0.1777
vn -0.1527 0.9173 -0.3678
vn 0.1527 0.9173 -0.3678
vn -0.0813 0.8832 -0.4619
vn -0.0761 0.9584 -0.2752
vn 0.0813 0.8832 -0.4619
vn 0.0761 0.9584 -0.2752
vn -0.0000 -0.5573 -0.8303
vn 0.0000 -0.2075 -0.9782
vn 0.0000 0.5573 -0.8303
vn 0.0000 0.2075 -0.9782
vn 0.5740 0.8171 -0.0544
vn 0.7350 0.6568 -0.1685
vn 0.5370 0.8306 -0.1475
vn 0.9141 0.1541 -0.3752
vn 0.8567 0.4340 -0.2788
vn 0.4460 0.8276 -0.3407
vn 0.6998 0.6601 -0.2729
vn 0.4940 0.8352 -0.2417
vn 0.6220 0.7548 -0.2084
vn 0.5740 -0.8171 -0.0544
vn 0.7350 -0.6568 -0.1685
vn 0.5370 -0.8306 -0.1475
vn 0.9141 -0.1541 -0.3752
vn 0.8567 -0.4340 -0.2788
vn 0.4460 -0.8276 -0.3407
vn 0.6998 -0.6601 -0.2729
vn 0.4940 -0.8352 -0.2417
vn 0.6220 -0.7548 -0.2084
vn 0.1545 -0.6406 -0.7522
vn 0.4562 -0.4983 -0.7373
vn 0.2411 -0.7169 -0.6541
vn 0.1657 -0.4990 -0.8506
vn 0.8625 -0.0980 -0.4965
vn 0.7020 -0.3048 -0.6436
vn 0.8542 -0.2575 -0.4517
vn 0.3845 -0.8065 -0.4491
vn 0.5335 -0.5701 -0.6248
vn 0.3164 -0.7716 -0.5519
vn 0.5266 -0.7369 -0.4238
vn 0.3905 -0.6518 -0.6501
vn 0.1819 -0.1162 -0.9764
vn 0.4832 -0.3250 -0.8129
vn 0.1744 -0.3232 -0.9301
vn 0.3298 -0.4216 -0.8447
vn 0.7715 -0.5381 -0.3393
vn 0.6680 -0.4673 -0.5791
vn 0.8232 -0.4046 -0.3983
vn 0.6602 -0.6442 -0.3861
vn 0.7727 -0.3624 -0.5211
vn 0.6044 -0.6144 -0.5071
vn 0.1545 0.6406 -0.7522
vn 0.4562 0.4983 -0.7373
vn 0.2411 0.7169 -0.6541
vn 0.1657 0.4990 -0.8506
vn 0.8625 0.0980 -0.4965
vn 0.7020 0.3048 -0.6436
vn 0.8542 0.2575 -0.4517
vn 0.8089 0.0000 -0.5880
vn 0.3845 0.8065 -0.4491
vn 0.5335 0.5701 -0.6248
vn 0.3164 0.7716 -0.5519
vn 0.5266 0.7369 -0.4238
vn 0.3905 0.6518 -0.6501
vn 0.1819 0.1162 -0.9764
vn 0.4832 0.3250 -0.8129
vn 0.1744 0.3232 -0.9301
vn 0.3538 -0.0000 -0.9353
vn 0.3298 0.4216 -0.8447
vn 0.7715 0.5381 -0.3393
vn 0.6680 0.4673 -0.5791
vn 0.8232 0.4046 -0.3983
vn 0.6602 0.6442 -0.3861
vn 0.7727 0.3624 -0.5211
vn 0.6044 0.6144 -0.5071
vn 0.6246 -0.2121 -0.7516
vn 0.6246 0.2121 -0.7516
vn 0.7312 -0.1052 -0.6740
vn 0.5074 -0.1146 -0.8541
vn 0.7312 0.1052 -0.6740
vn 0.5074 0.1146 -0.8541
vn 0.5745 0.8151 0.0750
vn 0.7281 0.6494 0.2195
vn 0.5328 0.8237 0.1938
vn 0.6637 0.7480 0.0074
vn 0.8832 0.1491 0.4446
vn 0.8363 0.4241 0.3474
vn 0.4335 0.8038 0.4074
vn 0.6844 0.6451 0.3397
vn 0.4849 0.8196 0.3052
vn 0.6129 0.7435 0.2676
vn 0.8207 0.5601 -0.1123
vn 0.8166 0.5577 0.1491
vn 0.7464 0.6633 -0.0549
vn 0.7453 0.6623 0.0767
vn 0.5745 -0.8151 0.0750
vn 0.7281 -0.6494 0.2195
vn 0.5328 -0.8237 0.1938
vn 0.6637 -0.7480 0.0074
vn 0.8832 -0.1491 0.4446
vn 0.8363 -0.4241 0.3474
vn 0.4335 -0.8038 0.4074
vn 0.6844 -0.6451 0.3397
vn 0.4849 -0.8196 0.3052
vn 0.6129 -0.7435 0.2676
vn 0.8207 -0.5601 -0.1123
vn 0.8166 -0.5577 0.1491
vn 0.7464 -0.6633 -0.0549
vn 0.7453 -0.6623 0.0767
vn 0.1582 -0.6555 0.7385
vn 0.4620 -0.5046 0.7294
vn 0.2390 -0.7106 0.6618
vn 0.1775 -0.5352 0.8259
vn 0.8298 -0.0940 0.5501
vn 0.6880 -0.2982 0.6616
vn 0.8224 -0.2478 0.5121
vn 0.3717 -0.7797 0.5039
vn 0.5231 -0.5590 0.6434
vn 0.3077 -0.7504 0.5850
vn 0.5088 -0.7122 0.4836
vn 0.3860 -0.6441 0.6605
vn 0.2126 -0.1357 0.9677
vn 0.5042 -0.3391 0.7942
vn 0.1967 -0.3647 0.9101
vn 0.3513 -0.4492 0.8215
vn 0.7489 -0.5220 0.4083
vn 0.6485 -0.4536 0.6113
vn 0.7947 -0.3905 0.4646
vn 0.6386 -0.6232 0.4514
vn 0.7453 -0.3495 0.5678
vn 0.5839 -0.5937 0.5537
vn 0.1582 0.6555 0.7385
vn 0.4620 0.5046 0.7294
vn 0.2390 0.7106 0.6618
vn 0.1775 0.5352 0.8259
vn 0.8298 0.0940 0.5501
vn 0.6880 0.2982 0.6616
vn 0.8224 0.2478 0.5121
vn 0.7837 -0.0000 0.6212
vn 0.3717 0.7797 0.5039
vn 0.5231 0.5590 0.6434
vn 0.3077 0.7504 0.5850
vn 0.5088 0.7122 0.4836
vn 0.3860 0.6441 0.6605
vn 0.2126 0.1357 0.9677
vn 0.5042 0.3391 0.7942
vn 0.1967 0.3647 0.9101
vn 0.3982 0.0000 0.9173
vn 0.3513 0.4492 0.8215
vn 0.7489 0.5220 0.4083
vn 0.6485 0.4536 0.6113
vn 0.7947 0.3905 0.4646
vn 0.6386 0.6232 0.4514
vn 0.7453 0.3495 0.5678
vn 0.5839 0.5937 0.5537
vn 0.6320 -0.2144 0.7447
vn 0.6320 0.2144 0.7447
vn 0.7208 -0.1037 0.6853
vn 0.5396 -0.1219 0.8330
vn 0.7208 0.1037 0.6853
vn 0.5396 0.1219 0.8330
vn 0.9509 -0.0000 -0.3094
vn 0.9947 0.0000 -0.1028
vn 0.9509 0.1522 -0.2694
vn 0.9509 -0.1522 -0.2694
vn 0.9249 -0.0000 0.3802
vn 0.9906 0.0000 0.1371
vn 0.9295 0.1487 0.3376
vn 0.9295 -0.1487 0.3376
vn 0.8855 0.4322 -0.1706
vn 0.9868 0.1518 -0.0557
vn 0.9282 0.2972 -0.2237
vn 0.8976 0.4371 -0.0568
vn 0.9750 0.1502 -0.1637
vn 0.8855 -0.4322 -0.1706
vn 0.9868 -0.1518 -0.0557
vn 0.9282 -0.2972 -0.2237
vn 0.8976 -0.4371 -0.0568
vn 0.9750 -0.1502 -0.1637
vn 0.8759 0.4279 0.2230
vn 0.9852 0.1525 0.0781
vn 0.9126 0.2921 0.2862
vn 0.8964 0.4361 0.0796
vn 0.9654 0.1487 0.2143
vn 0.9552 0.2960 0.0080
vn 0.8759 -0.4279 0.2230
vn 0.9852 -0.1525 0.0781
vn 0.9126 -0.2921 0.2862
vn 0.8964 -0.4361 0.0796
vn 0.9654 -0.1487 0.2143
vn 0.9552 -0.2960 0.0080
vn -0.5740 0.8171 -0.0544
vn -0.7350 0.6568 -0.1685
vn -0.5370 0.8306 -0.1475
vn -0.9141 0.1541 -0.3752
vn -0.8567 0.4340 -0.2788
vn -0.4460 0.8276 -0.3407
vn -0.6998 0.6601 -0.2729
vn -0.4940 0.8352 -0.2417
vn -0.6220 0.7548 -0.2084
vn -0.5740 -0.8171 -0.0544
vn -0.7350 -0.6568 -0.1685
vn -0.5370 -0.8306 -0.1475
vn -0.9141 -0.1541 -0.3752
vn -0.8567 -0.4340 -0.2788
vn -0.4460 -0.8276 -0.3407
vn -0.6998 -0.6601 -0.2729
vn -0.4940 -0.8352 -0.2417
vn -0.6220 -0.7548 -0.2084
vn -0.1545 -0.6406 -0.7522
vn -0.4562 -0.4983 -0.7373
vn -0.2411 -0.7169 -0.6541
vn -0.1657 -0.4990 -0.8506
vn -0.8625 -0.0980 -0.4965
vn -0.7020 -0.3048 -0.6436
vn -0.8542 -0.2575 -0.4517
vn -0.3845 -0.8065 -0.4491
vn -0.5335 -0.5701 -0.6248
vn -0.3164 -0.7716 -0.5519
vn -0.5266 -0.7369 -0.4238
vn -0.3905 -0.6518 -0.6501
vn -0.1819 -0.1162 -0.9764
vn -0.4832 -0.3250 -0.8129
vn -0.1744 -0.3232 -0.9301
vn -0.3298 -0.4216 -0.8447
vn -0.7715 -0.5381 -0.3393
vn -0.6680 -0.4673 -0.5791
vn -0.8232 -0.4046 -0.3983
vn -0.6602 -0.6442 -0.3861
vn -0.7727 -0.3624 -0.5211
vn -0.6044 -0.6144 -0.5071
vn -0.1545 0.6406 -0.7522
vn -0.4562 0.4983 -0.7373
vn -0.2411 0.7169 -0.6541
vn -0.1657 0.4990 -0.8506
vn -0.8625 0.0980 -0.4965
vn -0.7020 0.3048 -0.6436
vn -0.8542 0.2575 -0.4517
vn -0.8089 -0.0000 -0.5880
vn -0.3845 0.8065 -0.4491
vn -0.5335 0.5701 -0.6248
vn -0.3164 0.7716 -0.5519
vn -0.5266 0.7369 -0.4238
vn -0.3905 0.6518 -0.6501
vn -0.1819 0.1162 -0.9764
vn -0.4832 0.3250 -0.8129
vn -0.1744 0.3232 -0.9301
vn -0.3538 0.0000 -0.9353
vn -0.3298 0.4216 -0.8447
vn -0.7715 0.5381 -0.3393
vn -0.6680 0.4673 -0.5791
vn -0.8232 0.4046 -0.3983
vn -0.6602 0.6442 -0.3861
vn -0.7727 0.3624 -0.5211
vn -0.6044 0.6144 -0.5071
vn -0.6246 -0.2121 -0.7516
vn -0.6246 0.2121 -0.7516
vn -0.7312 -0.1052 -0.6740
vn -0.5074 -0.1146 -0.8541
vn -0.7312 0.1052 -0.6740
vn -0.5074 0.1146 -0.8541
vn -0.5745 0.8151 0.0750
vn -0.7281 0.6494 0.2195
vn -0.5328 0.8237 0.1938
vn -0.6637 0.7480 0.0074
vn -0.8832 0.1491 0.4446
vn -0.8363 0.4241 0.3474
vn -0.4335 0.8038 0.4074
vn -0.6844 0.6451 0.3397
vn -0.4849 0.8196 0.3052
vn -0.6129 0.7435 0.2676
vn -0.8207 0.5601 -0.1123
vn -0.8166 0.5577 0.1491
vn -0.7464 0.6633 -0.0549
vn -0.7453 0.6623 0.0767
vn -0.5745 -0.8151 0.0750
vn -0.7281 -0.6494 0.2195
vn -0.5328 -0.8237 0.1938
vn -0.6637 -0.7480 0.0074
vn -0.8832 -0.1491 0.4446
vn -0.8363 -0.4241 0.3474
vn -0.4335 -0.8038 0.4074
vn -0.6844 -0.6451 0.3397
vn -0.4849 -0.8196 0.3052
vn -0.6129 -0.7435 0.2676
vn -0.8207 -0.5601 -0.1123
vn -0.8166 -0.5577 0.1491
vn -0.7464 -0.6633 -0.0549
vn -0.7453 -0.6623 0.0767
vn -0.1582 -0.6555 0.7385
vn -0.4620 -0.5046 0.7294
vn -0.2390 -0.7106 0.6618
vn -0.1775 -0.5352 0.8259
vn -0.8298 -0.0940 0.5501
vn -0.6880 -0.2982 0.6616
vn -0.8224 -0.2478 0.5121
vn -0.3717 -0.7797 0.5039
vn -0.5231 -0.5590 0.6434
vn -0.3077 -0.7504 0.5850
vn -0.5088 -0.7122 0.4836
vn -0.3860 -0.6441 0.6605
vn -0.2126 -0.1357 0.9677
vn -0.5042 -0.3391 0.7942
vn -0.1967 -0.3647 0.9101
vn -0.3513 -0.4492 0.8215
vn -0.7489 -0.5220 0.4083
vn -0.6485 -0.4536 0.6113
vn -0.7947 -0.3905 0.4646
vn -0.6386 -0.6232 0.4514
vn -0.7453 -0.3495 0.5678
vn -0.5839 -0.5937 0.5537
vn -0.1582 0.6555 0.7385
vn -0.4620 0.5046 0.7294
vn -0.2390 0.7106 0.6618
vn -0.1775 0.5352 0.8259
vn -0.8298 0.0940 0.5501
vn -0.6880 0.2982 0.6616
vn -0.8224 0.2478 0.5121
vn -0.7837 0.0000 0.6212
vn -0.3717 0.7797 0.5039
vn -0.5231 0.5590 0.6434
vn -0.3077 0.7504 0.5850
vn -0.5088 0.7122 0.4836
vn -0.3860 0.6441 0.6605
vn -0.2126 0.1357 0.9677
vn -0.5042 0.3391 0.7942
vn -0.1967 0.3647 0.9101
vn -0.3982 -0.0000 0.9173
vn -0.3513 0.4492 0.8215
vn -0.7489 0.5220 0.4083
vn -0.6485 0.4536 0.6113
vn -0.7947 0.3905 0.4646
vn -0.6386 0.6232 0.4514
vn -0.7453 0.3495 0.5678
vn -0.5839 0.5937 0.5537
vn -0.6320 -0.2144 0.7447
vn -0.6320 0.2144 0.7447
vn -0.7208 -0.1037 0.6853
vn -0.5396 -0.1219 0.8330
vn -0.7208 0.1037 0.6853
vn -0.5396 0.1219 0.8330
vn -0.9509 0.0000 -0.3094
vn -0.9947 -0.0000 -0.1028
vn -0.9509 0.1522 -0.2694
vn -0.9509 -0.1522 -0.2694
vn -0.9249 0.0000 0.3802
vn -0.9906 -0.0000 0.1371
vn -0.9295 0.1487 0.3376
vn -0.9295 -0.1487 0.3376
vn -0.8855 0.4322 -0.1706
vn -0.9868 0.1518 -0.0557
vn -0.9282 0.2972 -0.2237
vn -0.8976 0.4371 -0.0568
vn -0.9750 0.1502 -0.1637
vn -0.8855 -0.4322 -0.1706
vn -0.9868 -0.1518 -0.0557
vn -0.9282 -0.2972 -0.2237
vn -0.8976 -0.4371 -0.0568
vn -0.9750 -0.1502 -0.1637
vn -0.8759 0.4279 0.2230
vn -0.9852 0.1525 0.0781
vn -0.9126 0.2921 0.2862
vn -0.8964 0.4361 0.0796
vn -0.9654 0.1487 0.2143
vn -0.9552 0.2960 0.0080
vn -0.8759 -0.4279 0.2230
vn -0.9852 -0.1525 0.0781
vn -0.9126 -0.2921 0.2862
vn -0.8964 -0.4361 0.0796
vn -0.9654 -0.1487 0.2143
vn -0.9552 -0.2960 0.0080
f 1//1 533//533 197//197
f 533//533 138//138 535//535
f 197//197 535//535 54//54
f 533//533 535//535 197//197
f 138//138 534//534 542//542
f 534//534 38//38 540//540
f 542//542 540//540 140//140
f 534//534 540//540 542//542
f 54//54 541//541 198//198
f 541//541 140//140 539//539
f 198//198 539//539 17//17
f 541//541 539//539 198//198
f 138//138 542//542 535//535
f 542//542 140//140 541//541
f 535//535 541//541 54//54
f 542//542 541//541 535//535
f 38//38 538//538 601//601
f 538//538 139//139 603//603
f 601//601 603//603 155//155
f 538//538 603//603 601//601
f 139//139 537//537 589//589
f 537//537 12//12 587//587
f 589//589 587//587 152//152
f 537//537 587//587 589//589
f 155//155 605//605 602//602
f 605//605 152//152 588//588
f 602//602 588//588 41//41
f 605//605 588//588 602//602
f 139//139 589//589 603//603
f 589//589 152//152 605//605
f 603//603 605//605 155//155
f 589//589 605//605 603//603
f 17//17 591//591 201//201
f 591//591 153//153 593//593
f 201//201 593//593 55//55
f 591//591 593//593 201//201
f 153//153 592//592 595//595
f 592//592 41//41 584//584
f 595//595 584//584 151//151
f 592//592 584//584 595//595
f 55//55 585//585 200//200
f 585//585 151//151 583//583
f 200//200 583//583 6//6
f 585//585 583//583 200//200
f 153//153 595//595 593//593
f 595//595 151//151 585//585
f 593//593 585//585 55//55
f 595//595 585//585 593//593
f 38//38 601//601 540//540
f 601//601 155//155 604//604
f 540//540 604//604 140//140
f 601//601 604//604 540//540
f 155//155 602//602 606//606
f 602//602 41//41 592//592
f 606//606 592//592 153//153
f 602//602 592//592 606//606
f 140//140 594//594 539//539
f 594//594 153//153 591//591
f 539//539 591//591 17//17
f 594//594 591//591 539//539
f 155//155 606//606 604//604
f 606//606 153//153 594//594
f 604//604 594//594 140//140
f 606//606 594//594 604//604
f 1//1 197//197 163//163
f 197//197 54//54 199//199
f 163//163 199//199 43//43
f 197//197 199//199 163//163
f 54//54 198//198 205//205
f 198//198 17//17 203//203
f 205//205 203//203 56//56
f 198//198 203//203 205//205
f 43//43 204//204 164//164
f 204//204 56//56 202//202
f 164//164 202//202 13//13
f 204//204 202//202 164//164
f 54//54 205//205 199//199
f 205//205 56//56 204//204
f 199//199 204//204 43//43
f 205//205 204//204 199//199
f 17//17 201//201 217//217
f 201//201 55//55 219//219
f 217//217 219//219 60//60
f 201//201 219//219 217//217
f 55//55 200//200 211//211
f 200//200 6//6 209//209
f 211//211 209//209 58//58
f 200//200 209//209 211//211
f 60//60 221//221 218//218
f 221//221 58//58 210//210
f 218//218 210//210 18//18
f 221//221 210//210 218//218
f 55//55 211//211 219//219
f 211//211 58//58 221//221
f 219//219 221//221 60//60
f 211//211 221//221 219//219
f 13//13 212//212 166//166
f 212//212 59//59 214//214
f 166//166 214//214 44//44
f 212//212 214//214 166//166
f 59//59 213//213 216//216
f 213//213 18//18 207//207
f 216//216 207//207 57//57
f 213//213 207//207 216//216
f 44//44 208//208 165//165
f 208//208 57//57 206//206
f 165//165 206//206 2//2
f 208//208 206//206 165//165
f 59//59 216//216 214//214
f 216//216 57//57 208//208
f 214//214 208//208 44//44
f 216//216 208//208 214//214
f 17//17 217//217 203//203
f 217//217 60//60 220//220
f 203//203 220//220 56//56
f 217//217 220//220 203//203
f 60//60 218//218 222//222
f 218//218 18//18 213//213
f 222//222 213//213 59//59
f 218//218 213//213 222//222
f 56//56 215//215 202//202
f 215//215 59//59 212//212
f 202//202 212//212 13//13
f 215//215 212//212 202//202
f 60//60 222//222 220//220
f 222//222 59//59 215//215
f 220//220 215//215 56//56
f 222//222 215//215 220//220
f 1//1 163//163 253//253
f 163//163 43//43 255//255
f 253//253 255//255 70//70
f 163//163 255//255 253//253
f 43//43 164//164 260//260
f 164//164 13//13 258//258
f 260//260 258//258 72//72
f 164//164 258//258 260//260
f 70//70 261//261 254//254
f 261//261 72//72 259//259
f 254//254 259//259 22//22
f 261//261 259//259 254//254
f 43//43 260//260 255//255
f 260//260 72//72 261//261
f 255//255 261//261 70//70
f 260//260 261//261 255//255
f 13//13 166//166 268//268
f 166//166 44//44 270//270
f 268//268 270//270 75//75
f 166//166 270//270 268//268
f 44//44 165//165 264//264
f 165//165 2//2 262//262
f 264//264 262//262 73//73
f 165//165 262//262 264//264
f 75//75 272//272 269//269
f 272//272 73//73 263//263
f 269//269 263//263 23//23
f 272//272 263//263 269//269
f 44//44 264//264 270//270
f 264//264 73//73 272//272
f 270//270 272//272 75//75
f 264//264 272//272 270//270
f 22//22 273//273 257//257
f 273//273 76//76 275//275
f 257//257 275//275 71//71
f 273//273 275//275 257//257
f 76//76 274//274 277//277
f 274//274 23//23 266//266
f 277//277 266//266 74//74
f 274//274 266//266 277//277
f 71//71 267//267 256//256
f 267//267 74//74 265//265
f 256//256 265//265 8//8
f 267//267 265//265 256//256
f 76//76 277//277 275//275
f 277//277 74//74 267//267
f 275//275 267//267 71//71
f 277//277 267//267 275//275
f 13//13 268//268 258//258
f 268//268 75//75 271//271
f 258//258 271//271 72//72
f 268//268 271//271 258//258
f 75//75 269//269 278//278
f 269//269 23//23 274//274
f 278//278 274//274 76//76
f 269//269 274//274 278//278
f 72//72 276//276 259//259
f 276//276 76//76 273//273
f 259//259 273//273 22//22
f 276//276 273//273 259//259
f 75//75 278//278 271//271
f 278//278 76//76 276//276
f 271//271 276//276 72//72
f 278//278 276//276 271//271
f 1//1 253//253 463//463
f 253//253 70//70 465//465
f 463//463 465//465 121//121
f 253//253 465//465 463//463
f 70//70 254//254 470//470
f 254//254 22//22 468//468
f 470//470 468//468 123//123
f 254//254 468//468 470//470
f 121//121 471//471 464//464
f 471//471 123//123 469//469
f 464//464 469//469 34//34
f 471//471 469//469 464//464
f 70//70 470//470 465//465
f 470//470 123//123 471//471
f 465//465 471//471 121//121
f 470//470 471//471 465//465
f 22//22 257//257 511//511
f 257//257 71//71 513//513
f 511//511 513//513 134//134
f 257//257 513//513 511//511
f 71//71 256//256 505//505
f 256//256 8//8 503//503
f 505//505 503//503 132//132
f 256//256 503//503 505//505
f 134//134 515//515 512//512
f 515//515 132//132 504//504
f 512//512 504//504 37//37
f 515//515 504//504 512//512
f 71//71 505//505 513//513
f 505//505 132//132 515//515
f 513//513 515//515 134//134
f 505//505 515//515 513//513
f 34//34 521//521 467//467
f 521//521 136//136 523//523
f 467//467 523//523 122//122
f 521//521 523//523 467//467
f 136//136 522//522 525//525
f 522//522 37//37 508//508
f 525//525 508//508 133//133
f 522//522 508//508 525//525
f 122//122 509//509 466//466
f 509//509 133//133 507//507
f 466//466 507//507 11//11
f 509//509 507//507 466//466
f 136//136 525//525 523//523
f 525//525 133//133 509//509
f 523//523 509//509 122//122
f 525//525 509//509 523//523
f 22//22 511//511 468//468
f 511//511 134//134 514//514
f 468//468 514//514 123//123
f 511//511 514//514 468//468
f 134//134 512//512 526//526
f 512//512 37//37 522//522
f 526//526 522//522 136//136
f 512//512 522//522 526//526
f 123//123 524//524 469//469
f 524//524 136//136 521//521
f 469//469 521//521 34//34
f 524//524 521//521 469//469
f 134//134 526//526 514//514
f 526//526 136//136 524//524
f 514//514 524//524 123//123
f 526//526 524//524 514//514
f 1//1 463//463 533//533
f 463//463 121//121 536//536
f 533//533 536//536 138//138
f 463//463 536//536 533//533
f 121//121 464//464 545//545
f 464//464 34//34 543//543
f 545//545 543//543 141//141
f 464//464 543//543 545//545
f 138//138 546//546 534//534
f 546//546 141//141 544//544
f 534//534 544//544 38//38
f 546//546 544//544 534//534
f 121//121 545//545 536//536
f 545//545 141//141 546//546
f 536//536 546//546 138//138
f 545//545 546//546 536//536
f 34//34 467//467 621//621
f 467//467 122//122 623//623
f 621//621 623//623 159//159
f 467//467 623//623 621//621
f 122//122 466//466 615//615
f 466//466 11//11 613//613
f 615//615 613//613 157//157
f 466//466 613//613 615//615
f 159//159 625//625 622//622
f 625//625 157//157 614//614
f 622//622 614//614 42//42
f 625//625 614//614 622//622
f 122//122 615//615 623//623
f 615//615 157//157 625//625
f 623//623 625//625 159//159
f 615//615 625//625 623//623
f 38//38 631//631 538//538
f 631//631 161//161 633//633
f 538//538 633//633 139//139
f 631//631 633//633 538//538
f 161//161 632//632 635//635
f 632//632 42//42 618//618
f 635//635 618//618 158//158
f 632//632 618//618 635//635
f 139//139 619//619 537//537
f 619//619 158//158 617//617
f 537//537 617//617 12//12
f 619//619 617//617 537//537
f 161//161 635//635 633//633
f 635//635 158//158 619//619
f 633//633 619//619 139//139
f 635//635 619//619 633//633
f 34//34 621//621 543//543
f 621//621 159//159 624//624
f 543//543 624//624 141//141
f 621//621 624//624 543//543
f 159//159 622//622 636//636
f 622//622 42//42 632//632
f 636//636 632//632 161//161
f 622//622 632//632 636//636
f 141//141 634//634 544//544
f 634//634 161//161 631//631
f 544//544 631//631 38//38
f 634//634 631//631 544//544
f 159//159 636//636 624//624
f 636//636 161//161 634//634
f 624//624 634//634 141//141
f 636//636 634//634 624//624
f 2//2 206//206 353//353
f 206//206 57//57 355//355
f 353//353 355//355 96//96
f 206//206 355//355 353//353
f 57//57 207//207 361//361
f 207//207 18//18 359//359
f 361//361 359//359 98//98
f 207//207 359//359 361//361
f 96//96 362//362 354//354
f 362//362 98//98 360//360
f 354//354 360//360 29//29
f 362//362 360//360 354//354
f 57//57 361//361 355//355
f 361//361 98//98 362//362
f 355//355 362//362 96//96
f 361//361 362//362 355//355
f 18//18 210//210 411//411
f 210//210 58//58 413//413
f 411//411 413//413 111//111
f 210//210 413//413 411//411
f 58//58 209//209 405//405
f 209//209 6//6 403//403
f 405//405 403//403 109//109
f 209//209 403//403 405//405
f 111//111 415//415 412//412
f 415//415 109//109 404//404
f 412//412 404//404 32//32
f 415//415 404//404 412//412
f 58//58 405//405 413//413
f 405//405 109//109 415//415
f 413//413 415//415 111//111
f 405//405 415//415 413//413
f 29//29 421//421 358//358
f 421//421 113//113 423//423
f 358//358 423//423 97//97
f 421//421 423//423 358//358
f 113//113 422//422 425//425
f 422//422 32//32 408//408
f 425//425 408//408 110//110
f 422//422 408//408 425//425
f 97//97 409//409 357//357
f 409//409 110//110 407//407
f 357//357 407//407 10//10
f 409//409 407//407 357//357
f 113//113 425//425 423//423
f 425//425 110//110 409//409
f 423//423 409//409 97//97
f 425//425 409//409 423//423
f 18//18 411//411 359//359
f 411//411 111//111 414//414
f 359//359 414//414 98//98
f 411//411 414//414 359//359
f 111//111 412//412 426//426
f 412//412 32//32 422//422
f 426//426 422//422 113//113
f 412//412 422//422 426//426
f 98//98 424//424 360//360
f 424//424 113//113 421//421
f 360//360 421//421 29//29
f 424//424 421//421 360//360
f 111//111 426//426 414//414
f 426//426 113//113 424//424
f 414//414 424//424 98//98
f 426//426 424//424 414//414
f 6//6 583//583 225//225
f 583//583 151//151 586//586
f 225//225 586//586 62//62
f 583//583 586//586 225//225
f 151//151 584//584 600//600
f 584//584 41//41 597//597
f 600//600 597//597 154//154
f 584//584 597//597 600//600
f 62//62 598//598 226//226
f 598//598 154//154 596//596
f 226//226 596//596 19//19
f 598//598 596//596 226//226
f 151//151 600//600 586//586
f 600//600 154//154 598//598
f 586//586 598//598 62//62
f 600//600 598//598 586//586
f 41//41 588//588 608//608
f 588//588 152//152 611//611
f 608//608 611//611 156//156
f 588//588 611//611 608//608
f 152//152 587//587 590//590
f 587//587 12//12 565//565
f 590//590 565//565 147//147
f 587//587 565//565 590//590
f 156//156 609//609 607//607
f 609//609 147//147 566//566
f 607//607 566//566 40//40
f 609//609 566//566 607//607
f 152//152 590//590 611//611
f 590//590 147//147 609//609
f 611//611 609//609 156//156
f 590//590 609//609 611//611
f 19//19 573//573 224//224
f 573//573 149//149 575//575
f 224//224 575//575 61//61
f 573//573 575//575 224//224
f 149//149 574//574 576//576
f 574//574 40//40 562//562
f 576//576 562//562 146//146
f 574//574 562//562 576//576
f 61//61 564//564 223//223
f 564//564 146//146 561//561
f 223//223 561//561 5//5
f 564//564 561//561 223//223
f 149//149 576//576 575//575
f 576//576 146//146 564//564
f 575//575 564//564 61//61
f 576//576 564//564 575//575
f 41//41 608//608 597//597
f 608//608 156//156 612//612
f 597//597 612//612 154//154
f 608//608 612//612 597//597
f 156//156 607//607 610//610
f 607//607 40//40 574//574
f 610//610 574//574 149//149
f 607//607 574//574 610//610
f 154//154 599//599 596//596
f 599//599 149//149 573//573
f 596//596 573//573 19//19
f 599//599 573//573 596//596
f 156//156 610//610 612//612
f 610//610 149//149 599//599
f 612//612 599//599 154//154
f 610//610 599//599 612//612
f 12//12 617//617 551//551
f 617//617 158//158 620//620
f 551//551 620//620 143//143
f 617//617 620//620 551//551
f 158//158 618//618 641//641
f 618//618 42//42 638//638
f 641//641 638//638 162//162
f 618//618 638//638 641//641
f 143//143 639//639 552//552
f 639//639 162//162 637//637
f 552//552 637//637 39//39
f 639//639 637//637 552//552
f 158//158 641//641 620//620
f 641//641 162//162 639//639
f 620//620 639//639 143//143
f 641//641 639//639 620//620
f 42//42 614//614 627//627
f 614//614 157//157 630//630
f 627//627 630//630 160//160
f 614//614 630//630 627//627
f 157//157 613//613 616//616
f 613//613 11//11 475//475
f 616//616 475//475 125//125
f 613//613 475//475 616//616
f 160//160 628//628 626//626
f 628//628 125//125 476//476
f 626//626 476//476 35//35
f 628//628 476//476 626//626
f 157//157 616//616 630//630
f 616//616 125//125 628//628
f 630//630 628//628 160//160
f 616//616 628//628 630//630
f 39//39 558//558 548//548
f 558//558 145//145 560//560
f 548//548 560//560 142//142
f 558//558 560//560 548//548
f 145//145 557//557 559//559
f 557//557 35//35 473//473
f 559//559 473//473 124//124
f 557//557 473//473 559//559
f 142//142 550//550 547//547
f 550//550 124//124 472//472
f 547//547 472//472 3//3
f 550//550 472//472 547//547
f 145//145 559//559 560//560
f 559//559 124//124 550//550
f 560//560 550//550 142//142
f 559//559 550//550 560//560
f 42//42 627//627 638//638
f 627//627 160//160 642//642
f 638//638 642//642 162//162
f 627//627 642//642 638//638
f 160//160 626//626 629//629
f 626//626 35//35 557//557
f 629//629 557//557 145//145
f 626//626 557//557 629//629
f 162//162 640//640 637//637
f 640//640 145//145 558//558
f 637//637 558//558 39//39
f 640//640 558//558 637//637
f 160//160 629//629 642//642
f 629//629 145//145 640//640
f 642//642 640//640 162//162
f 629//629 640//640 642//642
f 11//11 507//507 485//485
f 507//507 133//133 510//510
f 485//485 510//510 128//128
f 507//507 510//510 485//485
f 133//133 508//508 531//531
f 508//508 37//37 528//528
f 531//531 528//528 137//137
f 508//508 528//528 531//531
f 128//128 529//529 486//486
f 529//529 137//137 527//527
f 486//486 527//527 36//36
f 529//529 527//527 486//486
f 133//133 531//531 510//510
f 531//531 137//137 529//529
f 510//510 529//529 128//128
f 531//531 529//529 510//510
f 37//37 504//504 517//517
f 504//504 132//132 520//520
f 517//517 520//520 135//135
f 504//504 520//520 517//517
f 132//132 503//503 506//506
f 503//503 8//8 281//281
f 506//506 281//281 78//78
f 503//503 281//281 506//506
f 135//135 518//518 516//516
f 518//518 78//78 282//282
f 516//516 282//282 24//24
f 518//518 282//282 516//516
f 132//132 506//506 520//520
f 506//506 78//78 518//518
f 520//520 518//518 135//135
f 506//506 518//518 520//520
f 36//36 494//494 482//482
f 494//494 130//130 496//496
f 482//482 496//496 127//127
f 494//494 496//496 482//482
f 130//130 493//493 495//495
f 493//493 24//24 280//280
f 495//495 280//280 77//77
f 493//493 280//280 495//495
f 127//127 484//484 481//481
f 484//484 77//77 279//279
f 481//481 279//279 7//7
f 484//484 279//279 481//481
f 130//130 495//495 496//496
f 495//495 77//77 484//484
f 496//496 484//484 127//127
f 495//495 484//484 496//496
f 37//37 517//517 528//528
f 517//517 135//135 532//532
f 528//528 532//532 137//137
f 517//517 532//532 528//528
f 135//135 516//516 519//519
f 516//516 24//24 493//493
f 519//519 493//493 130//130
f 516//516 493//493 519//519
f 137//137 530//530 527//527
f 530//530 130//130 494//494
f 527//527 494//494 36//36
f 530//530 494//494 527//527
f 135//135 519//519 532//532
f 519//519 130//130 530//530
f 532//532 530//530 137//137
f 519//519 530//530 532//532
f 8//8 265//265 323//323
f 265//265 74//74 325//325
f 323//323 325//325 90//90
f 265//265 325//325 323//323
f 74//74 266//266 333//333
f 266//266 23//23 331//331
f 333//333 331//331 92//92
f 266//266 331//331 333//333
f 90//90 335//335 324//324
f 335//335 92//92 332//332
f 324//324 332//332 28//28
f 335//335 332//332 324//324
f 74//74 333//333 325//325
f 333//333 92//92 335//335
f 325//325 335//335 90//90
f 333//333 335//335 325//325
f 23//23 263//263 288//288
f 263//263 73//73 290//290
f 288//288 290//290 81//81
f 263//263 290//290 288//288
f 73//73 262//262 285//285
f 262//262 2//2 283//283
f 285//285 283//283 79//79
f 262//262 283//283 285//285
f 81//81 291//291 289//289
f 291//291 79//79 284//284
f 289//289 284//284 25//25
f 291//291 284//284 289//289
f 73//73 285//285 290//290
f 285//285 79//79 291//291
f 290//290 291//291 81//81
f 285//285 291//291 290//290
f 28//28 342//342 328//328
f 342//342 94//94 345//345
f 328//328 345//345 91//91
f 342//342 345//345 328//328
f 94//94 341//341 343//343
f 341//341 25//25 287//287
f 343//343 287//287 80//80
f 341//341 287//287 343//343
f 91//91 329//329 327//327
f 329//329 80//80 286//286
f 327//327 286//286 9//9
f 329//329 286//286 327//327
f 94//94 343//343 345//345
f 343//343 80//80 329//329
f 345//345 329//329 91//91
f 343//343 329//329 345//345
f 23//23 288//288 331//331
f 288//288 81//81 334//334
f 331//331 334//334 92//92
f 288//288 334//334 331//331
f 81//81 289//289 344//344
f 289//289 25//25 341//341
f 344//344 341//341 94//94
f 289//289 341//341 344//344
f 92//92 346//346 332//332
f 346//346 94//94 342//342
f 332//332 342//342 28//28
f 346//346 342//342 332//332
f 81//81 344//344 334//334
f 344//344 94//94 346//346
f 334//334 346//346 92//92
f 344//344 346//346 334//334
f 4//4 367//367 180//180
f 367//367 100//100 369//369
f 180//180 369//369 50//50
f 367//367 369//369 180//180
f 100//100 368//368 376//376
f 368//368 30//30 374//374
f 376//376 374//374 102//102
f 368//368 374//374 376//376
f 50//50 375//375 181//181
f 375//375 102//102 373//373
f 181//181 373//373 16//16
f 375//375 373//373 181//181
f 100//100 376//376 369//369
f 376//376 102//102 375//375
f 369//369 375//375 50//50
f 376//376 375//375 369//369
f 30//30 372//372 397//397
f 372//372 101//101 399//399
f 397//397 399//399 108//108
f 372//372 399//399 397//397
f 101//101 371//371 387//387
f 371//371 10//10 385//385
f 387//387 385//385 105//105
f 371//371 385//385 387//387
f 108//108 401//401 398//398
f 401//401 105//105 386//386
f 398//398 386//386 31//31
f 401//401 386//386 398//398
f 101//101 387//387 399//399
f 387//387 105//105 401//401
f 399//399 401//401 108//108
f 387//387 401//401 399//399
f 16//16 388//388 184//184
f 388//388 106//106 390//390
f 184//184 390//390 51//51
f 388//388 390//390 184//184
f 106//106 389//389 392//392
f 389//389 31//31 382//382
f 392//392 382//382 104//104
f 389//389 382//382 392//392
f 51//51 383//383 183//183
f 383//383 104//104 381//381
f 183//183 381//381 5//5
f 383//383 381//381 183//183
f 106//106 392//392 390//390
f 392//392 104//104 383//383
f 390//390 383//383 51//51
f 392//392 383//383 390//390
f 30//30 397//397 374//374
f 397//397 108//108 400//400
f 374//374 400//400 102//102
f 397//397 400//400 374//374
f 108//108 398//398 402//402
f 398//398 31//31 389//389
f 402//402 389//389 106//106
f 398//398 389//389 402//402
f 102//102 391//391 373//373
f 391//391 106//106 388//388
f 373//373 388//388 16//16
f 391//391 388//388 373//373
f 108//108 402//402 400//400
f 402//402 106//106 391//391
f 400//400 391//391 102//102
f 402//402 391//391 400//400
f 4//4 180//180 169//169
f 180//180 50//50 182//182
f 169//169 182//182 46//46
f 180//180 182//182 169//169
f 50//50 181//181 190//190
f 181//181 16//16 187//187
f 190//190 187//187 52//52
f 181//181 187//187 190//190
f 46//46 188//188 170//170
f 188//188 52//52 186//186
f 170//170 186//186 14//14
f 188//188 186//186 170//170
f 50//50 190//190 182//182
f 190//190 52//52 188//188
f 182//182 188//188 46//46
f 190//190 188//188 182//182
f 16//16 184//184 192//192
f 184//184 51//51 195//195
f 192//192 195//195 53//53
f 184//184 195//195 192//192
f 51//51 183//183 185//185
f 183//183 5//5 174//174
f 185//185 174//174 48//48
f 183//183 174//174 185//185
f 53//53 193//193 191//191
f 193//193 48//48 175//175
f 191//191 175//175 15//15
f 193//193 175//175 191//191
f 51//51 185//185 195//195
f 185//185 48//48 193//193
f 195//195 193//193 53//53
f 185//185 193//193 195//195
f 14//14 176//176 168//168
f 176//176 49//49 178//178
f 168//168 178//178 45//45
f 176//176 178//178 168//168
f 49//49 177//177 179//179
f 177//177 15//15 172//172
f 179//179 172//172 47//47
f 177//177 172//172 179//179
f 45//45 173//173 167//167
f 173//173 47//47 171//171
f 167//167 171//171 3//3
f 173//173 171//171 167//167
f 49//49 179//179 178//178
f 179//179 47//47 173//173
f 178//178 173//173 45//45
f 179//179 173//173 178//178
f 16//16 192//192 187//187
f 192//192 53//53 196//196
f 187//187 196//196 52//52
f 192//192 196//196 187//187
f 53//53 191//191 194//194
f 191//191 15//15 177//177
f 194//194 177//177 49//49
f 191//191 177//177 194//194
f 52//52 189//189 186//186
f 189//189 49//49 176//176
f 186//186 176//176 14//14
f 189//189 176//176 186//186
f 53//53 194//194 196//196
f 194//194 49//49 189//189
f 196//196 189//189 52//52
f 194//194 189//189 196//196
f 4//4 169//169 236//236
f 169//169 46//46 238//238
f 236//236 238//238 66//66
f 169//169 238//238 236//236
f 46//46 170//170 244//244
f 170//170 14//14 242//242
f 244//244 242//242 68//68
f 170//170 242//242 244//244
f 66//66 246//246 237//237
f 246//246 68//68 243//243
f 237//237 243//243 21//21
f 246//246 243//243 237//237
f 46//46 244//244 238//238
f 244//244 68//68 246//246
f 238//238 246//246 66//66
f 244//244 246//246 238//238
f 14//14 168//168 232//232
f 168//168 45//45 234//234
f 232//232 234//234 65//65
f 168//168 234//234 232//232
f 45//45 167//167 229//229
f 167//167 3//3 227//227
f 229//229 227//227 63//63
f 167//167 227//227 229//229
f 65//65 235//235 233//233
f 235//235 63//63 228//228
f 233//233 228//228 20//20
f 235//235 228//228 233//233
f 45//45 229//229 234//234
f 229//229 63//63 235//235
f 234//234 235//235 65//65
f 229//229 235//235 234//234
f 21//21 248//248 240//240
f 248//248 69//69 251//251
f 240//240 251//251 67//67
f 248//248 251//251 240//240
f 69//69 247//247 249//249
f 247//247 20//20 231//231
f 249//249 231//231 64//64
f 247//247 231//231 249//249
f 67//67 241//241 239//239
f 241//241 64//64 230//230
f 239//239 230//230 7//7
f 241//241 230//230 239//239
f 69//69 249//249 251//251
f 249//249 64//64 241//241
f 251//251 241//241 67//67
f 249//249 241//241 251//251
f 14//14 232//232 242//242
f 232//232 65//65 245//245
f 242//242 245//245 68//68
f 232//232 245//245 242//242
f 65//65 233//233 250//250
f 233//233 20//20 247//247
f 250//250 247//247 69//69
f 233//233 247//247 250//250
f 68//68 252//252 243//243
f 252//252 69//69 248//248
f 243//243 248//248 21//21
f 252//252 248//248 243//243
f 65//65 250//250 245//245
f 250//250 69//69 252//252
f 245//245 252//252 68//68
f 250//250 252//252 245//245
f 4//4 236//236 292//292
f 236//236 66//66 294//294
f 292//292 294//294 82//82
f 236//236 294//294 292//292
f 66//66 237//237 299//299
f 237//237 21//21 297//297
f 299//299 297//297 84//84
f 237//237 297//297 299//299
f 82//82 300//300 293//293
f 300//300 84//84 298//298
f 293//293 298//298 26//26
f 300//300 298//298 293//293
f 66//66 299//299 294//294
f 299//299 84//84 300//300
f 294//294 300//300 82//82
f 299//299 300//300 294//294
f 21//21 240//240 308//308
f 240//240 67//67 310//310
f 308//308 310//310 87//87
f 240//240 310//310 308//308
f 67//67 239//239 303//303
f 239//239 7//7 301//301
f 303//303 301//301 85//85
f 239//239 301//301 303//303
f 87//87 312//312 309//309
f 312//312 85//85 302//302
f 309//309 302//302 27//27
f 312//312 302//302 309//309
f 67//67 303//303 310//310
f 303//303 85//85 312//312
f 310//310 312//312 87//87
f 303//303 312//312 310//310
f 26//26 317//317 296//296
f 317//317 89//89 319//319
f 296//296 319//319 83//83
f 317//317 319//319 296//296
f 89//89 318//318 321//321
f 318//318 27//27 306//306
f 321//321 306//306 86//86
f 318//318 306//306 321//321
f 83//83 307//307 295//295
f 307//307 86//86 305//305
f 295//295 305//305 9//9
f 307//307 305//305 295//295
f 89//89 321//321 319//319
f 321//321 86//86 307//307
f 319//319 307//307 83//83
f 321//321 307//307 319//319
f 21//21 308//308 297//297
f 308//308 87//87 311//311
f 297//297 311//311 84//84
f 308//308 311//311 297//297
f 87//87 309//309 322//322
f 309//309 27//27 318//318
f 322//322 318//318 89//89
f 309//309 318//318 322//322
f 84//84 320//320 298//298
f 320//320 89//89 317//317
f 298//298 317//317 26//26
f 320//320 317//317 298//298
f 87//87 322//322 311//311
f 322//322 89//89 320//320
f 311//311 320//320 84//84
f 322//322 320//320 311//311
f 4//4 292//292 367//367
f 292//292 82//82 370//370
f 367//367 370//370 100//100
f 292//292 370//370 367//367
f 82//82 293//293 379//379
f 293//293 26//26 377//377
f 379//379 377//377 103//103
f 293//293 377//377 379//379
f 100//100 380//380 368//368
f 380//380 103//103 378//378
f 368//368 378//378 30//30
f 380//380 378//378 368//368
f 82//82 379//379 370//370
f 379//379 103//103 380//380
f 370//370 380//380 100//100
f 379//379 380//380 370//370
f 26//26 296//296 446//446
f 296//296 83//83 448//448
f 446//446 448//448 118//118
f 296//296 448//448 446//446
f 83//83 295//295 436//436
f 295//295 9//9 433//433
f 436//436 433//433 115//115
f 295//295 433//433 436//436
f 118//118 450//450 447//447
f 450//450 115//115 434//434
f 447//447 434//434 33//33
f 450//450 434//434 447//447
f 83//83 436//436 448//448
f 436//436 115//115 450//450
f 448//448 450//450 118//118
f 436//436 450//450 448//448
f 30//30 457//457 372//372
f 457//457 120//120 459//459
f 372//372 459//459 101//101
f 457//457 459//459 372//372
f 120//120 458//458 461//461
f 458//458 33//33 438//438
f 461//461 438//438 116//116
f 458//458 438//438 461//461
f 101//101 440//440 371//371
f 440//440 116//116 437//437
f 371//371 437//437 10//10
f 440//440 437//437 371//371
f 120//120 461//461 459//459
f 461//461 116//116 440//440
f 459//459 440//440 101//101
f 461//461 440//440 459//459
f 26//26 446//446 377//377
f 446//446 118//118 449//449
f 377//377 449//449 103//103
f 446//446 449//449 377//377
f 118//118 447//447 462//462
f 447//447 33//33 458//458
f 462//462 458//458 120//120
f 447//447 458//458 462//462
f 103//103 460//460 378//378
f 460//460 120//120 457//457
f 378//378 457//457 30//30
f 460//460 457//457 378//378
f 118//118 462//462 449//449
f 462//462 120//120 460//460
f 449//449 460//460 103//103
f 462//462 460//460 449//449
f 5//5 381//381 223//223
f 381//381 104//104 384//384
f 223//223 384//384 61//61
f 381//381 384//384 223//223
f 104//104 382//382 396//396
f 382//382 31//31 394//394
f 396//396 394//394 107//107
f 382//382 394//394 396//396
f 61//61 395//395 224//224
f 395//395 107//107 393//393
f 224//224 393//393 19//19
f 395//395 393//393 224//224
f 104//104 396//396 384//384
f 396//396 107//107 395//395
f 384//384 395//395 61//61
f 396//396 395//395 384//384
f 31//31 386//386 427//427
f 386//386 105//105 429//429
f 427//427 429//429 114//114
f 386//386 429//429 427//427
f 105//105 385//385 410//410
f 385//385 10//10 407//407
f 410//410 407//407 110//110
f 385//385 407//407 410//410
f 114//114 431//431 428//428
f 431//431 110//110 408//408
f 428//428 408//408 32//32
f 431//431 408//408 428//428
f 105//105 410//410 429//429
f 410//410 110//110 431//431
f 429//429 431//431 114//114
f 410//410 431//431 429//429
f 19//19 416//416 226//226
f 416//416 112//112 418//418
f 226//226 418//418 62//62
f 416//416 418//418 226//226
f 112//112 417//417 420//420
f 417//417 32//32 404//404
f 420//420 404//404 109//109
f 417//417 404//404 420//420
f 62//62 406//406 225//225
f 406//406 109//109 403//403
f 225//225 403//403 6//6
f 406//406 403//403 225//225
f 112//112 420//420 418//418
f 420//420 109//109 406//406
f 418//418 406//406 62//62
f 420//420 406//406 418//418
f 31//31 427//427 394//394
f 427//427 114//114 430//430
f 394//394 430//430 107//107
f 427//427 430//430 394//394
f 114//114 428//428 432//432
f 428//428 32//32 417//417
f 432//432 417//417 112//112
f 428//428 417//417 432//432
f 107//107 419//419 393//393
f 419//419 112//112 416//416
f 393//393 416//416 19//19
f 419//419 416//416 393//393
f 114//114 432//432 430//430
f 432//432 112//112 419//419
f 430//430 419//419 107//107
f 432//432 419//419 430//430
f 3//3 171//171 547//547
f 171//171 47//47 549//549
f 547//547 549//549 142//142
f 171//171 549//549 547//547
f 47//47 172//172 555//555
f 172//172 15//15 553//553
f 555//555 553//553 144//144
f 172//172 553//553 555//555
f 142//142 556//556 548//548
f 556//556 144//144 554//554
f 548//548 554//554 39//39
f 556//556 554//554 548//548
f 47//47 555//555 549//549
f 555//555 144//144 556//556
f 549//549 556//556 142//142
f 555//555 556//556 549//549
f 15//15 175//175 568//568
f 175//175 48//48 570//570
f 568//568 570//570 148//148
f 175//175 570//570 568//568
f 48//48 174//174 563//563
f 174//174 5//5 561//561
f 563//563 561//561 146//146
f 174//174 561//561 563//563
f 148//148 572//572 569//569
f 572//572 146//146 562//562
f 569//569 562//562 40//40
f 572//572 562//562 569//569
f 48//48 563//563 570//570
f 563//563 146//146 572//572
f 570//570 572//572 148//148
f 563//563 572//572 570//570
f 39//39 577//577 552//552
f 577//577 150//150 579//579
f 552//552 579//579 143//143
f 577//577 579//579 552//552
f 150//150 578//578 581//581
f 578//578 40//40 566//566
f 581//581 566//566 147//147
f 578//578 566//566 581//581
f 143//143 567//567 551//551
f 567//567 147//147 565//565
f 551//551 565//565 12//12
f 567//567 565//565 551//551
f 150//150 581//581 579//579
f 581//581 147//147 567//567
f 579//579 567//567 143//143
f 581//581 567//567 579//579
f 15//15 568//568 553//553
f 568//568 148//148 571//571
f 553//553 571//571 144//144
f 568//568 571//571 553//553
f 148//148 569//569 582//582
f 569//569 40//40 578//578
f 582//582 578//578 150//150
f 569//569 578//578 582//582
f 144//144 580//580 554//554
f 580//580 150//150 577//577
f 554//554 577//577 39//39
f 580//580 577//577 554//554
f 148//148 582//582 571//571
f 582//582 150//150 580//580
f 571//571 580//580 144//144
f 582//582 580//580 571//571
f 7//7 230//230 481//481
f 230//230 64//64 483//483
f 481//481 483//483 127//127
f 230//230 483//483 481//481
f 64//64 231//231 490//490
f 231//231 20//20 488//488
f 490//490 488//488 129//129
f 231//231 488//488 490//490
f 127//127 492//492 482//482
f 492//492 129//129 489//489
f 482//482 489//489 36//36
f 492//492 489//489 482//482
f 64//64 490//490 483//483
f 490//490 129//129 492//492
f 483//483 492//492 127//127
f 490//490 492//492 483//483
f 20//20 228//228 477//477
f 228//228 63//63 479//479
f 477//477 479//479 126//126
f 228//228 479//479 477//477
f 63//63 227//227 474//474
f 227//227 3//3 472//472
f 474//474 472//472 124//124
f 227//227 472//472 474//474
f 126//126 480//480 478//478
f 480//480 124//124 473//473
f 478//478 473//473 35//35
f 480//480 473//473 478//478
f 63//63 474//474 479//479
f 474//474 124//124 480//480
f 479//479 480//480 126//126
f 474//474 480//480 479//479
f 36//36 498//498 486//486
f 498//498 131//131 501//501
f 486//486 501//501 128//128
f 498//498 501//501 486//486
f 131//131 497//497 499//499
f 497//497 35//35 476//476
f 499//499 476//476 125//125
f 497//497 476//476 499//499
f 128//128 487//487 485//485
f 487//487 125//125 475//475
f 485//485 475//475 11//11
f 487//487 475//475 485//485
f 131//131 499//499 501//501
f 499//499 125//125 487//487
f 501//501 487//487 128//128
f 499//499 487//487 501//501
f 20//20 477//477 488//488
f 477//477 126//126 491//491
f 488//488 491//491 129//129
f 477//477 491//491 488//488
f 126//126 478//478 500//500
f 478//478 35//35 497//497
f 500//500 497//497 131//131
f 478//478 497//497 500//500
f 129//129 502//502 489//489
f 502//502 131//131 498//498
f 489//489 498//498 36//36
f 502//502 498//498 489//489
f 126//126 500//500 491//491
f 500//500 131//131 502//502
f 491//491 502//502 129//129
f 500//500 502//502 491//491
f 9//9 305//305 327//327
f 305//305 86//86 330//330
f 327//327 330//330 91//91
f 305//305 330//330 327//327
f 86//86 306//306 349//349
f 306//306 27//27 347//347
f 349//349 347//347 95//95
f 306//306 347//347 349//349
f 91//91 351//351 328//328
f 351//351 95//95 348//348
f 328//328 348//348 28//28
f 351//351 348//348 328//328
f 86//86 349//349 330//330
f 349//349 95//95 351//351
f 330//330 351//351 91//91
f 349//349 351//351 330//330
f 27//27 302//302 314//314
f 302//302 85//85 316//316
f 314//314 316//316 88//88
f 302//302 316//316 314//314
f 85//85 301//301 304//304
f 301//301 7//7 279//279
f 304//304 279//279 77//77
f 301//301 279//279 304//304
f 88//88 315//315 313//313
f 315//315 77//77 280//280
f 313//313 280//280 24//24
f 315//315 280//280 313//313
f 85//85 304//304 316//316
f 304//304 77//77 315//315
f 316//316 315//315 88//88
f 304//304 315//315 316//316
f 28//28 337//337 324//324
f 337//337 93//93 340//340
f 324//324 340//340 90//90
f 337//337 340//340 324//324
f 93//93 336//336 338//338
f 336//336 24//24 282//282
f 338//338 282//282 78//78
f 336//336 282//282 338//338
f 90//90 326//326 323//323
f 326//326 78//78 281//281
f 323//323 281//281 8//8
f 326//326 281//281 323//323
f 93//93 338//338 340//340
f 338//338 78//78 326//326
f 340//340 326//326 90//90
f 338//338 326//326 340//340
f 27//27 314//314 347//347
f 314//314 88//88 350//350
f 347//347 350//350 95//95
f 314//314 350//350 347//347
f 88//88 313//313 339//339
f 313//313 24//24 336//336
f 339//339 336//336 93//93
f 313//313 336//336 339//339
f 95//95 352//352 348//348
f 352//352 93//93 337//337
f 348//348 337//337 28//28
f 352//352 337//337 348//348
f 88//88 339//339 350//350
f 339//339 93//93 352//352
f 350//350 352//352 95//95
f 339//339 352//352 350//350
f 10//10 437//437 357//357
f 437//437 116//116 439//439
f 357//357 439//439 97//97
f 437//437 439//439 357//357
f 116//116 438//438 455//455
f 438//438 33//33 452//452
f 455//455 452//452 119//119
f 438//438 452//452 455//455
f 97//97 453//453 358//358
f 453//453 119//119 451//451
f 358//358 451//451 29//29
f 453//453 451//451 358//358
f 116//116 455//455 439//439
f 455//455 119//119 453//453
f 439//439 453//453 97//97
f 455//455 453//453 439//439
f 33//33 434//434 442//442
f 434//434 115//115 445//445
f 442//442 445//445 117//117
f 434//434 445//445 442//442
f 115//115 433//433 435//435
f 433//433 9//9 286//286
f 435//435 286//286 80//80
f 433//433 286//286 435//435
f 117//117 443//443 441//441
f 443//443 80//80 287//287
f 441//441 287//287 25//25
f 443//443 287//287 441//441
f 115//115 435//435 445//445
f 435//435 80//80 443//443
f 445//445 443//443 117//117
f 435//435 443//443 445//445
f 29//29 364//364 354//354
f 364//364 99//99 366//366
f 354//354 366//366 96//96
f 364//364 366//366 354//354
f 99//99 363//363 365//365
f 363//363 25//25 284//284
f 365//365 284//284 79//79
f 363//363 284//284 365//365
f 96//96 356//356 353//353
f 356//356 79//79 283//283
f 353//353 283//283 2//2
f 356//356 283//283 353//353
f 99//99 365//365 366//366
f 365//365 79//79 356//356
f 366//366 356//356 96//96
f 365//365 356//356 366//366
f 33//33 442//442 452//452
f 442//442 117//117 456//456
f 452//452 456//456 119//119
f 442//442 456//456 452//452
f 117//117 441//441 444//444
f 441//441 25//25 363//363
f 444//444 363//363 99//99
f 441//441 363//363 444//444
f 119//119 454//454 451//451
f 454//454 99//99 364//364
f 451//451 364//364 29//29
f 454//454 364//364 451//451
f 117//117 444//444 456//456
f 444//444 99//99 454//454
f 456//456 454//454 119//119
f 444//444 454//454 456//456
o Head
g Head
usemtl PenguinBody
v -4.8602 11.4838 53.0000
v 9.8602 11.4838 53.0000
v -4.8602 -11.4838 53.0000
v 9.8602 -11.4838 53.0000
v 2.5000 -7.0974 64.0585
v 2.5000 7.0974 64.0585
v 2.5000 -7.0974 41.9415
v 2.5000 7.0974 41.9415
v 14.4091 0.0000 46.1655
v 14.4091 0.0000 59.8345
v -9.4091 0.0000 46.1655
v -9.4091 0.0000 59.8345
v 2.5000 13.5000 53.0000
v 2.5000 -13.5000 53.0000
v -1.8262 -10.9217 59.5000
v 6.8262 -10.9217 59.5000
v -1.8262 10.9217 59.5000
v 6.8262 10.9217 59.5000
v 2.5000 0.0000 66.0000
v -1.8262 -10.9217 46.5000
v 6.8262 -10.9217 46.5000
v -1.8262 10.9217 46.5000
v 6.8262 10.9217 46.5000
v 2.5000 0.0000 40.0000
v 13.8262 6.7500 48.9828
v 13.8262 -6.7500 48.9828
v 9.5000 -4.1717 42.4828
v 9.5000 4.1717 42.4828
v 13.8262 6.7500 57.0172
v 13.8262 -6.7500 57.0172
v 9.5000 -4.1717 63.5172
v 9.5000 4.1717 63.5172
v 16.5000 0.0000 53.0000
v -8.8262 6.7500 48.9828
v -8.8262 -6.7500 48.9828
v -4.5000 -4.1717 42.4828
v -4.5000 4.1717 42.4828
v -8.8262 6.7500 57.0172
v -8.8262 -6.7500 57.0172
v -4.5000 -4.1717 63.5172
v -4.5000 4.1717 63.5172
v -11.5000 0.0000 53.0000
v -1.3257 12.9862 53.0000
v 6.3257 12.9862 53.0000
v -1.3257 -12.9862 53.0000
v 6.3257 -12.9862 53.0000
v -3.5744 -11.6460 56.3786
v 0.2513 -9.3660 62.1266
v 0.2256 -12.8393 56.4173
v 8.5744 -11.6460 56.3786
v 4.7487 -9.3660 62.1266
v 4.7744 -12.8393 56.4173
v 2.5000 -11.4838 59.8345
v -3.5744 11.6460 56.3786
v 0.2513 9.3660 62.1266
v 0.2256 12.8393 56.4173
v 8.5744 11.6460 56.3786
v 4.7487 9.3660 62.1266
v 4.7744 12.8393 56.4173
v 2.5000 11.4838 59.8345
v 2.5000 -3.6891 65.5052
v 2.5000 3.6891 65.5052
v -3.5744 -11.6460 49.6214
v 0.2513 -9.3660 43.8734
v 0.2256 -12.8393 49.5827
v 8.5744 -11.6460 49.6214
v 4.7487 -9.3660 43.8734
v 4.7744 -12.8393 49.5827
v 2.5000 -11.4838 46.1655
v -3.5744 11.6460 49.6214
v 0.2513 9.3660 43.8734
v 0.2256 12.8393 49.5827
v 8.5744 11.6460 49.6214
v 4.7487 9.3660 43.8734
v 4.7744 12.8393 49.5827
v 2.5000 11.4838 46.1655
v 2.5000 -3.6891 40.4948
v 2.5000 3.6891 40.4948
v 12.2129 9.4776 50.9119
v 14.5774 3.5085 47.3594
v 10.7290 9.2906 47.4708
v 12.2129 -9.4776 50.9119
v 14.5774 -3.5085 47.3594
v 10.7290 -9.2906 47.4708
v 6.1385 -5.8575 41.7853
v 12.3287 -2.1684 43.9809
v 8.4546 -7.9351 44.0535
v 6.1801 -2.1932 40.6363
v 12.1347 -5.7419 45.3588
v 6.1385 5.8575 41.7853
v 12.3287 2.1684 43.9809
v 8.4546 7.9351 44.0535
v 6.1801 2.1932 40.6363
v 12.1347 5.7419 45.3588
v 9.8602 0.0000 41.9415
v 12.2129 9.4776 55.0881
v 14.5774 3.5085 58.6406
v 10.7290 9.2906 58.5292
v 14.4091 7.0974 53.0000
v 12.2129 -9.4776 55.0881
v 14.5774 -3.5085 58.6406
v 10.7290 -9.2906 58.5292
v 14.4091 -7.0974 53.0000
v 6.1385 -5.8575 64.2147
v 12.3287 -2.1684 62.0191
v 8.4546 -7.9351 61.9465
v 6.1801 -2.1932 65.3637
v 12.1347 -5.7419 60.6412
v 6.1385 5.8575 64.2147
v 12.3287 2.1684 62.0191
v 8.4546 7.9351 61.9465
v 6.1801 2.1932 65.3637
v 12.1347 5.7419 60.6412
v 9.8602 0.0000 64.0585
v 15.9671 0.0000 49.4475
v 15.9671 0.0000 56.5525
v 15.8148 3.5487 50.8880
v 15.8148 -3.5487 50.8880
v 15.8148 3.5487 55.1120
v 15.8148 -3.5487 55.1120
v -7.2129 9.4776 50.9119
v -9.5774 3.5085 47.3594
v -5.7290 9.2906 47.4708
v -7.2129 -9.4776 50.9119
v -9.5774 -3.5085 47.3594
v -5.7290 -9.2906 47.4708
v -1.1385 -5.8575 41.7853
v -7.3287 -2.1684 43.9809
v -3.4546 -7.9351 44.0535
v -1.1801 -2.1932 40.6363
v -7.1347 -5.7419 45.3588
v -1.1385 5.8575 41.7853
v -7.3287 2.1684 43.9809
v -3.4546 7.9351 44.0535
v -1.1801 2.1932 40.6363
v -7.1347 5.7419 45.3588
v -4.8602 0.0000 41.9415
v -7.2129 9.4776 55.0881
v -9.5774 3.5085 58.6406
v -5.7290 9.2906 58.5292
v -9.4091 7.0974 53.0000
v -7.2129 -9.4776 55.0881
v -9.5774 -3.5085 58.6406
v -5.7290 -9.2906 58.5292
v -9.4091 -7.0974 53.0000
v -1.1385 -5.8575 64.2147
v -7.3287 -2.1684 62.0191
v -3.4546 -7.9351 61.9465
v -1.1801 -2.1932 65.3637
v -7.1347 -5.7419 60.6412
v -1.1385 5.8575 64.2147
v -7.3287 2.1684 62.0191
v -3.4546 7.9351 61.9465
v -1.1801 2.1932 65.3637
v -7.1347 5.7419 60.6412
v -4.8602 0.0000 64.0585
v -10.9671 0.0000 49.4475
v -10.9671 0.0000 56.5525
v -10.8148 3.5487 50.8880
v -10.8148 -3.5487 50.8880
v -10.8148 3.5487 55.1120
v -10.8148 -3.5487 55.1120
v -3.1470 12.3531 53.0000
v 0.5687 13.3709 53.0000
v 8.1470 12.3531 53.0000
v 4.4313 13.3709 53.0000
v -3.1470 -12.3531 53.0000
v 0.5687 -13.3709 53.0000
v 8.1470 -12.3531 53.0000
v 4.4313 -13.3709 53.0000
v -4.2822 -11.6765 54.7056
v -2.7505 -11.3928 57.9870
v -2.5152 -12.4781 54.7115
v 1.3648 -8.3112 63.1900
v -0.8192 -10.2418 60.8887
v 1.3486 -13.3338 54.7299
v -0.8415 -12.0286 58.0204
v -0.5816 -13.0463 54.7263
v -1.7176 -12.3693 56.4331
v 9.2822 -11.6765 54.7056
v 7.7505 -11.3928 57.9870
v 7.5152 -12.4781 54.7115
v 3.6352 -8.3112 63.1900
v 5.8192 -10.2418 60.8887
v 2.5000 -9.4892 62.2467
v 3.6514 -13.3338 54.7299
v 5.8415 -12.0286 58.0204
v 5.5816 -13.0463 54.7263
v 2.5000 -13.0121 56.4633
v 6.7176 -12.3693 56.4331
v 0.3099 -11.3424 59.7504
v 4.6901 -11.3424 59.7504
v 1.3640 -10.5328 61.0631
v 1.3475 -12.3253 58.1949
v 3.6360 -10.5328 61.0631
v 3.6525 -12.3253 58.1949
v -4.2822 11.6765 54.7056
v -2.7505 11.3928 57.9870
v -2.5152 12.4781 54.7115
v 1.3648 8.3112 63.1900
v -0.8192 10.2418 60.8887
v 1.3486 13.3338 54.7299
v -0.8415 12.0286 58.0204
v -0.5816 13.0463 54.7263
v -1.7176 12.3693 56.4331
v 9.2822 11.6765 54.7056
v 7.7505 11.3928 57.9870
v 7.5152 12.4781 54.7115
v 3.6352 8.3112 63.1900
v 5.8192 10.2418 60.8887
v 2.5000 9.4892 62.2467
v 3.6514 13.3338 54.7299
v 5.8415 12.0286 58.0204
v 5.5816 13.0463 54.7263
v 2.5000 13.0121 56.4633
v 6.7176 12.3693 56.4331
v 0.3099 11.3424 59.7504
v 4.6901 11.3424 59.7504
v 1.3640 10.5328 61.0631
v 1.3475 12.3253 58.1949
v 3.6360 10.5328 61.0631
v 3.6525 12.3253 58.1949
v 2.5000 -5.4453 64.8956
v 2.5000 -1.8624 65.8757
v 2.5000 5.4453 64.8956
v 2.5000 1.8624 65.8757
v -4.2822 -11.6765 51.2944
v -2.7505 -11.3928 48.0130
v -2.5152 -12.4781 51.2885
v 1.3648 -8.3112 42.8100
v -0.8192 -10.2418 45.1113
v 1.3486 -13.3338 51.2701
v -0.8415 -12.0286 47.9796
v -0.5816 -13.0463 51.2737
v -1.7176 -12.3693 49.5669
v 9.2822 -11.6765 51.2944
v 7.7505 -11.3928 48.0130
v 7.5152 -12.4781 51.2885
v 3.6352 -8.3112 42.8100
v 5.8192 -10.2418 45.1113
v 2.5000 -9.4892 43.7533
v 3.6514 -13.3338 51.2701
v 5.8415 -12.0286 47.9796
v 5.5816 -13.0463 51.2737
v 2.5000 -13.0121 49.5367
v 6.7176 -12.3693 49.5669
v 0.3099 -11.3424 46.2496
v 4.6901 -11.3424 46.2496
v 1.3640 -10.5328 44.9369
v 1.3475 -12.3253 47.8051
v 3.6360 -10.5328 44.9369
v 3.6525 -12.3253 47.8051
v -4.2822 11.6765 51.2944
v -2.7505 11.3928 48.0130
v -2.5152 12.4781 51.2885
v 1.3648 8.3112 42.8100
v -0.8192 10.2418 45.1113
v 1.3486 13.3338 51.2701
v -0.8415 12.0286 47.9796
v -0.5816 13.0463 51.2737
v -1.7176 12.3693 49.5669
v 9.2822 11.6765 51.2944
v 7.7505 11.3928 48.0130
v 7.5152 12.4781 51.2885
v 3.6352 8.3112 42.8100
v 5.8192 10.2418 45.1113
v 2.5000 9.4892 43.7533
v 3.6514 13.3338 51.2701
v 5.8415 12.0286 47.9796
v 5.5816 13.0463 51.2737
v 2.5000 13.0121 49.5367
v 6.7176 12.3693 49.5669
v 0.3099 11.3424 46.2496
v 4.6901 11.3424 46.2496
v 1.3640 10.5328 44.9369
v 1.3475 12.3253 47.8051
v 3.6360 10.5328 44.9369
v 3.6525 12.3253 47.8051
v 2.5000 -5.4453 41.1044
v 2.5000 -1.8624 40.1243
v 2.5000 5.4453 41.1044
v 2.5000 1.8624 40.1243
v 11.1190 10.5819 51.9459
v 13.1211 8.1921 49.9179
v 10.4975 10.7008 50.2307
v 14.6090 1.7712 46.7023
v 14.3148 5.1788 48.1245
v 8.8559 10.2321 46.9104
v 12.3995 8.1203 48.1673
v 9.7257 10.5766 48.5000
v 11.5638 9.4812 49.1519
v 11.1190 -10.5819 51.9459
v 13.1211 -8.1921 49.9179
v 10.4975 -10.7008 50.2307
v 14.6090 -1.7712 46.7023
v 14.3148 -5.1788 48.1245
v 8.8559 -10.2321 46.9104
v 12.3995 -8.1203 48.1673
v 9.7257 -10.5766 48.5000
v 11.5638 -9.4812 49.1519
v 4.3368 -6.5400 41.7559
v 7.8706 -5.0630 42.0292
v 5.4823 -7.7119 42.6956
v 4.3432 -4.8361 40.9840
v 13.4738 -1.0947 44.9967
v 10.9956 -3.2007 43.1375
v 13.5971 -2.8758 45.5737
v 7.7045 -9.5459 45.1805
v 9.0580 -6.1289 43.1468
v 6.6441 -8.7401 43.8700
v 9.6873 -8.7288 45.6647
v 7.3461 -6.9676 42.8151
v 4.3630 -1.1103 40.1601
v 7.9066 -3.2221 41.4169
v 4.3591 -2.9716 40.4369
v 6.1972 -4.0670 41.0888
v 13.1111 -6.3238 47.0981
v 10.9210 -5.0186 43.8076
v 13.4683 -4.6731 46.2904
v 11.5521 -7.6174 46.3261
v 12.3323 -3.9961 44.5836
v 10.3996 -6.9306 44.5945
v 4.3368 6.5400 41.7559
v 7.8706 5.0630 42.0292
v 5.4823 7.7119 42.6956
v 4.3432 4.8361 40.9840
v 13.4738 1.0947 44.9967
v 10.9956 3.2007 43.1375
v 13.5971 2.8758 45.5737
v 12.4579 0.0000 43.8622
v 7.7045 9.5459 45.1805
v 9.0580 6.1289 43.1468
v 6.6441 8.7401 43.8700
v 9.6873 8.7288 45.6647
v 7.3461 6.9676 42.8151
v 4.3630 1.1103 40.1601
v 7.9066 3.2221 41.4169
v 4.3591 2.9716 40.4369
v 6.2297 0.0000 40.4698
v 6.1972 4.0670 41.0888
v 13.1111 6.3238 47.0981
v 10.9210 5.0186 43.8076
v 13.4683 4.6731 46.2904
v 11.5521 7.6174 46.3261
v 12.3323 3.9961 44.5836
v 10.3996 6.9306 44.5945
v 9.7696 -2.1119 42.0777
v 9.7696 2.1119 42.0777
v 11.1834 -1.0954 42.8573
v 8.0945 -1.1114 41.1312
v 11.1834 1.0954 42.8573
v 8.0945 1.1114 41.1312
v 11.1190 10.5819 54.0541
v 13.1211 8.1921 56.0821
v 10.4975 10.7008 55.7693
v 12.3407 9.6023 53.0000
v 14.6090 1.7712 59.2977
v 14.3148 5.1788 57.8755
v 8.8559 10.2321 59.0896
v 12.3995 8.1203 57.8327
v 9.7257 10.5766 57.5000
v 11.5638 9.4812 56.8481
v 14.2625 7.0100 50.9664
v 14.2625 7.0100 55.0336
v 13.4229 8.3732 51.9452
v 13.4229 8.3732 54.0548
v 11.1190 -10.5819 54.0541
v 13.1211 -8.1921 56.0821
v 10.4975 -10.7008 55.7693
v 12.3407 -9.6023 53.0000
v 14.6090 -1.7712 59.2977
v 14.3148 -5.1788 57.8755
v 8.8559 -10.2321 59.0896
v 12.3995 -8.1203 57.8327
v 9.7257 -10.5766 57.5000
v 11.5638 -9.4812 56.8481
v 14.2625 -7.0100 50.9664
v 14.2625 -7.0100 55.0336
v 13.4229 -8.3732 51.9452
v 13.4229 -8.3732 54.0548
v 4.3368 -6.5400 64.2441
v 7.8706 -5.0630 63.9708
v 5.4823 -7.7119 63.3044
v 4.3432 -4.8361 65.0160
v 13.4738 -1.0947 61.0033
v 10.9956 -3.2007 62.8625
v 13.5971 -2.8758 60.4263
v 7.7045 -9.5459 60.8195
v 9.0580 -6.1289 62.8532
v 6.6441 -8.7401 62.1300
v 9.6873 -8.7288 60.3353
v 7.3461 -6.9676 63.1849
v 4.3630 -1.1103 65.8399
v 7.9066 -3.2221 64.5831
v 4.3591 -2.9716 65.5631
v 6.1972 -4.0670 64.9112
v 13.1111 -6.3238 58.9019
v 10.9210 -5.0186 62.1924
v 13.4683 -4.6731 59.7096
v 11.5521 -7.6174 59.6739
v 12.3323 -3.9961 61.4164
v 10.3996 -6.9306 61.4055
v 4.3368 6.5400 64.2441
v 7.8706 5.0630 63.9708
v 5.4823 7.7119 63.3044
v 4.3432 4.8361 65.0160
v 13.4738 1.0947 61.0033
v 10.9956 3.2007 62.8625
v 13.5971 2.8758 60.4263
v 12.4579 0.0000 62.1378
v 7.7045 9.5459 60.8195
v 9.0580 6.1289 62.8532
v 6.6441 8.7401 62.1300
v 9.6873 8.7288 60.3353
v 7.3461 6.9676 63.1849
v 4.3630 1.1103 65.8399
v 7.9066 3.2221 64.5831
v 4.3591 2.9716 65.5631
v 6.2297 0.0000 65.5302
v 6.1972 4.0670 64.9112
v 13.1111 6.3238 58.9019
v 10.9210 5.0186 62.1924
v 13.4683 4.6731 59.7096
v 11.5521 7.6174 59.6739
v 12.3323 3.9961 61.4164
v 10.3996 6.9306 61.4055
v 9.7696 -2.1119 63.9223
v 9.7696 2.1119 63.9223
v 11.1834 -1.0954 63.1427
v 8.0945 -1.1114 64.8688
v 11.1834 1.0954 63.1427
v 8.0945 1.1114 64.8688
v 15.3106 0.0000 47.7564
v 16.3661 0.0000 51.2066
v 15.4403 1.7773 48.3430
v 15.4403 -1.7773 48.3430
v 15.3106 0.0000 58.2436
v 16.3661 0.0000 54.7934
v 15.4403 1.7773 57.6570
v 15.4403 -1.7773 57.6570
v 14.9741 5.2135 49.8972
v 16.3276 1.7965 51.9308
v 15.3274 3.5651 49.0836
v 15.2818 5.3947 51.9298
v 16.0295 1.7927 50.1385
v 14.9741 -5.2135 49.8972
v 16.3276 -1.7965 51.9308
v 15.3274 -3.5651 49.0836
v 15.2818 -5.3947 51.9298
v 16.0295 -1.7927 50.1385
v 14.9741 5.2135 56.1028
v 16.3276 1.7965 54.0692
v 15.3274 3.5651 56.9164
v 15.2818 5.3947 54.0702
v 16.0295 1.7927 55.8615
v 15.9941 3.5965 53.0000
v 14.9741 -5.2135 56.1028
v 16.3276 -1.7965 54.0692
v 15.3274 -3.5651 56.9164
v 15.2818 -5.3947 54.0702
v 16.0295 -1.7927 55.8615
v 15.9941 -3.5965 53.0000
v -6.1190 10.5819 51.9459
v -8.1211 8.1921 49.9179
v -5.4975 10.7008 50.2307
v -9.6090 1.7712 46.7023
v -9.3148 5.1788 48.1245
v -3.8559 10.2321 46.9104
v -7.3995 8.1203 48.1673
v -4.7257 10.5766 48.5000
v -6.5638 9.4812 49.1519
v -6.1190 -10.5819 51.9459
v -8.1211 -8.1921 49.9179
v -5.4975 -10.7008 50.2307
v -9.6090 -1.7712 46.7023
v -9.3148 -5.1788 48.1245
v -3.8559 -10.2321 46.9104
v -7.3995 -8.1203 48.1673
v -4.7257 -10.5766 48.5000
v -6.5638 -9.4812 49.1519
v 0.6632 -6.5400 41.7559
v -2.8706 -5.0630 42.0292
v -0.4823 -7.7119 42.6956
v 0.6568 -4.8361 40.9840
v -8.4738 -1.0947 44.9967
v -5.9956 -3.2007 43.1375
v -8.5971 -2.8758 45.5737
v -2.7045 -9.5459 45.1805
v -4.0580 -6.1289 43.1468
v -1.6441 -8.7401 43.8700
v -4.6873 -8.7288 45.6647
v -2.3461 -6.9676 42.8151
v 0.6370 -1.1103 40.1601
v -2.9066 -3.2221 41.4169
v 0.6409 -2.9716 40.4369
v -1.1972 -4.0670 41.0888
v -8.1111 -6.3238 47.0981
v -5.9210 -5.0186 43.8076
v -8.4683 -4.6731 46.2904
v -6.5521 -7.6174 46.3261
v -7.3323 -3.9961 44.5836
v -5.3996 -6.9306 44.5945
v 0.6632 6.5400 41.7559
v -2.8706 5.0630 42.0292
v -0.4823 7.7119 42.6956
v 0.6568 4.8361 40.9840
v -8.4738 1.0947 44.9967
v -5.9956 3.2007 43.1375
v -8.5971 2.8758 45.5737
v -7.4579 0.0000 43.8622
v -2.7045 9.5459 45.1805
v -4.0580 6.1289 43.1468
v -1.6441 8.7401 43.8700
v -4.6873 8.7288 45.6647
v -2.3461 6.9676 42.8151
v 0.6370 1.1103 40.1601
v -2.9066 3.2221 41.4169
v 0.6409 2.9716 40.4369
v -1.2297 0.0000 40.4698
v -1.1972 4.0670 41.0888
v -8.1111 6.3238 47.0981
v -5.9210 5.0186 43.8076
v -8.4683 4.6731 46.2904
v -6.5521 7.6174 46.3261
v -7.3323 3.9961 44.5836
v -5.3996 6.9306 44.5945
v -4.7696 -2.1119 42.0777
v -4.7696 2.1119 42.0777
v -6.1834 -1.0954 42.8573
v -3.0945 -1.1114 41.1312
v -6.1834 1.0954 42.8573
v -3.0945 1.1114 41.1312
v -6.1190 10.5819 54.0541
v -8.1211 8.1921 56.0821
v -5.4975 10.7008 55.7693
v -7.3407 9.6023 53.0000
v -9.6090 1.7712 59.2977
v -9.3148 5.1788 57.8755
v -3.8559 10.2321 59.0896
v -7.3995 8.1203 57.8327
v -4.7257 10.5766 57.5000
v -6.5638 9.4812 56.8481
v -9.2625 7.0100 50.9664
v -9.2625 7.0100 55.0336
v -8.4229 8.3732 51.9452
v -8.4229 8.3732 54.0548
v -6.1190 -10.5819 54.0541
v -8.1211 -8.1921 56.0821
v -5.4975 -10.7008 55.7693
v -7.3407 -9.6023 53.0000
v -9.6090 -1.7712 59.2977
v -9.3148 -5.1788 57.8755
v -3.8559 -10.2321 59.0896
v -7.3995 -8.1203 57.8327
v -4.7257 -10.5766 57.5000
v -6.5638 -9.4812 56.8481
v -9.2625 -7.0100 50.9664
v -9.2625 -7.0100 55.0336
v -8.4229 -8.3732 51.9452
v -8.4229 -8.3732 54.0548
v 0.6632 -6.5400 64.2441
v -2.8706 -5.0630 63.9708
v -0.4823 -7.7119 63.3044
v 0.6568 -4.8361 65.0160
v -8.4738 -1.0947 61.0033
v -5.9956 -3.2007 62.8625
v -8.5971 -2.8758 60.4263
v -2.7045 -9.5459 60.8195
v -4.0580 -6.1289 62.8532
v -1.6441 -8.7401 62.1300
v -4.6873 -8.7288 60.3353
v -2.3461 -6.9676 63.1849
v 0.6370 -1.1103 65.8399
v -2.9066 -3.2221 64.5831
v 0.6409 -2.9716 65.5631
v -1.1972 -4.0670 64.9112
v -8.1111 -6.3238 58.9019
v -5.9210 -5.0186 62.1924
v -8.4683 -4.6731 59.7096
v -6.5521 -7.6174 59.6739
v -7.3323 -3.9961 61.4164
v -5.3996 -6.9306 61.4055
v 0.6632 6.5400 64.2441
v -2.8706 5.0630 63.9708
v -0.4823 7.7119 63.3044
v 0.6568 4.8361 65.0160
v -8.4738 1.0947 61.0033
v -5.9956 3.2007 62.8625
v -8.5971 2.8758 60.4263
v -7.4579 0.0000 62.1378
v -2.7045 9.5459 60.8195
v -4.0580 6.1289 62.8532
v -1.6441 8.7401 62.1300
v -4.6873 8.7288 60.3353
v -2.3461 6.9676 63.1849
v 0.6370 1.1103 65.8399
v -2.9066 3.2221 64.5831
v 0.6409 2.9716 65.5631
v -1.2297 0.0000 65.5302
v -1.1972 4.0670 64.9112
v -8.1111 6.3238 58.9019
v -5.9210 5.0186 62.1924
v -8.4683 4.6731 59.7096
v -6.5521 7.6174 59.6739
v -7.3323 3.9961 61.4164
v -5.3996 6.9306 61.4055
v -4.7696 -2.1119 63.9223
v -4.7696 2.1119 63.9223
v -6.1834 -1.0954 63.1427
v -3.0945 -1.1114 64.8688
v -6.1834 1.0954 63.1427
v -3.0945 1.1114 64.8688
v -10.3106 0.0000 47.7564
v -11.3661 0.0000 51.2066
v -10.4403 1.7773 48.3430
v -10.4403 -1.7773 48.3430
v -10.3106 0.0000 58.2436
v -11.3661 0.0000 54.7934
v -10.4403 1.7773 57.6570
v -10.4403 -1.7773 57.6570
v -9.9741 5.2135 49.8972
v -11.3276 1.7965 51.9308
v -10.3274 3.5651 49.0836
v -10.2818 5.3947 51.9298
v -11.0295 1.7927 50.1385
v -9.9741 -5.2135 49.8972
v -11.3276 -1.7965 51.9308
v -10.3274 -3.5651 49.0836
v -10.2818 -5.3947 51.9298
v -11.0295 -1.7927 50.1385
v -9.9741 5.2135 56.1028
v -11.3276 1.7965 54.0692
v -10.3274 3.5651 56.9164
v -10.2818 5.3947 54.0702
v -11.0295 1.7927 55.8615
v -10.9941 3.5965 53.0000
v -9.9741 -5.2135 56.1028
v -11.3276 -1.7965 54.0692
v -10.3274 -3.5651 56.9164
v -10.2818 -5.3947 54.0702
v -11.0295 -1.7927 55.8615
v -10.9941 -3.5965 53.0000
vn -0.5121 0.8589 -0.0000
vn 0.5121 0.8589 -0.0000
vn -0.5121 -0.8589 -0.0000
vn 0.5121 -0.8589 0.0000
vn -0.0000 -0.5116 0.8592
vn 0.0000 0.5116 0.8592
vn 0.0000 -0.5116 -0.8592
vn -0.0000 0.5116 -0.8592
vn 0.8327 0.0000 -0.5537
vn 0.8327 -0.0000 0.5537
vn -0.8327 -0.0000 -0.5537
vn -0.8327 0.0000 0.5537
vn -0.0000 1.0000 0.0000
vn -0.0000 -1.0000 -0.0000
vn -0.2962 -0.8039 0.5157
vn 0.2962 -0.8039 0.5157
vn -0.2962 0.8039 0.5157
vn 0.2962 0.8039 0.5157
vn 0.0000 -0.0000 1.0000
vn -0.2962 -0.8039 -0.5157
vn 0.2962 -0.8039 -0.5157
vn -0.2962 0.8039 -0.5157
vn 0.2962 0.8039 -0.5157
vn -0.0000 0.0000 -1.0000
vn 0.7958 0.5098 -0.3269
vn 0.7958 -0.5098 -0.3269
vn 0.4745 -0.3041 -0.8261
vn 0.4745 0.3041 -0.8261
vn 0.7958 0.5098 0.3269
vn 0.7958 -0.5098 0.3269
vn 0.4745 -0.3041 0.8261
vn 0.4745 0.3041 0.8261
vn 1.0000 0.0000 0.0000
vn -0.7958 0.5098 -0.3269
vn -0.7958 -0.5098 -0.3269
vn -0.4745 -0.3041 -0.8261
vn -0.4745 0.3041 -0.8261
vn -0.7958 0.5098 0.3269
vn -0.7958 -0.5098 0.3269
vn -0.4745 -0.3041 0.8261
vn -0.4745 0.3041 0.8261
vn -1.0000 0.0000 0.0000
vn -0.2654 0.9641 -0.0000
vn 0.2654 0.9641 -0.0000
vn -0.2654 -0.9641 -0.0000
vn 0.2654 -0.9641 0.0000
vn -0.4205 -0.8662 0.2699
vn -0.1518 -0.6810 0.7164
vn -0.1522 -0.9492 0.2753
vn 0.4205 -0.8662 0.2699
vn 0.1518 -0.6810 0.7164
vn 0.1522 -0.9492 0.2753
vn -0.0000 -0.8445 0.5355
vn -0.4205 0.8662 0.2699
vn -0.1518 0.6810 0.7164
vn -0.1522 0.9492 0.2753
vn 0.4205 0.8662 0.2699
vn 0.1518 0.6810 0.7164
vn 0.1522 0.9492 0.2753
vn 0.0000 0.8445 0.5355
vn -0.0000 -0.2648 0.9643
vn -0.0000 0.2648 0.9643
vn -0.4205 -0.8662 -0.2699
vn -0.1518 -0.6810 -0.7164
vn -0.1522 -0.9492 -0.2753
vn 0.4205 -0.8662 -0.2699
vn 0.1518 -0.6810 -0.7164
vn 0.1522 -0.9492 -0.2753
vn 0.0000 -0.8445 -0.5355
vn -0.4205 0.8662 -0.2699
vn -0.1518 0.6810 -0.7164
vn -0.1522 0.9492 -0.2753
vn 0.4205 0.8662 -0.2699
vn 0.1518 0.6810 -0.7164
vn 0.1522 0.9492 -0.2753
vn -0.0000 0.8445 -0.5355
vn -0.0000 -0.2648 -0.9643
vn 0.0000 0.2648 -0.9643
vn 0.6796 0.7139 -0.1687
vn 0.8481 0.2639 -0.4594
vn 0.5698 0.6888 -0.4481
vn 0.6796 -0.7139 -0.1687
vn 0.8481 -0.2639 -0.4594
vn 0.5698 -0.6888 -0.4481
vn 0.2434 -0.4233 -0.8727
vn 0.6769 -0.1598 -0.7185
vn 0.4098 -0.5810 -0.7031
vn 0.2482 -0.1531 -0.9565
vn 0.6632 -0.4311 -0.6118
vn 0.2434 0.4233 -0.8727
vn 0.6769 0.1598 -0.7185
vn 0.4098 0.5810 -0.7031
vn 0.2482 0.1531 -0.9565
vn 0.6632 0.4311 -0.6118
vn 0.4937 0.0000 -0.8696
vn 0.6796 0.7139 0.1687
vn 0.8481 0.2639 0.4594
vn 0.5698 0.6888 0.4481
vn 0.8449 0.5349 0.0000
vn 0.6796 -0.7139 0.1687
vn 0.8481 -0.2639 0.4594
vn 0.5698 -0.6888 0.4481
vn 0.8449 -0.5349 0.0000
vn 0.2434 -0.4233 0.8727
vn 0.6769 -0.1598 0.7185
vn 0.4098 -0.5810 0.7031
vn 0.2482 -0.1531 0.9565
vn 0.6632 -0.4311 0.6118
vn 0.2434 0.4233 0.8727
vn 0.6769 0.1598 0.7185
vn 0.4098 0.5810 0.7031
vn 0.2482 0.1531 0.9565
vn 0.6632 0.4311 0.6118
vn 0.4937 0.0000 0.8696
vn 0.9560 -0.0000 -0.2932
vn 0.9560 -0.0000 0.2932
vn 0.9467 0.2740 -0.1692
vn 0.9467 -0.2740 -0.1692
vn 0.9467 0.2740 0.1692
vn 0.9467 -0.2740 0.1692
vn -0.6796 0.7139 -0.1687
vn -0.8481 0.2639 -0.4594
vn -0.5698 0.6888 -0.4481
vn -0.6796 -0.7139 -0.1687
vn -0.8481 -0.2639 -0.4594
vn -0.5698 -0.6888 -0.4481
vn -0.2434 -0.4233 -0.8727
vn -0.6769 -0.1598 -0.7185
vn -0.4098 -0.5810 -0.7031
vn -0.2482 -0.1531 -0.9565
vn -0.6632 -0.4311 -0.6118
vn -0.2434 0.4233 -0.8727
vn -0.6769 0.1598 -0.7185
vn -0.4098 0.5810 -0.7031
vn -0.2482 0.1531 -0.9565
vn -0.6632 0.4311 -0.6118
vn -0.4937 0.0000 -0.8696
vn -0.6796 0.7139 0.1687
vn -0.8481 0.2639 0.4594
vn -0.5698 0.6888 0.4481
vn -0.8449 0.5349 0.0000
vn -0.6796 -0.7139 0.1687
vn -0.8481 -0.2639 0.4594
vn -0.5698 -0.6888 0.4481
vn -0.8449 -0.5349 0.0000
vn -0.2434 -0.4233 0.8727
vn -0.6769 -0.1598 0.7185
vn -0.4098 -0.5810 0.7031
vn -0.2482 -0.1531 0.9565
vn -0.6632 -0.4311 0.6118
vn -0.2434 0.4233 0.8727
vn -0.6769 0.1598 0.7185
vn -0.4098 0.5810 0.7031
vn -0.2482 0.1531 0.9565
vn -0.6632 0.4311 0.6118
vn -0.4937 0.0000 0.8696
vn -0.9560 0.0000 -0.2932
vn -0.9560 -0.0000 0.2932
vn -0.9467 0.2740 -0.1692
vn -0.9467 -0.2740 -0.1692
vn -0.9467 0.2740 0.1692
vn -0.9467 -0.2740 0.1692
vn -0.3924 0.9198 0.0000
vn -0.1339 0.9910 0.0000
vn 0.3924 0.9198 -0.0000
vn 0.1339 0.9910 -0.0000
vn -0.3924 -0.9198 -0.0000
vn -0.1339 -0.9910 0.0000
vn 0.3924 -0.9198 0.0000
vn 0.1339 -0.9910 0.0000
vn -0.4711 -0.8715 0.1363
vn -0.3617 -0.8434 0.3973
vn -0.3460 -0.9281 0.1379
vn -0.0760 -0.6010 0.7956
vn -0.2257 -0.7492 0.6227
vn -0.0750 -0.9872 0.1407
vn -0.2253 -0.8873 0.4024
vn -0.2137 -0.9670 0.1384
vn -0.2909 -0.9170 0.2730
vn 0.4711 -0.8715 0.1363
vn 0.3617 -0.8434 0.3973
vn 0.3460 -0.9281 0.1379
vn 0.0760 -0.6010 0.7956
vn 0.2257 -0.7492 0.6227
vn -0.0000 -0.6904 0.7234
vn 0.0750 -0.9872 0.1407
vn 0.2253 -0.8873 0.4024
vn 0.2137 -0.9670 0.1384
vn 0.0000 -0.9608 0.2773
vn 0.2909 -0.9170 0.2730
vn -0.1499 -0.8350 0.5295
vn 0.1499 -0.8350 0.5295
vn -0.0762 -0.7686 0.6352
vn -0.0776 -0.9081 0.4115
vn 0.0762 -0.7686 0.6352
vn 0.0776 -0.9081 0.4115
vn -0.4711 0.8715 0.1363
vn -0.3617 0.8434 0.3973
vn -0.3460 0.9281 0.1379
vn -0.0760 0.6010 0.7956
vn -0.2257 0.7492 0.6227
vn -0.0750 0.9872 0.1407
vn -0.2253 0.8873 0.4024
vn -0.2137 0.9670 0.1384
vn -0.2909 0.9170 0.2730
vn 0.4711 0.8715 0.1363
vn 0.3617 0.8434 0.3973
vn 0.3460 0.9281 0.1379
vn 0.0760 0.6010 0.7956
vn 0.2257 0.7492 0.6227
vn 0.0000 0.6904 0.7234
vn 0.0750 0.9872 0.1407
vn 0.2253 0.8873 0.4024
vn 0.2137 0.9670 0.1384
vn 0.0000 0.9608 0.2773
vn 0.2909 0.9170 0.2730
vn -0.1499 0.8350 0.5295
vn 0.1499 0.8350 0.5295
vn -0.0762 0.7686 0.6352
vn -0.0776 0.9081 0.4115
vn 0.0762 0.7686 0.6352
vn 0.0776 0.9081 0.4115
vn -0.0000 -0.3917 0.9201
vn -0.0000 -0.1336 0.9910
vn -0.0000 0.3917 0.9201
vn -0.0000 0.1336 0.9910
vn -0.4711 -0.8715 -0.1363
vn -0.3617 -0.8434 -0.3973
vn -0.3460 -0.9281 -0.1379
vn -0.0760 -0.6010 -0.7956
vn -0.2257 -0.7492 -0.6227
vn -0.0750 -0.9872 -0.1407
vn -0.2253 -0.8873 -0.4024
vn -0.2137 -0.9670 -0.1384
vn -0.2909 -0.9170 -0.2730
vn 0.4711 -0.8715 -0.1363
vn 0.3617 -0.8434 -0.3973
vn 0.3460 -0.9281 -0.1379
vn 0.0760 -0.6010 -0.7956
vn 0.2257 -0.7492 -0.6227
vn -0.0000 -0.6904 -0.7234
vn 0.0750 -0.9872 -0.1407
vn 0.2253 -0.8873 -0.4024
vn 0.2137 -0.9670 -0.1384
vn 0.0000 -0.9608 -0.2773
vn 0.2909 -0.9170 -0.2730
vn -0.1499 -0.8350 -0.5295
vn 0.1499 -0.8350 -0.5295
vn -0.0762 -0.7686 -0.6352
vn -0.0776 -0.9081 -0.4115
vn 0.0762 -0.7686 -0.6352
vn 0.0776 -0.9081 -0.4115
vn -0.4711 0.8715 -0.1363
vn -0.3617 0.8434 -0.3973
vn -0.3460 0.9281 -0.1379
vn -0.0760 0.6010 -0.7956
vn -0.2257 0.7492 -0.6227
vn -0.0750 0.9872 -0.1407
vn -0.2253 0.8873 -0.4024
vn -0.2137 0.9670 -0.1384
vn -0.2909 0.9170 -0.2730
vn 0.4711 0.8715 -0.1363
vn 0.3617 0.8434 -0.3973
vn 0.3460 0.9281 -0.1379
vn 0.0760 0.6010 -0.7956
vn 0.2257 0.7492 -0.6227
vn -0.0000 0.6904 -0.7234
vn 0.0750 0.9872 -0.1407
vn 0.2253 0.8873 -0.4024
vn 0.2137 0.9670 -0.1384
vn -0.0000 0.9608 -0.2773
vn 0.2909 0.9170 -0.2730
vn -0.1499 0.8350 -0.5295
vn 0.1499 0.8350 -0.5295
vn -0.0762 0.7686 -0.6352
vn -0.0776 0.9081 -0.4115
vn 0.0762 0.7686 -0.6352
vn 0.0776 0.9081 -0.4115
vn -0.0000 -0.3917 -0.9201
vn -0.0000 -0.1336 -0.9910
vn 0.0000 0.3917 -0.9201
vn -0.0000 0.1336 -0.9910
vn 0.6012 0.7947 -0.0845
vn 0.7450 0.6184 -0.2501
vn 0.5566 0.7999 -0.2244
vn 0.8488 0.1325 -0.5119
vn 0.8304 0.3906 -0.3973
vn 0.4370 0.7543 -0.4900
vn 0.6907 0.6058 -0.3949
vn 0.5010 0.7870 -0.3600
vn 0.6308 0.7111 -0.3103
vn 0.6012 -0.7947 -0.0845
vn 0.7450 -0.6184 -0.2501
vn 0.5566 -0.7999 -0.2244
vn 0.8488 -0.1325 -0.5119
vn 0.8304 -0.3906 -0.3973
vn 0.4370 -0.7543 -0.4900
vn 0.6907 -0.6058 -0.3949
vn 0.5010 -0.7870 -0.3600
vn 0.6308 -0.7111 -0.3103
vn 0.1221 -0.4717 -0.8733
vn 0.3614 -0.3672 -0.8570
vn 0.2021 -0.5589 -0.8042
vn 0.1237 -0.3462 -0.9300
vn 0.7619 -0.0811 -0.6426
vn 0.5804 -0.2345 -0.7798
vn 0.7714 -0.2162 -0.5986
vn 0.3596 -0.7012 -0.6157
vn 0.4498 -0.4474 -0.7730
vn 0.2808 -0.6364 -0.7184
vn 0.4949 -0.6434 -0.5841
vn 0.3267 -0.5071 -0.7976
vn 0.1261 -0.0749 -0.9892
vn 0.3662 -0.2287 -0.9020
vn 0.1242 -0.2138 -0.9690
vn 0.2463 -0.2927 -0.9239
vn 0.7375 -0.4786 -0.4765
vn 0.5736 -0.3735 -0.7291
vn 0.7641 -0.3491 -0.5425
vn 0.6254 -0.5669 -0.5362
vn 0.6791 -0.2960 -0.6717
vn 0.5419 -0.5119 -0.6665
vn 0.1221 0.4717 -0.8733
vn 0.3614 0.3672 -0.8570
vn 0.2021 0.5589 -0.8042
vn 0.1237 0.3462 -0.9300
vn 0.7619 0.0811 -0.6426
vn 0.5804 0.2345 -0.7798
vn 0.7714 0.2162 -0.5986
vn 0.6842 0.0000 -0.7293
vn 0.3596 0.7012 -0.6157
vn 0.4498 0.4474 -0.7730
vn 0.2808 0.6364 -0.7184
vn 0.4949 0.6434 -0.5841
vn 0.3267 0.5071 -0.7976
vn 0.1261 0.0749 -0.9892
vn 0.3662 0.2287 -0.9020
vn 0.1242 0.2138 -0.9690
vn 0.2504 -0.0000 -0.9682
vn 0.2463 0.2927 -0.9239
vn 0.7375 0.4786 -0.4765
vn 0.5736 0.3735 -0.7291
vn 0.7641 0.3491 -0.5425
vn 0.6254 0.5669 -0.5362
vn 0.6791 0.2960 -0.6717
vn 0.5419 0.5119 -0.6665
vn 0.4878 -0.1540 -0.8592
vn 0.4878 0.1540 -0.8592
vn 0.5930 -0.0793 -0.8013
vn 0.3750 -0.0788 -0.9237
vn 0.5930 0.0793 -0.8013
vn 0.3750 0.0788 -0.9237
vn 0.6012 0.7947 0.0845
vn 0.7450 0.6184 0.2501
vn 0.5566 0.7999 0.2244
vn 0.6909 0.7229 0.0000
vn 0.8488 0.1325 0.5119
vn 0.8304 0.3906 0.3973
vn 0.4370 0.7543 0.4900
vn 0.6907 0.6058 0.3949
vn 0.5010 0.7870 0.3600
vn 0.6308 0.7111 0.3103
vn 0.8331 0.5274 -0.1667
vn 0.8331 0.5274 0.1667
vn 0.7685 0.6342 -0.0850
vn 0.7685 0.6342 0.0850
vn 0.6012 -0.7947 0.0845
vn 0.7450 -0.6184 0.2501
vn 0.5566 -0.7999 0.2244
vn 0.6909 -0.7229 0.0000
vn 0.8488 -0.1325 0.5119
vn 0.8304 -0.3906 0.3973
vn 0.4370 -0.7543 0.4900
vn 0.6907 -0.6058 0.3949
vn 0.5010 -0.7870 0.3600
vn 0.6308 -0.7111 0.3103
vn 0.8331 -0.5274 -0.1667
vn 0.8331 -0.5274 0.1667
vn 0.7685 -0.6342 -0.0850
vn 0.7685 -0.6342 0.0850
vn 0.1221 -0.4717 0.8733
vn 0.3614 -0.3672 0.8570
vn 0.2021 -0.5589 0.8042
vn 0.1237 -0.3462 0.9300
vn 0.7619 -0.0811 0.6426
vn 0.5804 -0.2345 0.7798
vn 0.7714 -0.2162 0.5986
vn 0.3596 -0.7012 0.6157
vn 0.4498 -0.4474 0.7730
vn 0.2808 -0.6364 0.7184
vn 0.4949 -0.6434 0.5841
vn 0.3267 -0.5071 0.7976
vn 0.1261 -0.0749 0.9892
vn 0.3662 -0.2287 0.9020
vn 0.1242 -0.2138 0.9690
vn 0.2463 -0.2927 0.9239
vn 0.7375 -0.4786 0.4765
vn 0.5736 -0.3735 0.7291
vn 0.7641 -0.3491 0.5425
vn 0.6254 -0.5669 0.5362
vn 0.6791 -0.2960 0.6717
vn 0.5419 -0.5119 0.6665
vn 0.1221 0.4717 0.8733
vn 0.3614 0.3672 0.8570
vn 0.2021 0.5589 0.8042
vn 0.1237 0.3462 0.9300
vn 0.7619 0.0811 0.6426
vn 0.5804 0.2345 0.7798
vn 0.7714 0.2162 0.5986
vn 0.6842 0.0000 0.7293
vn 0.3596 0.7012 0.6157
vn 0.4498 0.4474 0.7730
vn 0.2808 0.6364 0.7184
vn 0.4949 0.6434 0.5841
vn 0.3267 0.5071 0.7976
vn 0.1261 0.0749 0.9892
vn 0.3662 0.2287 0.9020
vn 0.1242 0.2138 0.9690
vn 0.2504 -0.0000 0.9682
vn 0.2463 0.2927 0.9239
vn 0.7375 0.4786 0.4765
vn 0.5736 0.3735 0.7291
vn 0.7641 0.3491 0.5425
vn 0.6254 0.5669 0.5362
vn 0.6791 0.2960 0.6717
vn 0.5419 0.5119 0.6665
vn 0.4878 -0.1540 0.8592
vn 0.4878 0.1540 0.8592
vn 0.5930 -0.0793 0.8013
vn 0.3750 -0.0788 0.9237
vn 0.5930 0.0793 0.8013
vn 0.3750 0.0788 0.9237
vn 0.9031 0.0000 -0.4294
vn 0.9889 0.0000 -0.1488
vn 0.9149 0.1357 -0.3803
vn 0.9149 -0.1357 -0.3803
vn 0.9031 0.0000 0.4294
vn 0.9889 0.0000 0.1488
vn 0.9149 0.1357 0.3803
vn 0.9149 -0.1357 0.3803
vn 0.8821 0.3993 -0.2498
vn 0.9866 0.1402 -0.0834
vn 0.9078 0.2698 -0.3211
vn 0.9076 0.4108 -0.0865
vn 0.9617 0.1374 -0.2370
vn 0.8821 -0.3993 -0.2498
vn 0.9866 -0.1402 -0.0834
vn 0.9078 -0.2698 -0.3211
vn 0.9076 -0.4108 -0.0865
vn 0.9617 -0.1374 -0.2370
vn 0.8821 0.3993 0.2498
vn 0.9866 0.1402 0.0834
vn 0.9078 0.2698 0.3211
vn 0.9076 0.4108 0.0865
vn 0.9617 0.1374 0.2370
vn 0.9609 0.2770 0.0000
vn 0.8821 -0.3993 0.2498
vn 0.9866 -0.1402 0.0834
vn 0.9078 -0.2698 0.3211
vn 0.9076 -0.4108 0.0865
vn 0.9617 -0.1374 0.2370
vn 0.9609 -0.2770 0.0000
vn -0.6012 0.7947 -0.0845
vn -0.7450 0.6184 -0.2501
vn -0.5566 0.7999 -0.2244
vn -0.8488 0.1325 -0.5119
vn -0.8304 0.3906 -0.3973
vn -0.4370 0.7543 -0.4900
vn -0.6907 0.6058 -0.3949
vn -0.5010 0.7870 -0.3600
vn -0.6308 0.7111 -0.3103
vn -0.6012 -0.7947 -0.0845
vn -0.7450 -0.6184 -0.2501
vn -0.5566 -0.7999 -0.2244
vn -0.8488 -0.1325 -0.5119
vn -0.8304 -0.3906 -0.3973
vn -0.4370 -0.7543 -0.4900
vn -0.6907 -0.6058 -0.3949
vn -0.5010 -0.7870 -0.3600
vn -0.6308 -0.7111 -0.3103
vn -0.1221 -0.4717 -0.8733
vn -0.3614 -0.3672 -0.8570
vn -0.2021 -0.5589 -0.8042
vn -0.1237 -0.3462 -0.9300
vn -0.7619 -0.0811 -0.6426
vn -0.5804 -0.2345 -0.7798
vn -0.7714 -0.2162 -0.5986
vn -0.3596 -0.7012 -0.6157
vn -0.4498 -0.4474 -0.7730
vn -0.2808 -0.6364 -0.7184
vn -0.4949 -0.6434 -0.5841
vn -0.3267 -0.5071 -0.7976
vn -0.1261 -0.0749 -0.9892
vn -0.3662 -0.2287 -0.9020
vn -0.1242 -0.2138 -0.9690
vn -0.2463 -0.2927 -0.9239
vn -0.7375 -0.4786 -0.4765
vn -0.5736 -0.3735 -0.7291
vn -0.7641 -0.3491 -0.5425
vn -0.6254 -0.5669 -0.5362
vn -0.6791 -0.2960 -0.6717
vn -0.5419 -0.5119 -0.6665
vn -0.1221 0.4717 -0.8733
vn -0.3614 0.3672 -0.8570
vn -0.2021 0.5589 -0.8042
vn -0.1237 0.3462 -0.9300
vn -0.7619 0.0811 -0.6426
vn -0.5804 0.2345 -0.7798
vn -0.7714 0.2162 -0.5986
vn -0.6842 -0.0000 -0.7293
vn -0.3596 0.7012 -0.6157
vn -0.4498 0.4474 -0.7730
vn -0.2808 0.6364 -0.7184
vn -0.4949 0.6434 -0.5841
vn -0.3267 0.5071 -0.7976
vn -0.1261 0.0749 -0.9892
vn -0.3662 0.2287 -0.9020
vn -0.1242 0.2138 -0.9690
vn -0.2504 0.0000 -0.9682
vn -0.2463 0.2927 -0.9239
vn -0.7375 0.4786 -0.4765
vn -0.5736 0.3735 -0.7291
vn -0.7641 0.3491 -0.5425
vn -0.6254 0.5669 -0.5362
vn -0.6791 0.2960 -0.6717
vn -0.5419 0.5119 -0.6665
vn -0.4878 -0.1540 -0.8592
vn -0.4878 0.1540 -0.8592
vn -0.5930 -0.0793 -0.8013
vn -0.3750 -0.0788 -0.9237
vn -0.5930 0.0793 -0.8013
vn -0.3750 0.0788 -0.9237
vn -0.6012 0.7947 0.0845
vn -0.7450 0.6184 0.2501
vn -0.5566 0.7999 0.2244
vn -0.6909 0.7229 0.0000
vn -0.8488 0.1325 0.5119
vn -0.8304 0.3906 0.3973
vn -0.4370 0.7543 0.4900
vn -0.6907 0.6058 0.3949
vn -0.5010 0.7870 0.3600
vn -0.6308 0.7111 0.3103
vn -0.8331 0.5274 -0.1667
vn -0.8331 0.5274 0.1667
vn -0.7685 0.6342 -0.0850
vn -0.7685 0.6342 0.0850
vn -0.6012 -0.7947 0.0845
vn -0.7450 -0.6184 0.2501
vn -0.5566 -0.7999 0.2244
vn -0.6909 -0.7229 0.0000
vn -0.8488 -0.1325 0.5119
vn -0.8304 -0.3906 0.3973
vn -0.4370 -0.7543 0.4900
vn -0.6907 -0.6058 0.3949
vn -0.5010 -0.7870 0.3600
vn -0.6308 -0.7111 0.3103
vn -0.8331 -0.5274 -0.1667
vn -0.8331 -0.5274 0.1667
vn -0.7685 -0.6342 -0.0850
vn -0.7685 -0.6342 0.0850
vn -0.1221 -0.4717 0.8733
vn -0.3614 -0.3672 0.8570
vn -0.2021 -0.5589 0.8042
vn -0.1237 -0.3462 0.9300
vn -0.7619 -0.0811 0.6426
vn -0.5804 -0.2345 0.7798
vn -0.7714 -0.2162 0.5986
vn -0.3596 -0.7012 0.6157
vn -0.4498 -0.4474 0.7730
vn -0.2808 -0.6364 0.7184
vn -0.4949 -0.6434 0.5841
vn -0.3267 -0.5071 0.7976
vn -0.1261 -0.0749 0.9892
vn -0.3662 -0.2287 0.9020
vn -0.1242 -0.2138 0.9690
vn -0.2463 -0.2927 0.9239
vn -0.7375 -0.4786 0.4765
vn -0.5736 -0.3735 0.7291
vn -0.7641 -0.3491 0.5425
vn -0.6254 -0.5669 0.5362
vn -0.6791 -0.2960 0.6717
vn -0.5419 -0.5119 0.6665
vn -0.1221 0.4717 0.8733
vn -0.3614 0.3672 0.8570
vn -0.2021 0.5589 0.8042
vn -0.1237 0.3462 0.9300
vn -0.7619 0.0811 0.6426
vn -0.5804 0.2345 0.7798
vn -0.7714 0.2162 0.5986
vn -0.6842 -0.0000 0.7293
vn -0.3596 0.7012 0.6157
vn -0.4498 0.4474 0.7730
vn -0.2808 0.6364 0.7184
vn -0.4949 0.6434 0.5841
vn -0.3267 0.5071 0.7976
vn -0.1261 0.0749 0.9892
vn -0.3662 0.2287 0.9020
vn -0.1242 0.2138 0.9690
vn -0.2504 0.0000 0.9682
vn -0.2463 0.2927 0.9239
vn -0.7375 0.4786 0.4765
vn -0.5736 0.3735 0.7291
vn -0.7641 0.3491 0.5425
vn -0.6254 0.5669 0.5362
vn -0.6791 0.2960 0.6717
vn -0.5419 0.5119 0.6665
vn -0.4878 -0.1540 0.8592
vn -0.4878 0.1540 0.8592
vn -0.5930 -0.0793 0.8013
vn -0.3750 -0.0788 0.9237
vn -0.5930 0.0793 0.8013
vn -0.3750 0.0788 0.9237
vn -0.9031 -0.0000 -0.4294
vn -0.9889 0.0000 -0.1488
vn -0.9149 0.1357 -0.3803
vn -0.9149 -0.1357 -0.3803
vn -0.9031 -0.0000 0.4294
vn -0.9889 -0.0000 0.1488
vn -0.9149 0.1357 0.3803
vn -0.9149 -0.1357 0.3803
vn -0.8821 0.3993 -0.2498
vn -0.9866 0.1402 -0.0834
vn -0.9078 0.2698 -0.3211
vn -0.9076 0.4108 -0.0865
vn -0.9617 0.1374 -0.2370
vn -0.8821 -0.3993 -0.2498
vn -0.9866 -0.1402 -0.0834
vn -0.9078 -0.2698 -0.3211
vn -0.9076 -0.4108 -0.0865
vn -0.9617 -0.1374 -0.2370
vn -0.8821 0.3993 0.2498
vn -0.9866 0.1402 0.0834
vn -0.9078 0.2698 0.3211
vn -0.9076 0.4108 0.0865
vn -0.9617 0.1374 0.2370
vn -0.9609 0.2770 0.0000
vn -0.8821 -0.3993 0.2498
vn -0.9866 -0.1402 0.0834
vn -0.9078 -0.2698 0.3211
vn -0.9076 -0.4108 0.0865
vn -0.9617 -0.1374 0.2370
vn -0.9609 -0.2770 0.0000
f 643//643 1175//1175 839//839
f 1175//1175 780//780 1177//1177
f 839//839 1177//1177 696//696
f 1175//1175 1177//1177 839//839
f 780//780 1176//1176 1184//1184
f 1176//1176 680//680 1182//1182
f 1184//1184 1182//1182 782//782
f 1176//1176 1182//1182 1184//1184
f 696//696 1183//1183 840//840
f 1183//1183 782//782 1181//1181
f 840//840 1181//1181 659//659
f 1183//1183 1181//1181 840//840
f 780//780 1184//1184 1177//1177
f 1184//1184 782//782 1183//1183
f 1177//1177 1183//1183 696//696
f 1184//1184 1183//1183 1177//1177
f 680//680 1180//1180 1243//1243
f 1180//1180 781//781 1245//1245
f 1243//1243 1245//1245 797//797
f 1180//1180 1245//1245 1243//1243
f 781//781 1179//1179 1231//1231
f 1179//1179 654//654 1229//1229
f 1231//1231 1229//1229 794//794
f 1179//1179 1229//1229 1231//1231
f 797//797 1247//1247 1244//1244
f 1247//1247 794//794 1230//1230
f 1244//1244 1230//1230 683//683
f 1247//1247 1230//1230 1244//1244
f 781//781 1231//1231 1245//1245
f 1231//1231 794//794 1247//1247
f 1245//1245 1247//1247 797//797
f 1231//1231 1247//1247 1245//1245
f 659//659 1233//1233 843//843
f 1233//1233 795//795 1235//1235
f 843//843 1235//1235 697//697
f 1233//1233 1235//1235 843//843
f 795//795 1234//1234 1237//1237
f 1234//1234 683//683 1226//1226
f 1237//1237 1226//1226 793//793
f 1234//1234 1226//1226 1237//1237
f 697//697 1227//1227 842//842
f 1227//1227 793//793 1225//1225
f 842//842 1225//1225 648//648
f 1227//1227 1225//1225 842//842
f 795//795 1237//1237 1235//1235
f 1237//1237 793//793 1227//1227
f 1235//1235 1227//1227 697//697
f 1237//1237 1227//1227 1235//1235
f 680//680 1243//1243 1182//1182
f 1243//1243 797//797 1246//1246
f 1182//1182 1246//1246 782//782
f 1243//1243 1246//1246 1182//1182
f 797//797 1244//1244 1248//1248
f 1244//1244 683//683 1234//1234
f 1248//1248 1234//1234 795//795
f 1244//1244 1234//1234 1248//1248
f 782//782 1236//1236 1181//1181
f 1236//1236 795//795 1233//1233
f 1181//1181 1233//1233 659//659
f 1236//1236 1233//1233 1181//1181
f 797//797 1248//1248 1246//1246
f 1248//1248 795//795 1236//1236
f 1246//1246 1236//1236 782//782
f 1248//1248 1236//1236 1246//1246
f 643//643 839//839 805//805
f 839//839 696//696 841//841
f 805//805 841//841 685//685
f 839//839 841//841 805//805
f 696//696 840//840 847//847
f 840//840 659//659 845//845
f 847//847 845//845 698//698
f 840//840 845//845 847//847
f 685//685 846//846 806//806
f 846//846 698//698 844//844
f 806//806 844//844 655//655
f 846//846 844//844 806//806
f 696//696 847//847 841//841
f 847//847 698//698 846//846
f 841//841 846//846 685//685
f 847//847 846//846 841//841
f 659//659 843//843 859//859
f 843//843 697//697 861//861
f 859//859 861//861 702//702
f 843//843 861//861 859//859
f 697//697 842//842 853//853
f 842//842 648//648 851//851
f 853//853 851//851 700//700
f 842//842 851//851 853//853
f 702//702 863//863 860//860
f 863//863 700//700 852//852
f 860//860 852//852 660//660
f 863//863 852//852 860//860
f 697//697 853//853 861//861
f 853//853 700//700 863//863
f 861//861 863//863 702//702
f 853//853 863//863 861//861
f 655//655 854//854 808//808
f 854//854 701//701 856//856
f 808//808 856//856 686//686
f 854//854 856//856 808//808
f 701//701 855//855 858//858
f 855//855 660//660 849//849
f 858//858 849//849 699//699
f 855//855 849//849 858//858
f 686//686 850//850 807//807
f 850//850 699//699 848//848
f 807//807 848//848 644//644
f 850//850 848//848 807//807
f 701//701 858//858 856//856
f 858//858 699//699 850//850
f 856//856 850//850 686//686
f 858//858 850//850 856//856
f 659//659 859//859 845//845
f 859//859 702//702 862//862
f 845//845 862//862 698//698
f 859//859 862//862 845//845
f 702//702 860//860 864//864
f 860//860 660//660 855//855
f 864//864 855//855 701//701
f 860//860 855//855 864//864
f 698//698 857//857 844//844
f 857//857 701//701 854//854
f 844//844 854//854 655//655
f 857//857 854//854 844//844
f 702//702 864//864 862//862
f 864//864 701//701 857//857
f 862//862 857//857 698//698
f 864//864 857//857 862//862
f 643//643 805//805 895//895
f 805//805 685//685 897//897
f 895//895 897//897 712//712
f 805//805 897//897 895//895
f 685//685 806//806 902//902
f 806//806 655//655 900//900
f 902//902 900//900 714//714
f 806//806 900//900 902//902
f 712//712 903//903 896//896
f 903//903 714//714 901//901
f 896//896 901//901 664//664
f 903//903 901//901 896//896
f 685//685 902//902 897//897
f 902//902 714//714 903//903
f 897//897 903//903 712//712
f 902//902 903//903 897//897
f 655//655 808//808 910//910
f 808//808 686//686 912//912
f 910//910 912//912 717//717
f 808//808 912//912 910//910
f 686//686 807//807 906//906
f 807//807 644//644 904//904
f 906//906 904//904 715//715
f 807//807 904//904 906//906
f 717//717 914//914 911//911
f 914//914 715//715 905//905
f 911//911 905//905 665//665
f 914//914 905//905 911//911
f 686//686 906//906 912//912
f 906//906 715//715 914//914
f 912//912 914//914 717//717
f 906//906 914//914 912//912
f 664//664 915//915 899//899
f 915//915 718//718 917//917
f 899//899 917//917 713//713
f 915//915 917//917 899//899
f 718//718 916//916 919//919
f 916//916 665//665 908//908
f 919//919 908//908 716//716
f 916//916 908//908 919//919
f 713//713 909//909 898//898
f 909//909 716//716 907//907
f 898//898 907//907 650//650
f 909//909 907//907 898//898
f 718//718 919//919 917//917
f 919//919 716//716 909//909
f 917//917 909//909 713//713
f 919//919 909//909 917//917
f 655//655 910//910 900//900
f 910//910 717//717 913//913
f 900//900 913//913 714//714
f 910//910 913//913 900//900
f 717//717 911//911 920//920
f 911//911 665//665 916//916
f 920//920 916//916 718//718
f 911//911 916//916 920//920
f 714//714 918//918 901//901
f 918//918 718//718 915//915
f 901//901 915//915 664//664
f 918//918 915//915 901//901
f 717//717 920//920 913//913
f 920//920 718//718 918//918
f 913//913 918//918 714//714
f 920//920 918//918 913//913
f 643//643 895//895 1105//1105
f 895//895 712//712 1107//1107
f 1105//1105 1107//1107 763//763
f 895//895 1107//1107 1105//1105
f 712//712 896//896 1112//1112
f 896//896 664//664 1110//1110
f 1112//1112 1110//1110 765//765
f 896//896 1110//1110 1112//1112
f 763//763 1113//1113 1106//1106
f 1113//1113 765//765 1111//1111
f 1106//1106 1111//1111 676//676
f 1113//1113 1111//1111 1106//1106
f 712//712 1112//1112 1107//1107
f 1112//1112 765//765 1113//1113
f 1107//1107 1113//1113 763//763
f 1112//1112 1113//1113 1107//1107
f 664//664 899//899 1153//1153
f 899//899 713//713 1155//1155
f 1153//1153 1155//1155 776//776
f 899//899 1155//1155 1153//1153
f 713//713 898//898 1147//1147
f 898//898 650//650 1145//1145
f 1147//1147 1145//1145 774//774
f 898//898 1145//1145 1147//1147
f 776//776 1157//1157 1154//1154
f 1157//1157 774//774 1146//1146
f 1154//1154 1146//1146 679//679
f 1157//1157 1146//1146 1154//1154
f 713//713 1147//1147 1155//1155
f 1147//1147 774//774 1157//1157
f 1155//1155 1157//1157 776//776
f 1147//1147 1157//1157 1155//1155
f 676//676 1163//1163 1109//1109
f 1163//1163 778//778 1165//1165
f 1109//1109 1165//1165 764//764
f 1163//1163 1165//1165 1109//1109
f 778//778 1164//1164 1167//1167
f 1164//1164 679//679 1150//1150
f 1167//1167 1150//1150 775//775
f 1164//1164 1150//1150 1167//1167
f 764//764 1151//1151 1108//1108
f 1151//1151 775//775 1149//1149
f 1108//1108 1149//1149 653//653
f 1151//1151 1149//1149 1108//1108
f 778//778 1167//1167 1165//1165
f 1167//1167 775//775 1151//1151
f 1165//1165 1151//1151 764//764
f 1167//1167 1151//1151 1165//1165
f 664//664 1153//1153 1110//1110
f 1153//1153 776//776 1156//1156
f 1110//1110 1156//1156 765//765
f 1153//1153 1156//1156 1110//1110
f 776//776 1154//1154 1168//1168
f 1154//1154 679//679 1164//1164
f 1168//1168 1164//1164 778//778
f 1154//1154 1164//1164 1168//1168
f 765//765 1166//1166 1111//1111
f 1166//1166 778//778 1163//1163
f 1111//1111 1163//1163 676//676
f 1166//1166 1163//1163 1111//1111
f 776//776 1168//1168 1156//1156
f 1168//1168 778//778 1166//1166
f 1156//1156 1166//1166 765//765
f 1168//1168 1166//1166 1156//1156
f 643//643 1105//1105 1175//1175
f 1105//1105 763//763 1178//1178
f 1175//1175 1178//1178 780//780
f 1105//1105 1178//1178 1175//1175
f 763//763 1106//1106 1187//1187
f 1106//1106 676//676 1185//1185
f 1187//1187 1185//1185 783//783
f 1106//1106 1185//1185 1187//1187
f 780//780 1188//1188 1176//1176
f 1188//1188 783//783 1186//1186
f 1176//1176 1186//1186 680//680
f 1188//1188 1186//1186 1176//1176
f 763//763 1187//1187 1178//1178
f 1187//1187 783//783 1188//1188
f 1178//1178 1188//1188 780//780
f 1187//1187 1188//1188 1178//1178
f 676//676 1109//1109 1263//1263
f 1109//1109 764//764 1265//1265
f 1263//1263 1265//1265 801//801
f 1109//1109 1265//1265 1263//1263
f 764//764 1108//1108 1257//1257
f 1108//1108 653//653 1255//1255
f 1257//1257 1255//1255 799//799
f 1108//1108 1255//1255 1257//1257
f 801//801 1267//1267 1264//1264
f 1267//1267 799//799 1256//1256
f 1264//1264 1256//1256 684//684
f 1267//1267 1256//1256 1264//1264
f 764//764 1257//1257 1265//1265
f 1257//1257 799//799 1267//1267
f 1265//1265 1267//1267 801//801
f 1257//1257 1267//1267 1265//1265
f 680//680 1273//1273 1180//1180
f 1273//1273 803//803 1275//1275
f 1180//1180 1275//1275 781//781
f 1273//1273 1275//1275 1180//1180
f 803//803 1274//1274 1277//1277
f 1274//1274 684//684 1260//1260
f 1277//1277 1260//1260 800//800
f 1274//1274 1260//1260 1277//1277
f 781//781 1261//1261 1179//1179
f 1261//1261 800//800 1259//1259
f 1179//1179 1259//1259 654//654
f 1261//1261 1259//1259 1179//1179
f 803//803 1277//1277 1275//1275
f 1277//1277 800//800 1261//1261
f 1275//1275 1261//1261 781//781
f 1277//1277 1261//1261 1275//1275
f 676//676 1263//1263 1185//1185
f 1263//1263 801//801 1266//1266
f 1185//1185 1266//1266 783//783
f 1263//1263 1266//1266 1185//1185
f 801//801 1264//1264 1278//1278
f 1264//1264 684//684 1274//1274
f 1278//1278 1274//1274 803//803
f 1264//1264 1274//1274 1278//1278
f 783//783 1276//1276 1186//1186
f 1276//1276 803//803 1273//1273
f 1186//1186 1273//1273 680//680
f 1276//1276 1273//1273 1186//1186
f 801//801 1278//1278 1266//1266
f 1278//1278 803//803 1276//1276
f 1266//1266 1276//1276 783//783
f 1278//1278 1276//1276 1266//1266
f 644//644 848//848 995//995
f 848//848 699//699 997//997
f 995//995 997//997 738//738
f 848//848 997//997 995//995
f 699//699 849//849 1003//1003
f 849//849 660//660 1001//1001
f 1003//1003 1001//1001 740//740
f 849//849 1001//1001 1003//1003
f 738//738 1004//1004 996//996
f 1004//1004 740//740 1002//1002
f 996//996 1002//1002 671//671
f 1004//1004 1002//1002 996//996
f 699//699 1003//1003 997//997
f 1003//1003 740//740 1004//1004
f 997//997 1004//1004 738//738
f 1003//1003 1004//1004 997//997
f 660//660 852//852 1053//1053
f 852//852 700//700 1055//1055
f 1053//1053 1055//1055 753//753
f 852//852 1055//1055 1053//1053
f 700//700 851//851 1047//1047
f 851//851 648//648 1045//1045
f 1047//1047 1045//1045 751//751
f 851//851 1045//1045 1047//1047
f 753//753 1057//1057 1054//1054
f 1057//1057 751//751 1046//1046
f 1054//1054 1046//1046 674//674
f 1057//1057 1046//1046 1054//1054
f 700//700 1047//1047 1055//1055
f 1047//1047 751//751 1057//1057
f 1055//1055 1057//1057 753//753
f 1047//1047 1057//1057 1055//1055
f 671//671 1063//1063 1000//1000
f 1063//1063 755//755 1065//1065
f 1000//1000 1065//1065 739//739
f 1063//1063 1065//1065 1000//1000
f 755//755 1064//1064 1067//1067
f 1064//1064 674//674 1050//1050
f 1067//1067 1050//1050 752//752
f 1064//1064 1050//1050 1067//1067
f 739//739 1051//1051 999//999
f 1051//1051 752//752 1049//1049
f 999//999 1049//1049 652//652
f 1051//1051 1049//1049 999//999
f 755//755 1067//1067 1065//1065
f 1067//1067 752//752 1051//1051
f 1065//1065 1051//1051 739//739
f 1067//1067 1051//1051 1065//1065
f 660//660 1053//1053 1001//1001
f 1053//1053 753//753 1056//1056
f 1001//1001 1056//1056 740//740
f 1053//1053 1056//1056 1001//1001
f 753//753 1054//1054 1068//1068
f 1054//1054 674//674 1064//1064
f 1068//1068 1064//1064 755//755
f 1054//1054 1064//1064 1068//1068
f 740//740 1066//1066 1002//1002
f 1066//1066 755//755 1063//1063
f 1002//1002 1063//1063 671//671
f 1066//1066 1063//1063 1002//1002
f 753//753 1068//1068 1056//1056
f 1068//1068 755//755 1066//1066
f 1056//1056 1066//1066 740//740
f 1068//1068 1066//1066 1056//1056
f 648//648 1225//1225 867//867
f 1225//1225 793//793 1228//1228
f 867//867 1228//1228 704//704
f 1225//1225 1228//1228 867//867
f 793//793 1226//1226 1242//1242
f 1226//1226 683//683 1239//1239
f 1242//1242 1239//1239 796//796
f 1226//1226 1239//1239 1242//1242
f 704//704 1240//1240 868//868
f 1240//1240 796//796 1238//1238
f 868//868 1238//1238 661//661
f 1240//1240 1238//1238 868//868
f 793//793 1242//1242 1228//1228
f 1242//1242 796//796 1240//1240
f 1228//1228 1240//1240 704//704
f 1242//1242 1240//1240 1228//1228
f 683//683 1230//1230 1250//1250
f 1230//1230 794//794 1253//1253
f 1250//1250 1253//1253 798//798
f 1230//1230 1253//1253 1250//1250
f 794//794 1229//1229 1232//1232
f 1229//1229 654//654 1207//1207
f 1232//1232 1207//1207 789//789
f 1229//1229 1207//1207 1232//1232
f 798//798 1251//1251 1249//1249
f 1251//1251 789//789 1208//1208
f 1249//1249 1208//1208 682//682
f 1251//1251 1208//1208 1249//1249
f 794//794 1232//1232 1253//1253
f 1232//1232 789//789 1251//1251
f 1253//1253 1251//1251 798//798
f 1232//1232 1251//1251 1253//1253
f 661//661 1215//1215 866//866
f 1215//1215 791//791 1217//1217
f 866//866 1217//1217 703//703
f 1215//1215 1217//1217 866//866
f 791//791 1216//1216 1218//1218
f 1216//1216 682//682 1204//1204
f 1218//1218 1204//1204 788//788
f 1216//1216 1204//1204 1218//1218
f 703//703 1206//1206 865//865
f 1206//1206 788//788 1203//1203
f 865//865 1203//1203 647//647
f 1206//1206 1203//1203 865//865
f 791//791 1218//1218 1217//1217
f 1218//1218 788//788 1206//1206
f 1217//1217 1206//1206 703//703
f 1218//1218 1206//1206 1217//1217
f 683//683 1250//1250 1239//1239
f 1250//1250 798//798 1254//1254
f 1239//1239 1254//1254 796//796
f 1250//1250 1254//1254 1239//1239
f 798//798 1249//1249 1252//1252
f 1249//1249 682//682 1216//1216
f 1252//1252 1216//1216 791//791
f 1249//1249 1216//1216 1252//1252
f 796//796 1241//1241 1238//1238
f 1241//1241 791//791 1215//1215
f 1238//1238 1215//1215 661//661
f 1241//1241 1215//1215 1238//1238
f 798//798 1252//1252 1254//1254
f 1252//1252 791//791 1241//1241
f 1254//1254 1241//1241 796//796
f 1252//1252 1241//1241 1254//1254
f 654//654 1259//1259 1193//1193
f 1259//1259 800//800 1262//1262
f 1193//1193 1262//1262 785//785
f 1259//1259 1262//1262 1193//1193
f 800//800 1260//1260 1283//1283
f 1260//1260 684//684 1280//1280
f 1283//1283 1280//1280 804//804
f 1260//1260 1280//1280 1283//1283
f 785//785 1281//1281 1194//1194
f 1281//1281 804//804 1279//1279
f 1194//1194 1279//1279 681//681
f 1281//1281 1279//1279 1194//1194
f 800//800 1283//1283 1262//1262
f 1283//1283 804//804 1281//1281
f 1262//1262 1281//1281 785//785
f 1283//1283 1281//1281 1262//1262
f 684//684 1256//1256 1269//1269
f 1256//1256 799//799 1272//1272
f 1269//1269 1272//1272 802//802
f 1256//1256 1272//1272 1269//1269
f 799//799 1255//1255 1258//1258
f 1255//1255 653//653 1117//1117
f 1258//1258 1117//1117 767//767
f 1255//1255 1117//1117 1258//1258
f 802//802 1270//1270 1268//1268
f 1270//1270 767//767 1118//1118
f 1268//1268 1118//1118 677//677
f 1270//1270 1118//1118 1268//1268
f 799//799 1258//1258 1272//1272
f 1258//1258 767//767 1270//1270
f 1272//1272 1270//1270 802//802
f 1258//1258 1270//1270 1272//1272
f 681//681 1200//1200 1190//1190
f 1200//1200 787//787 1202//1202
f 1190//1190 1202//1202 784//784
f 1200//1200 1202//1202 1190//1190
f 787//787 1199//1199 1201//1201
f 1199//1199 677//677 1115//1115
f 1201//1201 1115//1115 766//766
f 1199//1199 1115//1115 1201//1201
f 784//784 1192//1192 1189//1189
f 1192//1192 766//766 1114//1114
f 1189//1189 1114//1114 645//645
f 1192//1192 1114//1114 1189//1189
f 787//787 1201//1201 1202//1202
f 1201//1201 766//766 1192//1192
f 1202//1202 1192//1192 784//784
f 1201//1201 1192//1192 1202//1202
f 684//684 1269//1269 1280//1280
f 1269//1269 802//802 1284//1284
f 1280//1280 1284//1284 804//804
f 1269//1269 1284//1284 1280//1280
f 802//802 1268//1268 1271//1271
f 1268//1268 677//677 1199//1199
f 1271//1271 1199//1199 787//787
f 1268//1268 1199//1199 1271//1271
f 804//804 1282//1282 1279//1279
f 1282//1282 787//787 1200//1200
f 1279//1279 1200//1200 681//681
f 1282//1282 1200//1200 1279//1279
f 802//802 1271//1271 1284//1284
f 1271//1271 787//787 1282//1282
f 1284//1284 1282//1282 804//804
f 1271//1271 1282//1282 1284//1284
f 653//653 1149//1149 1127//1127
f 1149//1149 775//775 1152//1152
f 1127//1127 1152//1152 770//770
f 1149//1149 1152//1152 1127//1127
f 775//775 1150//1150 1173//1173
f 1150//1150 679//679 1170//1170
f 1173//1173 1170//1170 779//779
f 1150//1150 1170//1170 1173//1173
f 770//770 1171//1171 1128//1128
f 1171//1171 779//779 1169//1169
f 1128//1128 1169//1169 678//678
f 1171//1171 1169//1169 1128//1128
f 775//775 1173//1173 1152//1152
f 1173//1173 779//779 1171//1171
f 1152//1152 1171//1171 770//770
f 1173//1173 1171//1171 1152//1152
f 679//679 1146//1146 1159//1159
f 1146//1146 774//774 1162//1162
f 1159//1159 1162//1162 777//777
f 1146//1146 1162//1162 1159//1159
f 774//774 1145//1145 1148//1148
f 1145//1145 650//650 923//923
f 1148//1148 923//923 720//720
f 1145//1145 923//923 1148//1148
f 777//777 1160//1160 1158//1158
f 1160//1160 720//720 924//924
f 1158//1158 924//924 666//666
f 1160//1160 924//924 1158//1158
f 774//774 1148//1148 1162//1162
f 1148//1148 720//720 1160//1160
f 1162//1162 1160//1160 777//777
f 1148//1148 1160//1160 1162//1162
f 678//678 1136//1136 1124//1124
f 1136//1136 772//772 1138//1138
f 1124//1124 1138//1138 769//769
f 1136//1136 1138//1138 1124//1124
f 772//772 1135//1135 1137//1137
f 1135//1135 666//666 922//922
f 1137//1137 922//922 719//719
f 1135//1135 922//922 1137//1137
f 769//769 1126//1126 1123//1123
f 1126//1126 719//719 921//921
f 1123//1123 921//921 649//649
f 1126//1126 921//921 1123//1123
f 772//772 1137//1137 1138//1138
f 1137//1137 719//719 1126//1126
f 1138//1138 1126//1126 769//769
f 1137//1137 1126//1126 1138//1138
f 679//679 1159//1159 1170//1170
f 1159//1159 777//777 1174//1174
f 1170//1170 1174//1174 779//779
f 1159//1159 1174//1174 1170//1170
f 777//777 1158//1158 1161//1161
f 1158//1158 666//666 1135//1135
f 1161//1161 1135//1135 772//772
f 1158//1158 1135//1135 1161//1161
f 779//779 1172//1172 1169//1169
f 1172//1172 772//772 1136//1136
f 1169//1169 1136//1136 678//678
f 1172//1172 1136//1136 1169//1169
f 777//777 1161//1161 1174//1174
f 1161//1161 772//772 1172//1172
f 1174//1174 1172//1172 779//779
f 1161//1161 1172//1172 1174//1174
f 650//650 907//907 965//965
f 907//907 716//716 967//967
f 965//965 967//967 732//732
f 907//907 967//967 965//965
f 716//716 908//908 975//975
f 908//908 665//665 973//973
f 975//975 973//973 734//734
f 908//908 973//973 975//975
f 732//732 977//977 966//966
f 977//977 734//734 974//974
f 966//966 974//974 670//670
f 977//977 974//974 966//966
f 716//716 975//975 967//967
f 975//975 734//734 977//977
f 967//967 977//977 732//732
f 975//975 977//977 967//967
f 665//665 905//905 930//930
f 905//905 715//715 932//932
f 930//930 932//932 723//723
f 905//905 932//932 930//930
f 715//715 904//904 927//927
f 904//904 644//644 925//925
f 927//927 925//925 721//721
f 904//904 925//925 927//927
f 723//723 933//933 931//931
f 933//933 721//721 926//926
f 931//931 926//926 667//667
f 933//933 926//926 931//931
f 715//715 927//927 932//932
f 927//927 721//721 933//933
f 932//932 933//933 723//723
f 927//927 933//933 932//932
f 670//670 984//984 970//970
f 984//984 736//736 987//987
f 970//970 987//987 733//733
f 984//984 987//987 970//970
f 736//736 983//983 985//985
f 983//983 667//667 929//929
f 985//985 929//929 722//722
f 983//983 929//929 985//985
f 733//733 971//971 969//969
f 971//971 722//722 928//928
f 969//969 928//928 651//651
f 971//971 928//928 969//969
f 736//736 985//985 987//987
f 985//985 722//722 971//971
f 987//987 971//971 733//733
f 985//985 971//971 987//987
f 665//665 930//930 973//973
f 930//930 723//723 976//976
f 973//973 976//976 734//734
f 930//930 976//976 973//973
f 723//723 931//931 986//986
f 931//931 667//667 983//983
f 986//986 983//983 736//736
f 931//931 983//983 986//986
f 734//734 988//988 974//974
f 988//988 736//736 984//984
f 974//974 984//984 670//670
f 988//988 984//984 974//974
f 723//723 986//986 976//976
f 986//986 736//736 988//988
f 976//976 988//988 734//734
f 986//986 988//988 976//976
f 646//646 1009//1009 822//822
f 1009//1009 742//742 1011//1011
f 822//822 1011//1011 692//692
f 1009//1009 1011//1011 822//822
f 742//742 1010//1010 1018//1018
f 1010//1010 672//672 1016//1016
f 1018//1018 1016//1016 744//744
f 1010//1010 1016//1016 1018//1018
f 692//692 1017//1017 823//823
f 1017//1017 744//744 1015//1015
f 823//823 1015//1015 658//658
f 1017//1017 1015//1015 823//823
f 742//742 1018//1018 1011//1011
f 1018//1018 744//744 1017//1017
f 1011//1011 1017//1017 692//692
f 1018//1018 1017//1017 1011//1011
f 672//672 1014//1014 1039//1039
f 1014//1014 743//743 1041//1041
f 1039//1039 1041//1041 750//750
f 1014//1014 1041//1041 1039//1039
f 743//743 1013//1013 1029//1029
f 1013//1013 652//652 1027//1027
f 1029//1029 1027//1027 747//747
f 1013//1013 1027//1027 1029//1029
f 750//750 1043//1043 1040//1040
f 1043//1043 747//747 1028//1028
f 1040//1040 1028//1028 673//673
f 1043//1043 1028//1028 1040//1040
f 743//743 1029//1029 1041//1041
f 1029//1029 747//747 1043//1043
f 1041//1041 1043//1043 750//750
f 1029//1029 1043//1043 1041//1041
f 658//658 1030//1030 826//826
f 1030//1030 748//748 1032//1032
f 826//826 1032//1032 693//693
f 1030//1030 1032//1032 826//826
f 748//748 1031//1031 1034//1034
f 1031//1031 673//673 1024//1024
f 1034//1034 1024//1024 746//746
f 1031//1031 1024//1024 1034//1034
f 693//693 1025//1025 825//825
f 1025//1025 746//746 1023//1023
f 825//825 1023//1023 647//647
f 1025//1025 1023//1023 825//825
f 748//748 1034//1034 1032//1032
f 1034//1034 746//746 1025//1025
f 1032//1032 1025//1025 693//693
f 1034//1034 1025//1025 1032//1032
f 672//672 1039//1039 1016//1016
f 1039//1039 750//750 1042//1042
f 1016//1016 1042//1042 744//744
f 1039//1039 1042//1042 1016//1016
f 750//750 1040//1040 1044//1044
f 1040//1040 673//673 1031//1031
f 1044//1044 1031//1031 748//748
f 1040//1040 1031//1031 1044//1044
f 744//744 1033//1033 1015//1015
f 1033//1033 748//748 1030//1030
f 1015//1015 1030//1030 658//658
f 1033//1033 1030//1030 1015//1015
f 750//750 1044//1044 1042//1042
f 1044//1044 748//748 1033//1033
f 1042//1042 1033//1033 744//744
f 1044//1044 1033//1033 1042//1042
f 646//646 822//822 811//811
f 822//822 692//692 824//824
f 811//811 824//824 688//688
f 822//822 824//824 811//811
f 692//692 823//823 832//832
f 823//823 658//658 829//829
f 832//832 829//829 694//694
f 823//823 829//829 832//832
f 688//688 830//830 812//812
f 830//830 694//694 828//828
f 812//812 828//828 656//656
f 830//830 828//828 812//812
f 692//692 832//832 824//824
f 832//832 694//694 830//830
f 824//824 830//830 688//688
f 832//832 830//830 824//824
f 658//658 826//826 834//834
f 826//826 693//693 837//837
f 834//834 837//837 695//695
f 826//826 837//837 834//834
f 693//693 825//825 827//827
f 825//825 647//647 816//816
f 827//827 816//816 690//690
f 825//825 816//816 827//827
f 695//695 835//835 833//833
f 835//835 690//690 817//817
f 833//833 817//817 657//657
f 835//835 817//817 833//833
f 693//693 827//827 837//837
f 827//827 690//690 835//835
f 837//837 835//835 695//695
f 827//827 835//835 837//837
f 656//656 818//818 810//810
f 818//818 691//691 820//820
f 810//810 820//820 687//687
f 818//818 820//820 810//810
f 691//691 819//819 821//821
f 819//819 657//657 814//814
f 821//821 814//814 689//689
f 819//819 814//814 821//821
f 687//687 815//815 809//809
f 815//815 689//689 813//813
f 809//809 813//813 645//645
f 815//815 813//813 809//809
f 691//691 821//821 820//820
f 821//821 689//689 815//815
f 820//820 815//815 687//687
f 821//821 815//815 820//820
f 658//658 834//834 829//829
f 834//834 695//695 838//838
f 829//829 838//838 694//694
f 834//834 838//838 829//829
f 695//695 833//833 836//836
f 833//833 657//657 819//819
f 836//836 819//819 691//691
f 833//833 819//819 836//836
f 694//694 831//831 828//828
f 831//831 691//691 818//818
f 828//828 818//818 656//656
f 831//831 818//818 828//828
f 695//695 836//836 838//838
f 836//836 691//691 831//831
f 838//838 831//831 694//694
f 836//836 831//831 838//838
f 646//646 811//811 878//878
f 811//811 688//688 880//880
f 878//878 880//880 708//708
f 811//811 880//880 878//878
f 688//688 812//812 886//886
f 812//812 656//656 884//884
f 886//886 884//884 710//710
f 812//812 884//884 886//886
f 708//708 888//888 879//879
f 888//888 710//710 885//885
f 879//879 885//885 663//663
f 888//888 885//885 879//879
f 688//688 886//886 880//880
f 886//886 710//710 888//888
f 880//880 888//888 708//708
f 886//886 888//888 880//880
f 656//656 810//810 874//874
f 810//810 687//687 876//876
f 874//874 876//876 707//707
f 810//810 876//876 874//874
f 687//687 809//809 871//871
f 809//809 645//645 869//869
f 871//871 869//869 705//705
f 809//809 869//869 871//871
f 707//707 877//877 875//875
f 877//877 705//705 870//870
f 875//875 870//870 662//662
f 877//877 870//870 875//875
f 687//687 871//871 876//876
f 871//871 705//705 877//877
f 876//876 877//877 707//707
f 871//871 877//877 876//876
f 663//663 890//890 882//882
f 890//890 711//711 893//893
f 882//882 893//893 709//709
f 890//890 893//893 882//882
f 711//711 889//889 891//891
f 889//889 662//662 873//873
f 891//891 873//873 706//706
f 889//889 873//873 891//891
f 709//709 883//883 881//881
f 883//883 706//706 872//872
f 881//881 872//872 649//649
f 883//883 872//872 881//881
f 711//711 891//891 893//893
f 891//891 706//706 883//883
f 893//893 883//883 709//709
f 891//891 883//883 893//893
f 656//656 874//874 884//884
f 874//874 707//707 887//887
f 884//884 887//887 710//710
f 874//874 887//887 884//884
f 707//707 875//875 892//892
f 875//875 662//662 889//889
f 892//892 889//889 711//711
f 875//875 889//889 892//892
f 710//710 894//894 885//885
f 894//894 711//711 890//890
f 885//885 890//890 663//663
f 894//894 890//890 885//885
f 707//707 892//892 887//887
f 892//892 711//711 894//894
f 887//887 894//894 710//710
f 892//892 894//894 887//887
f 646//646 878//878 934//934
f 878//878 708//708 936//936
f 934//934 936//936 724//724
f 878//878 936//936 934//934
f 708//708 879//879 941//941
f 879//879 663//663 939//939
f 941//941 939//939 726//726
f 879//879 939//939 941//941
f 724//724 942//942 935//935
f 942//942 726//726 940//940
f 935//935 940//940 668//668
f 942//942 940//940 935//935
f 708//708 941//941 936//936
f 941//941 726//726 942//942
f 936//936 942//942 724//724
f 941//941 942//942 936//936
f 663//663 882//882 950//950
f 882//882 709//709 952//952
f 950//950 952//952 729//729
f 882//882 952//952 950//950
f 709//709 881//881 945//945
f 881//881 649//649 943//943
f 945//945 943//943 727//727
f 881//881 943//943 945//945
f 729//729 954//954 951//951
f 954//954 727//727 944//944
f 951//951 944//944 669//669
f 954//954 944//944 951//951
f 709//709 945//945 952//952
f 945//945 727//727 954//954
f 952//952 954//954 729//729
f 945//945 954//954 952//952
f 668//668 959//959 938//938
f 959//959 731//731 961//961
f 938//938 961//961 725//725
f 959//959 961//961 938//938
f 731//731 960//960 963//963
f 960//960 669//669 948//948
f 963//963 948//948 728//728
f 960//960 948//948 963//963
f 725//725 949//949 937//937
f 949//949 728//728 947//947
f 937//937 947//947 651//651
f 949//949 947//947 937//937
f 731//731 963//963 961//961
f 963//963 728//728 949//949
f 961//961 949//949 725//725
f 963//963 949//949 961//961
f 663//663 950//950 939//939
f 950//950 729//729 953//953
f 939//939 953//953 726//726
f 950//950 953//953 939//939
f 729//729 951//951 964//964
f 951//951 669//669 960//960
f 964//964 960//960 731//731
f 951//951 960//960 964//964
f 726//726 962//962 940//940
f 962//962 731//731 959//959
f 940//940 959//959 668//668
f 962//962 959//959 940//940
f 729//729 964//964 953//953
f 964//964 731//731 962//962
f 953//953 962//962 726//726
f 964//964 962//962 953//953
f 646//646 934//934 1009//1009
f 934//934 724//724 1012//1012
f 1009//1009 1012//1012 742//742
f 934//934 1012//1012 1009//1009
f 724//724 935//935 1021//1021
f 935//935 668//668 1019//1019
f 1021//1021 1019//1019 745//745
f 935//935 1019//1019 1021//1021
f 742//742 1022//1022 1010//1010
f 1022//1022 745//745 1020//1020
f 1010//1010 1020//1020 672//672
f 1022//1022 1020//1020 1010//1010
f 724//724 1021//1021 1012//1012
f 1021//1021 745//745 1022//1022
f 1012//1012 1022//1022 742//742
f 1021//1021 1022//1022 1012//1012
f 668//668 938//938 1088//1088
f 938//938 725//725 1090//1090
f 1088//1088 1090//1090 760//760
f 938//938 1090//1090 1088//1088
f 725//725 937//937 1078//1078
f 937//937 651//651 1075//1075
f 1078//1078 1075//1075 757//757
f 937//937 1075//1075 1078//1078
f 760//760 1092//1092 1089//1089
f 1092//1092 757//757 1076//1076
f 1089//1089 1076//1076 675//675
f 1092//1092 1076//1076 1089//1089
f 725//725 1078//1078 1090//1090
f 1078//1078 757//757 1092//1092
f 1090//1090 1092//1092 760//760
f 1078//1078 1092//1092 1090//1090
f 672//672 1099//1099 1014//1014
f 1099//1099 762//762 1101//1101
f 1014//1014 1101//1101 743//743
f 1099//1099 1101//1101 1014//1014
f 762//762 1100//1100 1103//1103
f 1100//1100 675//675 1080//1080
f 1103//1103 1080//1080 758//758
f 1100//1100 1080//1080 1103//1103
f 743//743 1082//1082 1013//1013
f 1082//1082 758//758 1079//1079
f 1013//1013 1079//1079 652//652
f 1082//1082 1079//1079 1013//1013
f 762//762 1103//1103 1101//1101
f 1103//1103 758//758 1082//1082
f 1101//1101 1082//1082 743//743
f 1103//1103 1082//1082 1101//1101
f 668//668 1088//1088 1019//1019
f 1088//1088 760//760 1091//1091
f 1019//1019 1091//1091 745//745
f 1088//1088 1091//1091 1019//1019
f 760//760 1089//1089 1104//1104
f 1089//1089 675//675 1100//1100
f 1104//1104 1100//1100 762//762
f 1089//1089 1100//1100 1104//1104
f 745//745 1102//1102 1020//1020
f 1102//1102 762//762 1099//1099
f 1020//1020 1099//1099 672//672
f 1102//1102 1099//1099 1020//1020
f 760//760 1104//1104 1091//1091
f 1104//1104 762//762 1102//1102
f 1091//1091 1102//1102 745//745
f 1104//1104 1102//1102 1091//1091
f 647//647 1023//1023 865//865
f 1023//1023 746//746 1026//1026
f 865//865 1026//1026 703//703
f 1023//1023 1026//1026 865//865
f 746//746 1024//1024 1038//1038
f 1024//1024 673//673 1036//1036
f 1038//1038 1036//1036 749//749
f 1024//1024 1036//1036 1038//1038
f 703//703 1037//1037 866//866
f 1037//1037 749//749 1035//1035
f 866//866 1035//1035 661//661
f 1037//1037 1035//1035 866//866
f 746//746 1038//1038 1026//1026
f 1038//1038 749//749 1037//1037
f 1026//1026 1037//1037 703//703
f 1038//1038 1037//1037 1026//1026
f 673//673 1028//1028 1069//1069
f 1028//1028 747//747 1071//1071
f 1069//1069 1071//1071 756//756
f 1028//1028 1071//1071 1069//1069
f 747//747 1027//1027 1052//1052
f 1027//1027 652//652 1049//1049
f 1052//1052 1049//1049 752//752
f 1027//1027 1049//1049 1052//1052
f 756//756 1073//1073 1070//1070
f 1073//1073 752//752 1050//1050
f 1070//1070 1050//1050 674//674
f 1073//1073 1050//1050 1070//1070
f 747//747 1052//1052 1071//1071
f 1052//1052 752//752 1073//1073
f 1071//1071 1073//1073 756//756
f 1052//1052 1073//1073 1071//1071
f 661//661 1058//1058 868//868
f 1058//1058 754//754 1060//1060
f 868//868 1060//1060 704//704
f 1058//1058 1060//1060 868//868
f 754//754 1059//1059 1062//1062
f 1059//1059 674//674 1046//1046
f 1062//1062 1046//1046 751//751
f 1059//1059 1046//1046 1062//1062
f 704//704 1048//1048 867//867
f 1048//1048 751//751 1045//1045
f 867//867 1045//1045 648//648
f 1048//1048 1045//1045 867//867
f 754//754 1062//1062 1060//1060
f 1062//1062 751//751 1048//1048
f 1060//1060 1048//1048 704//704
f 1062//1062 1048//1048 1060//1060
f 673//673 1069//1069 1036//1036
f 1069//1069 756//756 1072//1072
f 1036//1036 1072//1072 749//749
f 1069//1069 1072//1072 1036//1036
f 756//756 1070//1070 1074//1074
f 1070//1070 674//674 1059//1059
f 1074//1074 1059//1059 754//754
f 1070//1070 1059//1059 1074//1074
f 749//749 1061//1061 1035//1035
f 1061//1061 754//754 1058//1058
f 1035//1035 1058//1058 661//661
f 1061//1061 1058//1058 1035//1035
f 756//756 1074//1074 1072//1072
f 1074//1074 754//754 1061//1061
f 1072//1072 1061//1061 749//749
f 1074//1074 1061//1061 1072//1072
f 645//645 813//813 1189//1189
f 813//813 689//689 1191//1191
f 1189//1189 1191//1191 784//784
f 813//813 1191//1191 1189//1189
f 689//689 814//814 1197//1197
f 814//814 657//657 1195//1195
f 1197//1197 1195//1195 786//786
f 814//814 1195//1195 1197//1197
f 784//784 1198//1198 1190//1190
f 1198//1198 786//786 1196//1196
f 1190//1190 1196//1196 681//681
f 1198//1198 1196//1196 1190//1190
f 689//689 1197//1197 1191//1191
f 1197//1197 786//786 1198//1198
f 1191//1191 1198//1198 784//784
f 1197//1197 1198//1198 1191//1191
f 657//657 817//817 1210//1210
f 817//817 690//690 1212//1212
f 1210//1210 1212//1212 790//790
f 817//817 1212//1212 1210//1210
f 690//690 816//816 1205//1205
f 816//816 647//647 1203//1203
f 1205//1205 1203//1203 788//788
f 816//816 1203//1203 1205//1205
f 790//790 1214//1214 1211//1211
f 1214//1214 788//788 1204//1204
f 1211//1211 1204//1204 682//682
f 1214//1214 1204//1204 1211//1211
f 690//690 1205//1205 1212//1212
f 1205//1205 788//788 1214//1214
f 1212//1212 1214//1214 790//790
f 1205//1205 1214//1214 1212//1212
f 681//681 1219//1219 1194//1194
f 1219//1219 792//792 1221//1221
f 1194//1194 1221//1221 785//785
f 1219//1219 1221//1221 1194//1194
f 792//792 1220//1220 1223//1223
f 1220//1220 682//682 1208//1208
f 1223//1223 1208//1208 789//789
f 1220//1220 1208//1208 1223//1223
f 785//785 1209//1209 1193//1193
f 1209//1209 789//789 1207//1207
f 1193//1193 1207//1207 654//654
f 1209//1209 1207//1207 1193//1193
f 792//792 1223//1223 1221//1221
f 1223//1223 789//789 1209//1209
f 1221//1221 1209//1209 785//785
f 1223//1223 1209//1209 1221//1221
f 657//657 1210//1210 1195//1195
f 1210//1210 790//790 1213//1213
f 1195//1195 1213//1213 786//786
f 1210//1210 1213//1213 1195//1195
f 790//790 1211//1211 1224//1224
f 1211//1211 682//682 1220//1220
f 1224//1224 1220//1220 792//792
f 1211//1211 1220//1220 1224//1224
f 786//786 1222//1222 1196//1196
f 1222//1222 792//792 1219//1219
f 1196//1196 1219//1219 681//681
f 1222//1222 1219//1219 1196//1196
f 790//790 1224//1224 1213//1213
f 1224//1224 792//792 1222//1222
f 1213//1213 1222//1222 786//786
f 1224//1224 1222//1222 1213//1213
f 649//649 872//872 1123//1123
f 872//872 706//706 1125//1125
f 1123//1123 1125//1125 769//769
f 872//872 1125//1125 1123//1123
f 706//706 873//873 1132//1132
f 873//873 662//662 1130//1130
f 1132//1132 1130//1130 771//771
f 873//873 1130//1130 1132//1132
f 769//769 1134//1134 1124//1124
f 1134//1134 771//771 1131//1131
f 1124//1124 1131//1131 678//678
f 1134//1134 1131//1131 1124//1124
f 706//706 1132//1132 1125//1125
f 1132//1132 771//771 1134//1134
f 1125//1125 1134//1134 769//769
f 1132//1132 1134//1134 1125//1125
f 662//662 870//870 1119//1119
f 870//870 705//705 1121//1121
f 1119//1119 1121//1121 768//768
f 870//870 1121//1121 1119//1119
f 705//705 869//869 1116//1116
f 869//869 645//645 1114//1114
f 1116//1116 1114//1114 766//766
f 869//869 1114//1114 1116//1116
f 768//768 1122//1122 1120//1120
f 1122//1122 766//766 1115//1115
f 1120//1120 1115//1115 677//677
f 1122//1122 1115//1115 1120//1120
f 705//705 1116//1116 1121//1121
f 1116//1116 766//766 1122//1122
f 1121//1121 1122//1122 768//768
f 1116//1116 1122//1122 1121//1121
f 678//678 1140//1140 1128//1128
f 1140//1140 773//773 1143//1143
f 1128//1128 1143//1143 770//770
f 1140//1140 1143//1143 1128//1128
f 773//773 1139//1139 1141//1141
f 1139//1139 677//677 1118//1118
f 1141//1141 1118//1118 767//767
f 1139//1139 1118//1118 1141//1141
f 770//770 1129//1129 1127//1127
f 1129//1129 767//767 1117//1117
f 1127//1127 1117//1117 653//653
f 1129//1129 1117//1117 1127//1127
f 773//773 1141//1141 1143//1143
f 1141//1141 767//767 1129//1129
f 1143//1143 1129//1129 770//770
f 1141//1141 1129//1129 1143//1143
f 662//662 1119//1119 1130//1130
f 1119//1119 768//768 1133//1133
f 1130//1130 1133//1133 771//771
f 1119//1119 1133//1133 1130//1130
f 768//768 1120//1120 1142//1142
f 1120//1120 677//677 1139//1139
f 1142//1142 1139//1139 773//773
f 1120//1120 1139//1139 1142//1142
f 771//771 1144//1144 1131//1131
f 1144//1144 773//773 1140//1140
f 1131//1131 1140//1140 678//678
f 1144//1144 1140//1140 1131//1131
f 768//768 1142//1142 1133//1133
f 1142//1142 773//773 1144//1144
f 1133//1133 1144//1144 771//771
f 1142//1142 1144//1144 1133//1133
f 651//651 947//947 969//969
f 947//947 728//728 972//972
f 969//969 972//972 733//733
f 947//947 972//972 969//969
f 728//728 948//948 991//991
f 948//948 669//669 989//989
f 991//991 989//989 737//737
f 948//948 989//989 991//991
f 733//733 993//993 970//970
f 993//993 737//737 990//990
f 970//970 990//990 670//670
f 993//993 990//990 970//970
f 728//728 991//991 972//972
f 991//991 737//737 993//993
f 972//972 993//993 733//733
f 991//991 993//993 972//972
f 669//669 944//944 956//956
f 944//944 727//727 958//958
f 956//956 958//958 730//730
f 944//944 958//958 956//956
f 727//727 943//943 946//946
f 943//943 649//649 921//921
f 946//946 921//921 719//719
f 943//943 921//921 946//946
f 730//730 957//957 955//955
f 957//957 719//719 922//922
f 955//955 922//922 666//666
f 957//957 922//922 955//955
f 727//727 946//946 958//958
f 946//946 719//719 957//957
f 958//958 957//957 730//730
f 946//946 957//957 958//958
f 670//670 979//979 966//966
f 979//979 735//735 982//982
f 966//966 982//982 732//732
f 979//979 982//982 966//966
f 735//735 978//978 980//980
f 978//978 666//666 924//924
f 980//980 924//924 720//720
f 978//978 924//924 980//980
f 732//732 968//968 965//965
f 968//968 720//720 923//923
f 965//965 923//923 650//650
f 968//968 923//923 965//965
f 735//735 980//980 982//982
f 980//980 720//720 968//968
f 982//982 968//968 732//732
f 980//980 968//968 982//982
f 669//669 956//956 989//989
f 956//956 730//730 992//992
f 989//989 992//992 737//737
f 956//956 992//992 989//989
f 730//730 955//955 981//981
f 955//955 666//666 978//978
f 981//981 978//978 735//735
f 955//955 978//978 981//981
f 737//737 994//994 990//990
f 994//994 735//735 979//979
f 990//990 979//979 670//670
f 994//994 979//979 990//990
f 730//730 981//981 992//992
f 981//981 735//735 994//994
f 992//992 994//994 737//737
f 981//981 994//994 992//992
f 652//652 1079//1079 999//999
f 1079//1079 758//758 1081//1081
f 999//999 1081//1081 739//739
f 1079//1079 1081//1081 999//999
f 758//758 1080//1080 1097//1097
f 1080//1080 675//675 1094//1094
f 1097//1097 1094//1094 761//761
f 1080//1080 1094//1094 1097//1097
f 739//739 1095//1095 1000//1000
f 1095//1095 761//761 1093//1093
f 1000//1000 1093//1093 671//671
f 1095//1095 1093//1093 1000//1000
f 758//758 1097//1097 1081//1081
f 1097//1097 761//761 1095//1095
f 1081//1081 1095//1095 739//739
f 1097//1097 1095//1095 1081//1081
f 675//675 1076//1076 1084//1084
f 1076//1076 757//757 1087//1087
f 1084//1084 1087//1087 759//759
f 1076//1076 1087//1087 1084//1084
f 757//757 1075//1075 1077//1077
f 1075//1075 651//651 928//928
f 1077//1077 928//928 722//722
f 1075//1075 928//928 1077//1077
f 759//759 1085//1085 1083//1083
f 1085//1085 722//722 929//929
f 1083//1083 929//929 667//667
f 1085//1085 929//929 1083//1083
f 757//757 1077//1077 1087//1087
f 1077//1077 722//722 1085//1085
f 1087//1087 1085//1085 759//759
f 1077//1077 1085//1085 1087//1087
f 671//671 1006//1006 996//996
f 1006//1006 741//741 1008//1008
f 996//996 1008//1008 738//738
f 1006//1006 1008//1008 996//996
f 741//741 1005//1005 1007//1007
f 1005//1005 667//667 926//926
f 1007//1007 926//926 721//721
f 1005//1005 926//926 1007//1007
f 738//738 998//998 995//995
f 998//998 721//721 925//925
f 995//995 925//925 644//644
f 998//998 925//925 995//995
f 741//741 1007//1007 1008//1008
f 1007//1007 721//721 998//998
f 1008//1008 998//998 738//738
f 1007//1007 998//998 1008//1008
f 675//675 1084//1084 1094//1094
f 1084//1084 759//759 1098//1098
f 1094//1094 1098//1098 761//761
f 1084//1084 1098//1098 1094//1094
f 759//759 1083//1083 1086//1086
f 1083//1083 667//667 1005//1005
f 1086//1086 1005//1005 741//741
f 1083//1083 1005//1005 1086//1086
f 761//761 1096//1096 1093//1093
f 1096//1096 741//741 1006//1006
f 1093//1093 1006//1006 671//671
f 1096//1096 1006//1006 1093//1093
f 759//759 1086//1086 1098//1098
f 1086//1086 741//741 1096//1096
f 1098//1098 1096//1096 761//761
f 1086//1086 1096//1096 1098//1098
o Belly
g Belly
usemtl PenguinBelly
v -0.8602 11.4838 27.0000
v 13.8602 11.4838 27.0000
v -0.8602 -11.4838 27.0000
v 13.8602 -11.4838 27.0000
v 6.5000 -7.0974 44.8637
v 6.5000 7.0974 44.8637
v 6.5000 -7.0974 9.1363
v 6.5000 7.0974 9.1363
v 18.4091 0.0000 15.9596
v 18.4091 0.0000 38.0404
v -5.4091 0.0000 15.9596
v -5.4091 0.0000 38.0404
v 6.5000 13.5000 27.0000
v 6.5000 -13.5000 27.0000
v 2.1738 -10.9217 37.5000
v 10.8262 -10.9217 37.5000
v 2.1738 10.9217 37.5000
v 10.8262 10.9217 37.5000
v 6.5000 0.0000 48.0000
v 2.1738 -10.9217 16.5000
v 10.8262 -10.9217 16.5000
v 2.1738 10.9217 16.5000
v 10.8262 10.9217 16.5000
v 6.5000 0.0000 6.0000
v 17.8262 6.7500 20.5106
v 17.8262 -6.7500 20.5106
v 13.5000 -4.1717 10.0106
v 13.5000 4.1717 10.0106
v 17.8262 6.7500 33.4894
v 17.8262 -6.7500 33.4894
v 13.5000 -4.1717 43.9894
v 13.5000 4.1717 43.9894
v 20.5000 0.0000 27.0000
v -4.8262 6.7500 20.5106
v -4.8262 -6.7500 20.5106
v -0.5000 -4.1717 10.0106
v -0.5000 4.1717 10.0106
v -4.8262 6.7500 33.4894
v -4.8262 -6.7500 33.4894
v -0.5000 -4.1717 43.9894
v -0.5000 4.1717 43.9894
v -7.5000 0.0000 27.0000
v 2.6743 12.9862 27.0000
v 10.3257 12.9862 27.0000
v 2.6743 -12.9862 27.0000
v 10.3257 -12.9862 27.0000
v 0.4256 -11.6460 32.4577
v 4.2513 -9.3660 41.7430
v 4.2256 -12.8393 32.5202
v 12.5744 -11.6460 32.4577
v 8.7487 -9.3660 41.7430
v 8.7744 -12.8393 32.5202
v 6.5000 -11.4838 38.0404
v 0.4256 11.6460 32.4577
v 4.2513 9.3660 41.7430
v 4.2256 12.8393 32.5202
v 12.5744 11.6460 32.4577
v 8.7487 9.3660 41.7430
v 8.7744 12.8393 32.5202
v 6.5000 11.4838 38.0404
v 6.5000 -3.6891 47.2007
v 6.5000 3.6891 47.2007
v 0.4256 -11.6460 21.5423
v 4.2513 -9.3660 12.2570
v 4.2256 -12.8393 21.4798
v 12.5744 -11.6460 21.5423
v 8.7487 -9.3660 12.2570
v 8.7744 -12.8393 21.4798
v 6.5000 -11.4838 15.9596
v 0.4256 11.6460 21.5423
v 4.2513 9.3660 12.2570
v 4.2256 12.8393 21.4798
v 12.5744 11.6460 21.5423
v 8.7487 9.3660 12.2570
v 8.7744 12.8393 21.4798
v 6.5000 11.4838 15.9596
v 6.5000 -3.6891 6.7993
v 6.5000 3.6891 6.7993
v 16.2129 9.4776 23.6269
v 18.5774 3.5085 17.8883
v 14.7290 9.2906 18.0682
v 16.2129 -9.4776 23.6269
v 18.5774 -3.5085 17.8883
v 14.7290 -9.2906 18.0682
v 10.1385 -5.8575 8.8840
v 16.3287 -2.1684 12.4306
v 12.4546 -7.9351 12.5480
v 10.1801 -2.1932 7.0278
v 16.1347 -5.7419 14.6565
v 10.1385 5.8575 8.8840
v 16.3287 2.1684 12.4306
v 12.4546 7.9351 12.5480
v 10.1801 2.1932 7.0278
v 16.1347 5.7419 14.6565
v 13.8602 0.0000 9.1363
v 16.2129 9.4776 30.3731
v 18.5774 3.5085 36.1117
v 14.7290 9.2906 35.9318
v 18.4091 7.0974 27.0000
v 16.2129 -9.4776 30.3731
v 18.5774 -3.5085 36.1117
v 14.7290 -9.2906 35.9318
v 18.4091 -7.0974 27.0000
v 10.1385 -5.8575 45.1160
v 16.3287 -2.1684 41.5694
v 12.4546 -7.9351 41.4520
v 10.1801 -2.1932 46.9722
v 16.1347 -5.7419 39.3435
v 10.1385 5.8575 45.1160
v 16.3287 2.1684 41.5694
v 12.4546 7.9351 41.4520
v 10.1801 2.1932 46.9722
v 16.1347 5.7419 39.3435
v 13.8602 0.0000 44.8637
v 19.9671 0.0000 21.2614
v 19.9671 0.0000 32.7386
v 19.8148 3.5487 23.5883
v 19.8148 -3.5487 23.5883
v 19.8148 3.5487 30.4117
v 19.8148 -3.5487 30.4117
v -3.2129 9.4776 23.6269
v -5.5774 3.5085 17.8883
v -1.7290 9.2906 18.0682
v -3.2129 -9.4776 23.6269
v -5.5774 -3.5085 17.8883
v -1.7290 -9.2906 18.0682
v 2.8615 -5.8575 8.8840
v -3.3287 -2.1684 12.4306
v 0.5454 -7.9351 12.5480
v 2.8199 -2.1932 7.0278
v -3.1347 -5.7419 14.6565
v 2.8615 5.8575 8.8840
v -3.3287 2.1684 12.4306
v 0.5454 7.9351 12.5480
v 2.8199 2.1932 7.0278
v -3.1347 5.7419 14.6565
v -0.8602 0.0000 9.1363
v -3.2129 9.4776 30.3731
v -5.5774 3.5085 36.1117
v -1.7290 9.2906 35.9318
v -5.4091 7.0974 27.0000
v -3.2129 -9.4776 30.3731
v -5.5774 -3.5085 36.1117
v -1.7290 -9.2906 35.9318
v -5.4091 -7.0974 27.0000
v 2.8615 -5.8575 45.1160
v -3.3287 -2.1684 41.5694
v 0.5454 -7.9351 41.4520
v 2.8199 -2.1932 46.9722
v -3.1347 -5.7419 39.3435
v 2.8615 5.8575 45.1160
v -3.3287 2.1684 41.5694
v 0.5454 7.9351 41.4520
v 2.8199 2.1932 46.9722
v -3.1347 5.7419 39.3435
v -0.8602 0.0000 44.8637
v -6.9671 0.0000 21.2614
v -6.9671 0.0000 32.7386
v -6.8148 3.5487 23.5883
v -6.8148 -3.5487 23.5883
v -6.8148 3.5487 30.4117
v -6.8148 -3.5487 30.4117
v 0.8530 12.3531 27.0000
v 4.5687 13.3709 27.0000
v 12.1470 12.3531 27.0000
v 8.4313 13.3709 27.0000
v 0.8530 -12.3531 27.0000
v 4.5687 -13.3709 27.0000
v 12.1470 -12.3531 27.0000
v 8.4313 -13.3709 27.0000
v -0.2822 -11.6765 29.7552
v 1.2495 -11.3928 35.0559
v 1.4848 -12.4781 29.7648
v 5.3648 -8.3112 43.4607
v 3.1808 -10.2418 39.7433
v 5.3486 -13.3338 29.7945
v 3.1585 -12.0286 35.1099
v 3.4184 -13.0463 29.7886
v 2.2824 -12.3693 32.5457
v 13.2822 -11.6765 29.7552
v 11.7505 -11.3928 35.0559
v 11.5152 -12.4781 29.7648
v 7.6352 -8.3112 43.4607
v 9.8192 -10.2418 39.7433
v 6.5000 -9.4892 41.9369
v 7.6514 -13.3338 29.7945
v 9.8415 -12.0286 35.1099
v 9.5816 -13.0463 29.7886
v 6.5000 -13.0121 32.5945
v 10.7176 -12.3693 32.5457
v 4.3099 -11.3424 37.9044
v 8.6901 -11.3424 37.9044
v 5.3640 -10.5328 40.0250
v 5.3475 -12.3253 35.3917
v 7.6360 -10.5328 40.0250
v 7.6525 -12.3253 35.3917
v -0.2822 11.6765 29.7552
v 1.2495 11.3928 35.0559
v 1.4848 12.4781 29.7648
v 5.3648 8.3112 43.4607
v 3.1808 10.2418 39.7433
v 5.3486 13.3338 29.7945
v 3.1585 12.0286 35.1099
v 3.4184 13.0463 29.7886
v 2.2824 12.3693 32.5457
v 13.2822 11.6765 29.7552
v 11.7505 11.3928 35.0559
v 11.5152 12.4781 29.7648
v 7.6352 8.3112 43.4607
v 9.8192 10.2418 39.7433
v 6.5000 9.4892 41.9369
v 7.6514 13.3338 29.7945
v 9.8415 12.0286 35.1099
v 9.5816 13.0463 29.7886
v 6.5000 13.0121 32.5945
v 10.7176 12.3693 32.5457
v 4.3099 11.3424 37.9044
v 8.6901 11.3424 37.9044
v 5.3640 10.5328 40.0250
v 5.3475 12.3253 35.3917
v 7.6360 10.5328 40.0250
v 7.6525 12.3253 35.3917
v 6.5000 -5.4453 46.2159
v 6.5000 -1.8624 47.7992
v 6.5000 5.4453 46.2159
v 6.5000 1.8624 47.7992
v -0.2822 -11.6765 24.2448
v 1.2495 -11.3928 18.9441
v 1.4848 -12.4781 24.2352
v 5.3648 -8.3112 10.5393
v 3.1808 -10.2418 14.2567
v 5.3486 -13.3338 24.2055
v 3.1585 -12.0286 18.8901
v 3.4184 -13.0463 24.2114
v 2.2824 -12.3693 21.4543
v 13.2822 -11.6765 24.2448
v 11.7505 -11.3928 18.9441
v 11.5152 -12.4781 24.2352
v 7.6352 -8.3112 10.5393
v 9.8192 -10.2418 14.2567
v 6.5000 -9.4892 12.0631
v 7.6514 -13.3338 24.2055
v 9.8415 -12.0286 18.8901
v 9.5816 -13.0463 24.2114
v 6.5000 -13.0121 21.4055
v 10.7176 -12.3693 21.4543
v 4.3099 -11.3424 16.0956
v 8.6901 -11.3424 16.0956
v 5.3640 -10.5328 13.9750
v 5.3475 -12.3253 18.6083
v 7.6360 -10.5328 13.9750
v 7.6525 -12.3253 18.6083
v -0.2822 11.6765 24.2448
v 1.2495 11.3928 18.9441
v 1.4848 12.4781 24.2352
v 5.3648 8.3112 10.5393
v 3.1808 10.2418 14.2567
v 5.3486 13.3338 24.2055
v 3.1585 12.0286 18.8901
v 3.4184 13.0463 24.2114
v 2.2824 12.3693 21.4543
v 13.2822 11.6765 24.2448
v 11.7505 11.3928 18.9441
v 11.5152 12.4781 24.2352
v 7.6352 8.3112 10.5393
v 9.8192 10.2418 14.2567
v 6.5000 9.4892 12.0631
v 7.6514 13.3338 24.2055
v 9.8415 12.0286 18.8901
v 9.5816 13.0463 24.2114
v 6.5000 13.0121 21.4055
v 10.7176 12.3693 21.4543
v 4.3099 11.3424 16.0956
v 8.6901 11.3424 16.0956
v 5.3640 10.5328 13.9750
v 5.3475 12.3253 18.6083
v 7.6360 10.5328 13.9750
v 7.6525 12.3253 18.6083
v 6.5000 -5.4453 7.7841
v 6.5000 -1.8624 6.2008
v 6.5000 5.4453 7.7841
v 6.5000 1.8624 6.2008
v 15.1190 10.5819 25.2972
v 17.1211 8.1921 22.0212
v 14.4975 10.7008 22.5265
v 18.6090 1.7712 16.8267
v 18.3148 5.1788 19.1242
v 12.8559 10.2321 17.1630
v 16.3995 8.1203 19.1933
v 13.7257 10.5766 19.7308
v 15.5638 9.4812 20.7839
v 15.1190 -10.5819 25.2972
v 17.1211 -8.1921 22.0212
v 14.4975 -10.7008 22.5265
v 18.6090 -1.7712 16.8267
v 18.3148 -5.1788 19.1242
v 12.8559 -10.2321 17.1630
v 16.3995 -8.1203 19.1933
v 13.7257 -10.5766 19.7308
v 15.5638 -9.4812 20.7839
v 8.3368 -6.5400 8.8365
v 11.8706 -5.0630 9.2779
v 9.4823 -7.7119 10.3544
v 8.3432 -4.8361 7.5896
v 17.4738 -1.0947 14.0715
v 14.9956 -3.2007 11.0683
v 17.5971 -2.8758 15.0037
v 11.7045 -9.5459 14.3685
v 13.0580 -6.1289 11.0834
v 10.6441 -8.7401 12.2515
v 13.6873 -8.7288 15.1507
v 11.3461 -6.9676 10.5475
v 8.3630 -1.1103 6.2585
v 11.9066 -3.2221 8.2889
v 8.3591 -2.9716 6.7058
v 10.1972 -4.0670 7.7589
v 17.1111 -6.3238 17.4662
v 14.9210 -5.0186 12.1508
v 17.4683 -4.6731 16.1614
v 15.5521 -7.6174 16.2191
v 16.3323 -3.9961 13.4044
v 14.3996 -6.9306 13.4219
v 8.3368 6.5400 8.8365
v 11.8706 5.0630 9.2779
v 9.4823 7.7119 10.3544
v 8.3432 4.8361 7.5896
v 17.4738 1.0947 14.0715
v 14.9956 3.2007 11.0683
v 17.5971 2.8758 15.0037
v 16.4579 0.0000 12.2390
v 11.7045 9.5459 14.3685
v 13.0580 6.1289 11.0834
v 10.6441 8.7401 12.2515
v 13.6873 8.7288 15.1507
v 11.3461 6.9676 10.5475
v 8.3630 1.1103 6.2585
v 11.9066 3.2221 8.2889
v 8.3591 2.9716 6.7058
v 10.2297 0.0000 6.7589
v 10.1972 4.0670 7.7589
v 17.1111 6.3238 17.4662
v 14.9210 5.0186 12.1508
v 17.4683 4.6731 16.1614
v 15.5521 7.6174 16.2191
v 16.3323 3.9961 13.4044
v 14.3996 6.9306 13.4219
v 13.7696 -2.1119 9.3563
v 13.7696 2.1119 9.3563
v 15.1834 -1.0954 10.6157
v 12.0945 -1.1114 7.8274
v 15.1834 1.0954 10.6157
v 12.0945 1.1114 7.8274
v 15.1190 10.5819 28.7028
v 17.1211 8.1921 31.9788
v 14.4975 10.7008 31.4735
v 16.3407 9.6023 27.0000
v 18.6090 1.7712 37.1733
v 18.3148 5.1788 34.8758
v 12.8559 10.2321 36.8370
v 16.3995 8.1203 34.8067
v 13.7257 10.5766 34.2692
v 15.5638 9.4812 33.2161
v 18.2625 7.0100 23.7149
v 18.2625 7.0100 30.2851
v 17.4229 8.3732 25.2960
v 17.4229 8.3732 28.7040
v 15.1190 -10.5819 28.7028
v 17.1211 -8.1921 31.9788
v 14.4975 -10.7008 31.4735
v 16.3407 -9.6023 27.0000
v 18.6090 -1.7712 37.1733
v 18.3148 -5.1788 34.8758
v 12.8559 -10.2321 36.8370
v 16.3995 -8.1203 34.8067
v 13.7257 -10.5766 34.2692
v 15.5638 -9.4812 33.2161
v 18.2625 -7.0100 23.7149
v 18.2625 -7.0100 30.2851
v 17.4229 -8.3732 25.2960
v 17.4229 -8.3732 28.7040
v 8.3368 -6.5400 45.1635
v 11.8706 -5.0630 44.7221
v 9.4823 -7.7119 43.6456
v 8.3432 -4.8361 46.4104
v 17.4738 -1.0947 39.9285
v 14.9956 -3.2007 42.9317
v 17.5971 -2.8758 38.9963
v 11.7045 -9.5459 39.6315
v 13.0580 -6.1289 42.9166
v 10.6441 -8.7401 41.7485
v 13.6873 -8.7288 38.8493
v 11.3461 -6.9676 43.4525
v 8.3630 -1.1103 47.7415
v 11.9066 -3.2221 45.7111
v 8.3591 -2.9716 47.2942
v 10.1972 -4.0670 46.2411
v 17.1111 -6.3238 36.5338
v 14.9210 -5.0186 41.8492
v 17.4683 -4.6731 37.8386
v 15.5521 -7.6174 37.7809
v 16.3323 -3.9961 40.5956
v 14.3996 -6.9306 40.5781
v 8.3368 6.5400 45.1635
v 11.8706 5.0630 44.7221
v 9.4823 7.7119 43.6456
v 8.3432 4.8361 46.4104
v 17.4738 1.0947 39.9285
v 14.9956 3.2007 42.9317
v 17.5971 2.8758 38.9963
v 16.4579 0.0000 41.7610
v 11.7045 9.5459 39.6315
v 13.0580 6.1289 42.9166
v 10.6441 8.7401 41.7485
v 13.6873 8.7288 38.8493
v 11.3461 6.9676 43.4525
v 8.3630 1.1103 47.7415
v 11.9066 3.2221 45.7111
v 8.3591 2.9716 47.2942
v 10.2297 0.0000 47.2411
v 10.1972 4.0670 46.2411
v 17.1111 6.3238 36.5338
v 14.9210 5.0186 41.8492
v 17.4683 4.6731 37.8386
v 15.5521 7.6174 37.7809
v 16.3323 3.9961 40.5956
v 14.3996 6.9306 40.5781
v 13.7696 -2.1119 44.6437
v 13.7696 2.1119 44.6437
v 15.1834 -1.0954 43.3843
v 12.0945 -1.1114 46.1726
v 15.1834 1.0954 43.3843
v 12.0945 1.1114 46.1726
v 19.3106 0.0000 18.5295
v 20.3661 0.0000 24.1030
v 19.4403 1.7773 19.4772
v 19.4403 -1.7773 19.4772
v 19.3106 0.0000 35.4705
v 20.3661 0.0000 29.8970
v 19.4403 1.7773 34.5228
v 19.4403 -1.7773 34.5228
v 18.9741 5.2135 21.9878
v 20.3276 1.7965 25.2729
v 19.3274 3.5651 20.6736
v 19.2818 5.3947 25.2712
v 20.0295 1.7927 22.3775
v 18.9741 -5.2135 21.9878
v 20.3276 -1.7965 25.2729
v 19.3274 -3.5651 20.6736
v 19.2818 -5.3947 25.2712
v 20.0295 -1.7927 22.3775
v 18.9741 5.2135 32.0122
v 20.3276 1.7965 28.7271
v 19.3274 3.5651 33.3264
v 19.2818 5.3947 28.7288
v 20.0295 1.7927 31.6225
v 19.9941 3.5965 27.0000
v 18.9741 -5.2135 32.0122
v 20.3276 -1.7965 28.7271
v 19.3274 -3.5651 33.3264
v 19.2818 -5.3947 28.7288
v 20.0295 -1.7927 31.6225
v 19.9941 -3.5965 27.0000
v -2.1190 10.5819 25.2972
v -4.1211 8.1921 22.0212
v -1.4975 10.7008 22.5265
v -5.6090 1.7712 16.8267
v -5.3148 5.1788 19.1242
v 0.1441 10.2321 17.1630
v -3.3995 8.1203 19.1933
v -0.7257 10.5766 19.7308
v -2.5638 9.4812 20.7839
v -2.1190 -10.5819 25.2972
v -4.1211 -8.1921 22.0212
v -1.4975 -10.7008 22.5265
v -5.6090 -1.7712 16.8267
v -5.3148 -5.1788 19.1242
v 0.1441 -10.2321 17.1630
v -3.3995 -8.1203 19.1933
v -0.7257 -10.5766 19.7308
v -2.5638 -9.4812 20.7839
v 4.6632 -6.5400 8.8365
v 1.1294 -5.0630 9.2779
v 3.5177 -7.7119 10.3544
v 4.6568 -4.8361 7.5896
v -4.4738 -1.0947 14.0715
v -1.9956 -3.2007 11.0683
v -4.5971 -2.8758 15.0037
v 1.2955 -9.5459 14.3685
v -0.0580 -6.1289 11.0834
v 2.3559 -8.7401 12.2515
v -0.6873 -8.7288 15.1507
v 1.6539 -6.9676 10.5475
v 4.6370 -1.1103 6.2585
v 1.0934 -3.2221 8.2889
v 4.6409 -2.9716 6.7058
v 2.8028 -4.0670 7.7589
v -4.1111 -6.3238 17.4662
v -1.9210 -5.0186 12.1508
v -4.4683 -4.6731 16.1614
v -2.5521 -7.6174 16.2191
v -3.3323 -3.9961 13.4044
v -1.3996 -6.9306 13.4219
v 4.6632 6.5400 8.8365
v 1.1294 5.0630 9.2779
v 3.5177 7.7119 10.3544
v 4.6568 4.8361 7.5896
v -4.4738 1.0947 14.0715
v -1.9956 3.2007 11.0683
v -4.5971 2.8758 15.0037
v -3.4579 0.0000 12.2390
v 1.2955 9.5459 14.3685
v -0.0580 6.1289 11.0834
v 2.3559 8.7401 12.2515
v -0.6873 8.7288 15.1507
v 1.6539 6.9676 10.5475
v 4.6370 1.1103 6.2585
v 1.0934 3.2221 8.2889
v 4.6409 2.9716 6.7058
v 2.7703 0.0000 6.7589
v 2.8028 4.0670 7.7589
v -4.1111 6.3238 17.4662
v -1.9210 5.0186 12.1508
v -4.4683 4.6731 16.1614
v -2.5521 7.6174 16.2191
v -3.3323 3.9961 13.4044
v -1.3996 6.9306 13.4219
v -0.7696 -2.1119 9.3563
v -0.7696 2.1119 9.3563
v -2.1834 -1.0954 10.6157
v 0.9055 -1.1114 7.8274
v -2.1834 1.0954 10.6157
v 0.9055 1.1114 7.8274
v -2.1190 10.5819 28.7028
v -4.1211 8.1921 31.9788
v -1.4975 10.7008 31.4735
v -3.3407 9.6023 27.0000
v -5.6090 1.7712 37.1733
v -5.3148 5.1788 34.8758
v 0.1441 10.2321 36.8370
v -3.3995 8.1203 34.8067
v -0.7257 10.5766 34.2692
v -2.5638 9.4812 33.2161
v -5.2625 7.0100 23.7149
v -5.2625 7.0100 30.2851
v -4.4229 8.3732 25.2960
v -4.4229 8.3732 28.7040
v -2.1190 -10.5819 28.7028
v -4.1211 -8.1921 31.9788
v -1.4975 -10.7008 31.4735
v -3.3407 -9.6023 27.0000
v -5.6090 -1.7712 37.1733
v -5.3148 -5.1788 34.8758
v 0.1441 -10.2321 36.8370
v -3.3995 -8.1203 34.8067
v -0.7257 -10.5766 34.2692
v -2.5638 -9.4812 33.2161
v -5.2625 -7.0100 23.7149
v -5.2625 -7.0100 30.2851
v -4.4229 -8.3732 25.2960
v -4.4229 -8.3732 28.7040
v 4.6632 -6.5400 45.1635
v 1.1294 -5.0630 44.7221
v 3.5177 -7.7119 43.6456
v 4.6568 -4.8361 46.4104
v -4.4738 -1.0947 39.9285
v -1.9956 -3.2007 42.9317
v -4.5971 -2.8758 38.9963
v 1.2955 -9.5459 39.6315
v -0.0580 -6.1289 42.9166
v 2.3559 -8.7401 41.7485
v -0.6873 -8.7288 38.8493
v 1.6539 -6.9676 43.4525
v 4.6370 -1.1103 47.7415
v 1.0934 -3.2221 45.7111
v 4.6409 -2.9716 47.2942
v 2.8028 -4.0670 46.2411
v -4.1111 -6.3238 36.5338
v -1.9210 -5.0186 41.8492
v -4.4683 -4.6731 37.8386
v -2.5521 -7.6174 37.7809
v -3.3323 -3.9961 40.5956
v -1.3996 -6.9306 40.5781
v 4.6632 6.5400 45.1635
v 1.1294 5.0630 44.7221
v 3.5177 7.7119 43.6456
v 4.6568 4.8361 46.4104
v -4.4738 1.0947 39.9285
v -1.9956 3.2007 42.9317
v -4.5971 2.8758 38.9963
v -3.4579 0.0000 41.7610
v 1.2955 9.5459 39.6315
v -0.0580 6.1289 42.9166
v 2.3559 8.7401 41.7485
v -0.6873 8.7288 38.8493
v 1.6539 6.9676 43.4525
v 4.6370 1.1103 47.7415
v 1.0934 3.2221 45.7111
v 4.6409 2.9716 47.2942
v 2.7703 0.0000 47.2411
v 2.8028 4.0670 46.2411
v -4.1111 6.3238 36.5338
v -1.9210 5.0186 41.8492
v -4.4683 4.6731 37.8386
v -2.5521 7.6174 37.7809
v -3.3323 3.9961 40.5956
v -1.3996 6.9306 40.5781
v -0.7696 -2.1119 44.6437
v -0.7696 2.1119 44.6437
v -2.1834 -1.0954 43.3843
v 0.9055 -1.1114 46.1726
v -2.1834 1.0954 43.3843
v 0.9055 1.1114 46.1726
v -6.3106 0.0000 18.5295
v -7.3661 0.0000 24.1030
v -6.4403 1.7773 19.4772
v -6.4403 -1.7773 19.4772
v -6.3106 0.0000 35.4705
v -7.3661 0.0000 29.8970
v -6.4403 1.7773 34.5228
v -6.4403 -1.7773 34.5228
v -5.9741 5.2135 21.9878
v -7.3276 1.7965 25.2729
v -6.3274 3.5651 20.6736
v -6.2818 5.3947 25.2712
v -7.0295 1.7927 22.3775
v -5.9741 -5.2135 21.9878
v -7.3276 -1.7965 25.2729
v -6.3274 -3.5651 20.6736
v -6.2818 -5.3947 25.2712
v -7.0295 -1.7927 22.3775
v -5.9741 5.2135 32.0122
v -7.3276 1.7965 28.7271
v -6.3274 3.5651 33.3264
v -6.2818 5.3947 28.7288
v -7.0295 1.7927 31.6225
v -6.9941 3.5965 27.0000
v -5.9741 -5.2135 32.0122
v -7.3276 -1.7965 28.7271
v -6.3274 -3.5651 33.3264
v -6.2818 -5.3947 28.7288
v -7.0295 -1.7927 31.6225
v -6.9941 -3.5965 27.0000
vn -0.5127 0.8586 -0.0000
vn 0.5127 0.8586 0.0000
vn -0.5127 -0.8586 -0.0000
vn 0.5127 -0.8586 0.0000
vn -0.0000 -0.6908 0.7231
vn 0.0000 0.6908 0.7231
vn 0.0000 -0.6908 -0.7231
vn 0.0000 0.6908 -0.7231
vn 0.9238 0.0000 -0.3828
vn 0.9238 -0.0000 0.3828
vn -0.9238 -0.0000 -0.3828
vn -0.9238 0.0000 0.3828
vn 0.0000 1.0000 -0.0000
vn 0.0000 -1.0000 -0.0000
vn -0.3241 -0.8786 0.3507
vn 0.3241 -0.8786 0.3507
vn -0.3241 0.8786 0.3507
vn 0.3241 0.8786 0.3507
vn 0.0000 0.0000 1.0000
vn -0.3241 -0.8786 -0.3507
vn 0.3241 -0.8786 -0.3507
vn -0.3241 0.8786 -0.3507
vn 0.3241 0.8786 -0.3507
vn 0.0000 -0.0000 -1.0000
vn 0.8231 0.5274 -0.2105
vn 0.8231 -0.5274 -0.2105
vn 0.6218 -0.3977 -0.6747
vn 0.6218 0.3977 -0.6747
vn 0.8231 0.5274 0.2105
vn 0.8231 -0.5274 0.2105
vn 0.6218 -0.3977 0.6747
vn 0.6218 0.3977 0.6747
vn 1.0000 0.0000 -0.0000
vn -0.8231 0.5274 -0.2105
vn -0.8231 -0.5274 -0.2105
vn -0.6218 -0.3977 -0.6747
vn -0.6218 0.3977 -0.6747
vn -0.8231 0.5274 0.2105
vn -0.8231 -0.5274 0.2105
vn -0.6218 -0.3977 0.6747
vn -0.6218 0.3977 0.6747
vn -1.0000 0.0000 -0.0000
vn -0.2647 0.9643 0.0000
vn 0.2647 0.9643 -0.0000
vn -0.2647 -0.9643 -0.0000
vn 0.2647 -0.9643 0.0000
vn -0.4312 -0.8858 0.1714
vn -0.1827 -0.8224 0.5388
vn -0.1557 -0.9722 0.1749
vn 0.4312 -0.8858 0.1714
vn 0.1827 -0.8224 0.5388
vn 0.1557 -0.9722 0.1749
vn -0.0000 -0.9303 0.3668
vn -0.4312 0.8858 0.1714
vn -0.1827 0.8224 0.5388
vn -0.1557 0.9722 0.1749
vn 0.4312 0.8858 0.1714
vn 0.1827 0.8224 0.5388
vn 0.1557 0.9722 0.1749
vn -0.0000 0.9303 0.3668
vn 0.0000 -0.4028 0.9153
vn 0.0000 0.4028 0.9153
vn -0.4312 -0.8858 -0.1714
vn -0.1827 -0.8224 -0.5388
vn -0.1557 -0.9722 -0.1749
vn 0.4312 -0.8858 -0.1714
vn 0.1827 -0.8224 -0.5388
vn 0.1557 -0.9722 -0.1749
vn -0.0000 -0.9303 -0.3668
vn -0.4312 0.8858 -0.1714
vn -0.1827 0.8224 -0.5388
vn -0.1557 0.9722 -0.1749
vn 0.4312 0.8858 -0.1714
vn 0.1827 0.8224 -0.5388
vn 0.1557 0.9722 -0.1749
vn -0.0000 0.9303 -0.3668
vn -0.0000 -0.4028 -0.9153
vn 0.0000 0.4028 -0.9153
vn 0.6855 0.7202 -0.1065
vn 0.9090 0.2833 -0.3058
vn 0.6088 0.7351 -0.2981
vn 0.6855 -0.7202 -0.1065
vn 0.9090 -0.2833 -0.3058
vn 0.6088 -0.7351 -0.2981
vn 0.3334 -0.5786 -0.7443
vn 0.8184 -0.1926 -0.5414
vn 0.4910 -0.6953 -0.5248
vn 0.3733 -0.2303 -0.8987
vn 0.7558 -0.4904 -0.4339
vn 0.3334 0.5786 -0.7443
vn 0.8184 0.1926 -0.5414
vn 0.4910 0.6953 -0.5248
vn 0.3733 0.2303 -0.8987
vn 0.7558 0.4904 -0.4339
vn 0.6728 0.0000 -0.7398
vn 0.6855 0.7202 0.1065
vn 0.9090 0.2833 0.3058
vn 0.6088 0.7351 0.2981
vn 0.8445 0.5355 -0.0000
vn 0.6855 -0.7202 0.1065
vn 0.9090 -0.2833 0.3058
vn 0.6088 -0.7351 0.2981
vn 0.8445 -0.5355 0.0000
vn 0.3334 -0.5786 0.7443
vn 0.8184 -0.1926 0.5414
vn 0.4910 -0.6953 0.5248
vn 0.3733 -0.2303 0.8987
vn 0.7558 -0.4904 0.4339
vn 0.3334 0.5786 0.7443
vn 0.8184 0.1926 0.5414
vn 0.4910 0.6953 0.5248
vn 0.3733 0.2303 0.8987
vn 0.7558 0.4904 0.4339
vn 0.6728 0.0000 0.7398
vn 0.9821 -0.0000 -0.1884
vn 0.9821 -0.0000 0.1884
vn 0.9550 0.2771 -0.1062
vn 0.9550 -0.2771 -0.1062
vn 0.9550 0.2771 0.1062
vn 0.9550 -0.2771 0.1062
vn -0.6855 0.7202 -0.1065
vn -0.9090 0.2833 -0.3058
vn -0.6088 0.7351 -0.2981
vn -0.6855 -0.7202 -0.1065
vn -0.9090 -0.2833 -0.3058
vn -0.6088 -0.7351 -0.2981
vn -0.3334 -0.5786 -0.7443
vn -0.8184 -0.1926 -0.5414
vn -0.4910 -0.6953 -0.5248
vn -0.3733 -0.2303 -0.8987
vn -0.7558 -0.4904 -0.4339
vn -0.3334 0.5786 -0.7443
vn -0.8184 0.1926 -0.5414
vn -0.4910 0.6953 -0.5248
vn -0.3733 0.2303 -0.8987
vn -0.7558 0.4904 -0.4339
vn -0.6728 -0.0000 -0.7398
vn -0.6855 0.7202 0.1065
vn -0.9090 0.2833 0.3058
vn -0.6088 0.7351 0.2981
vn -0.8445 0.5355 -0.0000
vn -0.6855 -0.7202 0.1065
vn -0.9090 -0.2833 0.3058
vn -0.6088 -0.7351 0.2981
vn -0.8445 -0.5355 -0.0000
vn -0.3334 -0.5786 0.7443
vn -0.8184 -0.1926 0.5414
vn -0.4910 -0.6953 0.5248
vn -0.3733 -0.2303 0.8987
vn -0.7558 -0.4904 0.4339
vn -0.3334 0.5786 0.7443
vn -0.8184 0.1926 0.5414
vn -0.4910 0.6953 0.5248
vn -0.3733 0.2303 0.8987
vn -0.7558 0.4904 0.4339
vn -0.6728 -0.0000 0.7398
vn -0.9821 0.0000 -0.1884
vn -0.9821 -0.0000 0.1884
vn -0.9550 0.2771 -0.1062
vn -0.9550 -0.2771 -0.1062
vn -0.9550 0.2771 0.1062
vn -0.9550 -0.2771 0.1062
vn -0.3917 0.9201 0.0000
vn -0.1334 0.9911 -0.0000
vn 0.3917 0.9201 0.0000
vn 0.1334 0.9911 0.0000
vn -0.3917 -0.9201 -0.0000
vn -0.1334 -0.9911 -0.0000
vn 0.3917 -0.9201 0.0000
vn 0.1334 -0.9911 -0.0000
vn -0.4748 -0.8760 0.0848
vn -0.3813 -0.8872 0.2598
vn -0.3479 -0.9336 0.0861
vn -0.0964 -0.7679 0.6333
vn -0.2579 -0.8581 0.4440
vn -0.0750 -0.9933 0.0876
vn -0.2375 -0.9350 0.2633
vn -0.2149 -0.9728 0.0865
vn -0.2978 -0.9387 0.1738
vn 0.4748 -0.8760 0.0848
vn 0.3813 -0.8872 0.2598
vn 0.3479 -0.9336 0.0861
vn 0.0964 -0.7679 0.6333
vn 0.2579 -0.8581 0.4440
vn -0.0000 -0.8376 0.5463
vn 0.0750 -0.9933 0.0876
vn 0.2375 -0.9350 0.2633
vn 0.2149 -0.9728 0.0865
vn 0.0000 -0.9842 0.1770
vn 0.2978 -0.9387 0.1738
vn -0.1644 -0.9177 0.3617
vn 0.1644 -0.9177 0.3617
vn -0.0878 -0.8859 0.4555
vn -0.0820 -0.9591 0.2708
vn 0.0878 -0.8859 0.4555
vn 0.0820 -0.9591 0.2708
vn -0.4748 0.8760 0.0848
vn -0.3813 0.8872 0.2598
vn -0.3479 0.9336 0.0861
vn -0.0964 0.7679 0.6333
vn -0.2579 0.8581 0.4440
vn -0.0750 0.9933 0.0876
vn -0.2375 0.9350 0.2633
vn -0.2149 0.9728 0.0865
vn -0.2978 0.9387 0.1738
vn 0.4748 0.8760 0.0848
vn 0.3813 0.8872 0.2598
vn 0.3479 0.9336 0.0861
vn 0.0964 0.7679 0.6333
vn 0.2579 0.8581 0.4440
vn 0.0000 0.8376 0.5463
vn 0.0750 0.9933 0.0876
vn 0.2375 0.9350 0.2633
vn 0.2149 0.9728 0.0865
vn -0.0000 0.9842 0.1770
vn 0.2978 0.9387 0.1738
vn -0.1644 0.9177 0.3617
vn 0.1644 0.9177 0.3617
vn -0.0878 0.8859 0.4555
vn -0.0820 0.9591 0.2708
vn 0.0878 0.8859 0.4555
vn 0.0820 0.9591 0.2708
vn 0.0000 -0.5639 0.8258
vn 0.0000 -0.2109 0.9775
vn 0.0000 0.5639 0.8258
vn 0.0000 0.2109 0.9775
vn -0.4748 -0.8760 -0.0848
vn -0.3813 -0.8872 -0.2598
vn -0.3479 -0.9336 -0.0861
vn -0.0964 -0.7679 -0.6333
vn -0.2579 -0.8581 -0.4440
vn -0.0750 -0.9933 -0.0876
vn -0.2375 -0.9350 -0.2633
vn -0.2149 -0.9728 -0.0865
vn -0.2978 -0.9387 -0.1738
vn 0.4748 -0.8760 -0.0848
vn 0.3813 -0.8872 -0.2598
vn 0.3479 -0.9336 -0.0861
vn 0.0964 -0.7679 -0.6333
vn 0.2579 -0.8581 -0.4440
vn 0.0000 -0.8376 -0.5463
vn 0.0750 -0.9933 -0.0876
vn 0.2375 -0.9350 -0.2633
vn 0.2149 -0.9728 -0.0865
vn 0.0000 -0.9842 -0.1770
vn 0.2978 -0.9387 -0.1738
vn -0.1644 -0.9177 -0.3617
vn 0.1644 -0.9177 -0.3617
vn -0.0878 -0.8859 -0.4555
vn -0.0820 -0.9591 -0.2708
vn 0.0878 -0.8859 -0.4555
vn 0.0820 -0.9591 -0.2708
vn -0.4748 0.8760 -0.0848
vn -0.3813 0.8872 -0.2598
vn -0.3479 0.9336 -0.0861
vn -0.0964 0.7679 -0.6333
vn -0.2579 0.8581 -0.4440
vn -0.0750 0.9933 -0.0876
vn -0.2375 0.9350 -0.2633
vn -0.2149 0.9728 -0.0865
vn -0.2978 0.9387 -0.1738
vn 0.4748 0.8760 -0.0848
vn 0.3813 0.8872 -0.2598
vn 0.3479 0.9336 -0.0861
vn 0.0964 0.7679 -0.6333
vn 0.2579 0.8581 -0.4440
vn 0.0000 0.8376 -0.5463
vn 0.0750 0.9933 -0.0876
vn 0.2375 0.9350 -0.2633
vn 0.2149 0.9728 -0.0865
vn 0.0000 0.9842 -0.1770
vn 0.2978 0.9387 -0.1738
vn -0.1644 0.9177 -0.3617
vn 0.1644 0.9177 -0.3617
vn -0.0878 0.8859 -0.4555
vn -0.0820 0.9591 -0.2708
vn 0.0878 0.8859 -0.4555
vn 0.0820 0.9591 -0.2708
vn 0.0000 -0.5639 -0.8258
vn 0.0000 -0.2109 -0.9775
vn 0.0000 0.5639 -0.8258
vn 0.0000 0.2109 -0.9775
vn 0.6024 0.7964 -0.0534
vn 0.7597 0.6306 -0.1591
vn 0.5655 0.8124 -0.1418
vn 0.9265 0.1452 -0.3472
vn 0.8738 0.4113 -0.2596
vn 0.4737 0.8163 -0.3305
vn 0.7265 0.6366 -0.2588
vn 0.5223 0.8202 -0.2334
vn 0.6504 0.7331 -0.1990
vn 0.6024 -0.7964 -0.0534
vn 0.7597 -0.6306 -0.1591
vn 0.5655 -0.8124 -0.1418
vn 0.9265 -0.1452 -0.3472
vn 0.8738 -0.4113 -0.2596
vn 0.4737 -0.8163 -0.3305
vn 0.7265 -0.6366 -0.2588
vn 0.5223 -0.8202 -0.2334
vn 0.6504 -0.7331 -0.1990
vn 0.1676 -0.6452 -0.7454
vn 0.4874 -0.4945 -0.7197
vn 0.2600 -0.7187 -0.6449
vn 0.1801 -0.5038 -0.8448
vn 0.8813 -0.0931 -0.4632
vn 0.7325 -0.2956 -0.6133
vn 0.8732 -0.2445 -0.4216
vn 0.4104 -0.7998 -0.4381
vn 0.5652 -0.5611 -0.6048
vn 0.3396 -0.7693 -0.5411
vn 0.5563 -0.7233 -0.4090
vn 0.4182 -0.6485 -0.6360
vn 0.1983 -0.1178 -0.9730
vn 0.5162 -0.3226 -0.7934
vn 0.1899 -0.3270 -0.9258
vn 0.3559 -0.4229 -0.8333
vn 0.7953 -0.5153 -0.3193
vn 0.6984 -0.4540 -0.5532
vn 0.8440 -0.3854 -0.3729
vn 0.6889 -0.6246 -0.3680
vn 0.7983 -0.3478 -0.4917
vn 0.6350 -0.5999 -0.4867
vn 0.1676 0.6452 -0.7454
vn 0.4874 0.4945 -0.7197
vn 0.2600 0.7187 -0.6449
vn 0.1801 0.5038 -0.8448
vn 0.8813 0.0931 -0.4632
vn 0.7325 0.2956 -0.6133
vn 0.8732 0.2445 -0.4216
vn 0.8331 0.0000 -0.5531
vn 0.4104 0.7998 -0.4381
vn 0.5652 0.5611 -0.6048
vn 0.3396 0.7693 -0.5411
vn 0.5563 0.7233 -0.4090
vn 0.4182 0.6485 -0.6360
vn 0.1983 0.1178 -0.9730
vn 0.5162 0.3226 -0.7934
vn 0.1899 0.3270 -0.9258
vn 0.3821 0.0000 -0.9241
vn 0.3559 0.4229 -0.8333
vn 0.7953 0.5153 -0.3193
vn 0.6984 0.4540 -0.5532
vn 0.8440 0.3854 -0.3729
vn 0.6889 0.6246 -0.3680
vn 0.7983 0.3478 -0.4917
vn 0.6350 0.5999 -0.4867
vn 0.6582 -0.2078 -0.7236
vn 0.6582 0.2078 -0.7236
vn 0.7610 -0.1018 -0.6407
vn 0.5413 -0.1137 -0.8331
vn 0.7610 0.1018 -0.6407
vn 0.5413 0.1137 -0.8331
vn 0.6024 0.7964 0.0534
vn 0.7597 0.6306 0.1591
vn 0.5655 0.8124 0.1418
vn 0.6908 0.7231 0.0000
vn 0.9265 0.1452 0.3472
vn 0.8738 0.4113 0.2596
vn 0.4737 0.8163 0.3305
vn 0.7265 0.6366 0.2588
vn 0.5223 0.8202 0.2334
vn 0.6504 0.7331 0.1990
vn 0.8399 0.5326 -0.1049
vn 0.8399 0.5326 0.1049
vn 0.7701 0.6357 -0.0529
vn 0.7701 0.6357 0.0529
vn 0.6024 -0.7964 0.0534
vn 0.7597 -0.6306 0.1591
vn 0.5655 -0.8124 0.1418
vn 0.6908 -0.7231 0.0000
vn 0.9265 -0.1452 0.3472
vn 0.8738 -0.4113 0.2596
vn 0.4737 -0.8163 0.3305
vn 0.7265 -0.6366 0.2588
vn 0.5223 -0.8202 0.2334
vn 0.6504 -0.7331 0.1990
vn 0.8399 -0.5326 -0.1049
vn 0.8399 -0.5326 0.1049
vn 0.7701 -0.6357 -0.0529
vn 0.7701 -0.6357 0.0529
vn 0.1676 -0.6452 0.7454
vn 0.4874 -0.4945 0.7197
vn 0.2600 -0.7187 0.6449
vn 0.1801 -0.5038 0.8448
vn 0.8813 -0.0931 0.4632
vn 0.7325 -0.2956 0.6133
vn 0.8732 -0.2445 0.4216
vn 0.4104 -0.7998 0.4381
vn 0.5652 -0.5611 0.6048
vn 0.3396 -0.7693 0.5411
vn 0.5563 -0.7233 0.4090
vn 0.4182 -0.6485 0.6360
vn 0.1983 -0.1178 0.9730
vn 0.5162 -0.3226 0.7934
vn 0.1899 -0.3270 0.9258
vn 0.3559 -0.4229 0.8333
vn 0.7953 -0.5153 0.3193
vn 0.6984 -0.4540 0.5532
vn 0.8440 -0.3854 0.3729
vn 0.6889 -0.6246 0.3680
vn 0.7983 -0.3478 0.4917
vn 0.6350 -0.5999 0.4867
vn 0.1676 0.6452 0.7454
vn 0.4874 0.4945 0.7197
vn 0.2600 0.7187 0.6449
vn 0.1801 0.5038 0.8448
vn 0.8813 0.0931 0.4632
vn 0.7325 0.2956 0.6133
vn 0.8732 0.2445 0.4216
vn 0.8331 0.0000 0.5531
vn 0.4104 0.7998 0.4381
vn 0.5652 0.5611 0.6048
vn 0.3396 0.7693 0.5411
vn 0.5563 0.7233 0.4090
vn 0.4182 0.6485 0.6360
vn 0.1983 0.1178 0.9730
vn 0.5162 0.3226 0.7934
vn 0.1899 0.3270 0.9258
vn 0.3821 -0.0000 0.9241
vn 0.3559 0.4229 0.8333
vn 0.7953 0.5153 0.3193
vn 0.6984 0.4540 0.5532
vn 0.8440 0.3854 0.3729
vn 0.6889 0.6246 0.3680
vn 0.7983 0.3478 0.4917
vn 0.6350 0.5999 0.4867
vn 0.6582 -0.2078 0.7236
vn 0.6582 0.2078 0.7236
vn 0.7610 -0.1018 0.6407
vn 0.5413 -0.1137 0.8331
vn 0.7610 0.1018 0.6407
vn 0.5413 0.1137 0.8331
vn 0.9586 0.0000 -0.2847
vn 0.9956 0.0000 -0.0940
vn 0.9583 0.1425 -0.2479
vn 0.9583 -0.1425 -0.2479
vn 0.9586 0.0000 0.2847
vn 0.9956 -0.0000 0.0940
vn 0.9583 0.1425 0.2479
vn 0.9583 -0.1425 0.2479
vn 0.8993 0.4078 -0.1582
vn 0.9886 0.1413 -0.0522
vn 0.9378 0.2790 -0.2064
vn 0.9098 0.4116 -0.0539
vn 0.9787 0.1401 -0.1500
vn 0.8993 -0.4078 -0.1582
vn 0.9886 -0.1413 -0.0522
vn 0.9378 -0.2790 -0.2064
vn 0.9098 -0.4116 -0.0539
vn 0.9787 -0.1401 -0.1500
vn 0.8993 0.4078 0.1582
vn 0.9886 0.1413 0.0522
vn 0.9378 0.2790 0.2064
vn 0.9098 0.4116 0.0539
vn 0.9787 0.1401 0.1500
vn 0.9609 0.2768 0.0000
vn 0.8993 -0.4078 0.1582
vn 0.9886 -0.1413 0.0522
vn 0.9378 -0.2790 0.2064
vn 0.9098 -0.4116 0.0539
vn 0.9787 -0.1401 0.1500
vn 0.9609 -0.2768 0.0000
vn -0.6024 0.7964 -0.0534
vn -0.7597 0.6306 -0.1591
vn -0.5655 0.8124 -0.1418
vn -0.9265 0.1452 -0.3472
vn -0.8738 0.4113 -0.2596
vn -0.4737 0.8163 -0.3305
vn -0.7265 0.6366 -0.2588
vn -0.5223 0.8202 -0.2334
vn -0.6504 0.7331 -0.1990
vn -0.6024 -0.7964 -0.0534
vn -0.7597 -0.6306 -0.1591
vn -0.5655 -0.8124 -0.1418
vn -0.9265 -0.1452 -0.3472
vn -0.8738 -0.4113 -0.2596
vn -0.4737 -0.8163 -0.3305
vn -0.7265 -0.6366 -0.2588
vn -0.5223 -0.8202 -0.2334
vn -0.6504 -0.7331 -0.1990
vn -0.1676 -0.6452 -0.7454
vn -0.4874 -0.4945 -0.7197
vn -0.2600 -0.7187 -0.6449
vn -0.1801 -0.5038 -0.8448
vn -0.8813 -0.0931 -0.4632
vn -0.7325 -0.2956 -0.6133
vn -0.8732 -0.2445 -0.4216
vn -0.4104 -0.7998 -0.4381
vn -0.5652 -0.5611 -0.6048
vn -0.3396 -0.7693 -0.5411
vn -0.5563 -0.7233 -0.4090
vn -0.4182 -0.6485 -0.6360
vn -0.1983 -0.1178 -0.9730
vn -0.5162 -0.3226 -0.7934
vn -0.1899 -0.3270 -0.9258
vn -0.3559 -0.4229 -0.8333
vn -0.7953 -0.5153 -0.3193
vn -0.6984 -0.4540 -0.5532
vn -0.8440 -0.3854 -0.3729
vn -0.6889 -0.6246 -0.3680
vn -0.7983 -0.3478 -0.4917
vn -0.6350 -0.5999 -0.4867
vn -0.1676 0.6452 -0.7454
vn -0.4874 0.4945 -0.7197
vn -0.2600 0.7187 -0.6449
vn -0.1801 0.5038 -0.8448
vn -0.8813 0.0931 -0.4632
vn -0.7325 0.2956 -0.6133
vn -0.8732 0.2445 -0.4216
vn -0.8331 0.0000 -0.5531
vn -0.4104 0.7998 -0.4381
vn -0.5652 0.5611 -0.6048
vn -0.3396 0.7693 -0.5411
vn -0.5563 0.7233 -0.4090
vn -0.4182 0.6485 -0.6360
vn -0.1983 0.1178 -0.9730
vn -0.5162 0.3226 -0.7934
vn -0.1899 0.3270 -0.9258
vn -0.3821 0.0000 -0.9241
vn -0.3559 0.4229 -0.8333
vn -0.7953 0.5153 -0.3193
vn -0.6984 0.4540 -0.5532
vn -0.8440 0.3854 -0.3729
vn -0.6889 0.6246 -0.3680
vn -0.7983 0.3478 -0.4917
vn -0.6350 0.5999 -0.4867
vn -0.6582 -0.2078 -0.7236
vn -0.6582 0.2078 -0.7236
vn -0.7610 -0.1018 -0.6407
vn -0.5413 -0.1137 -0.8331
vn -0.7610 0.1018 -0.6407
vn -0.5413 0.1137 -0.8331
vn -0.6024 0.7964 0.0534
vn -0.7597 0.6306 0.1591
vn -0.5655 0.8124 0.1418
vn -0.6908 0.7231 0.0000
vn -0.9265 0.1452 0.3472
vn -0.8738 0.4113 0.2596
vn -0.4737 0.8163 0.3305
vn -0.7265 0.6366 0.2588
vn -0.5223 0.8202 0.2334
vn -0.6504 0.7331 0.1990
vn -0.8399 0.5326 -0.1049
vn -0.8399 0.5326 0.1049
vn -0.7701 0.6357 -0.0529
vn -0.7701 0.6357 0.0529
vn -0.6024 -0.7964 0.0534
vn -0.7597 -0.6306 0.1591
vn -0.5655 -0.8124 0.1418
vn -0.6908 -0.7231 0.0000
vn -0.9265 -0.1452 0.3472
vn -0.8738 -0.4113 0.2596
vn -0.4737 -0.8163 0.3305
vn -0.7265 -0.6366 0.2588
vn -0.5223 -0.8202 0.2334
vn -0.6504 -0.7331 0.1990
vn -0.8399 -0.5326 -0.1049
vn -0.8399 -0.5326 0.1049
vn -0.7701 -0.6357 -0.0529
vn -0.7701 -0.6357 0.0529
vn -0.1676 -0.6452 0.7454
vn -0.4874 -0.4945 0.7197
vn -0.2600 -0.7187 0.6449
vn -0.1801 -0.5038 0.8448
vn -0.8813 -0.0931 0.4632
vn -0.7325 -0.2956 0.6133
vn -0.8732 -0.2445 0.4216
vn -0.4104 -0.7998 0.4381
vn -0.5652 -0.5611 0.6048
vn -0.3396 -0.7693 0.5411
vn -0.5563 -0.7233 0.4090
vn -0.4182 -0.6485 0.6360
vn -0.1983 -0.1178 0.9730
vn -0.5162 -0.3226 0.7934
vn -0.1899 -0.3270 0.9258
vn -0.3559 -0.4229 0.8333
vn -0.7953 -0.5153 0.3193
vn -0.6984 -0.4540 0.5532
vn -0.8440 -0.3854 0.3729
vn -0.6889 -0.6246 0.3680
vn -0.7983 -0.3478 0.4917
vn -0.6350 -0.5999 0.4867
vn -0.1676 0.6452 0.7454
vn -0.4874 0.4945 0.7197
vn -0.2600 0.7187 0.6449
vn -0.1801 0.5038 0.8448
vn -0.8813 0.0931 0.4632
vn -0.7325 0.2956 0.6133
vn -0.8732 0.2445 0.4216
vn -0.8331 -0.0000 0.5531
vn -0.4104 0.7998 0.4381
vn -0.5652 0.5611 0.6048
vn -0.3396 0.7693 0.5411
vn -0.5563 0.7233 0.4090
vn -0.4182 0.6485 0.6360
vn -0.1983 0.1178 0.9730
vn -0.5162 0.3226 0.7934
vn -0.1899 0.3270 0.9258
vn -0.3821 0.0000 0.9241
vn -0.3559 0.4229 0.8333
vn -0.7953 0.5153 0.3193
vn -0.6984 0.4540 0.5532
vn -0.8440 0.3854 0.3729
vn -0.6889 0.6246 0.3680
vn -0.7983 0.3478 0.4917
vn -0.6350 0.5999 0.4867
vn -0.6582 -0.2078 0.7236
vn -0.6582 0.2078 0.7236
vn -0.7610 -0.1018 0.6407
vn -0.5413 -0.1137 0.8331
vn -0.7610 0.1018 0.6407
vn -0.5413 0.1137 0.8331
vn -0.9586 -0.0000 -0.2847
vn -0.9956 0.0000 -0.0940
vn -0.9583 0.1425 -0.2479
vn -0.9583 -0.1425 -0.2479
vn -0.9586 -0.0000 0.2847
vn -0.9956 0.0000 0.0940
vn -0.9583 0.1425 0.2479
vn -0.9583 -0.1425 0.2479
vn -0.8993 0.4078 -0.1582
vn -0.9886 0.1413 -0.0522
vn -0.9378 0.2790 -0.2064
vn -0.9098 0.4116 -0.0539
vn -0.9787 0.1401 -0.1500
vn -0.8993 -0.4078 -0.1582
vn -0.9886 -0.1413 -0.0522
vn -0.9378 -0.2790 -0.2064
vn -0.9098 -0.4116 -0.0539
vn -0.9787 -0.1401 -0.1500
vn -0.8993 0.4078 0.1582
vn -0.9886 0.1413 0.0522
vn -0.9378 0.2790 0.2064
vn -0.9098 0.4116 0.0539
vn -0.9787 0.1401 0.1500
vn -0.9609 0.2768 -0.0000
vn -0.8993 -0.4078 0.1582
vn -0.9886 -0.1413 0.0522
vn -0.9378 -0.2790 0.2064
vn -0.9098 -0.4116 0.0539
vn -0.9787 -0.1401 0.1500
vn -0.9609 -0.2768 -0.0000
f 1285//1285 1817//1817 1481//1481
f 1817//1817 1422//1422 1819//1819
f 1481//1481 1819//1819 1338//1338
f 1817//1817 1819//1819 1481//1481
f 1422//1422 1818//1818 1826//1826
f 1818//1818 1322//1322 1824//1824
f 1826//1826 1824//1824 1424//1424
f 1818//1818 1824//1824 1826//1826
f 1338//1338 1825//1825 1482//1482
f 1825//1825 1424//1424 1823//1823
f 1482//1482 1823//1823 1301//1301
f 1825//1825 1823//1823 1482//1482
f 1422//1422 1826//1826 1819//1819
f 1826//1826 1424//1424 1825//1825
f 1819//1819 1825//1825 1338//1338
f 1826//1826 1825//1825 1819//1819
f 1322//1322 1822//1822 1885//1885
f 1822//1822 1423//1423 1887//1887
f 1885//1885 1887//1887 1439//1439
f 1822//1822 1887//1887 1885//1885
f 1423//1423 1821//1821 1873//1873
f 1821//1821 1296//1296 1871//1871
f 1873//1873 1871//1871 1436//1436
f 1821//1821 1871//1871 1873//1873
f 1439//1439 1889//1889 1886//1886
f 1889//1889 1436//1436 1872//1872
f 1886//1886 1872//1872 1325//1325
f 1889//1889 1872//1872 1886//1886
f 1423//1423 1873//1873 1887//1887
f 1873//1873 1436//1436 1889//1889
f 1887//1887 1889//1889 1439//1439
f 1873//1873 1889//1889 1887//1887
f 1301//1301 1875//1875 1485//1485
f 1875//1875 1437//1437 1877//1877
f 1485//1485 1877//1877 1339//1339
f 1875//1875 1877//1877 1485//1485
f 1437//1437 1876//1876 1879//1879
f 1876//1876 1325//1325 1868//1868
f 1879//1879 1868//1868 1435//1435
f 1876//1876 1868//1868 1879//1879
f 1339//1339 1869//1869 1484//1484
f 1869//1869 1435//1435 1867//1867
f 1484//1484 1867//1867 1290//1290
f 1869//1869 1867//1867 1484//1484
f 1437//1437 1879//1879 1877//1877
f 1879//1879 1435//1435 1869//1869
f 1877//1877 1869//1869 1339//1339
f 1879//1879 1869//1869 1877//1877
f 1322//1322 1885//1885 1824//1824
f 1885//1885 1439//1439 1888//1888
f 1824//1824 1888//1888 1424//1424
f 1885//1885 1888//1888 1824//1824
f 1439//1439 1886//1886 1890//1890
f 1886//1886 1325//1325 1876//1876
f 1890//1890 1876//1876 1437//1437
f 1886//1886 1876//1876 1890//1890
f 1424//1424 1878//1878 1823//1823
f 1878//1878 1437//1437 1875//1875
f 1823//1823 1875//1875 1301//1301
f 1878//1878 1875//1875 1823//1823
f 1439//1439 1890//1890 1888//1888
f 1890//1890 1437//1437 1878//1878
f 1888//1888 1878//1878 1424//1424
f 1890//1890 1878//1878 1888//1888
f 1285//1285 1481//1481 1447//1447
f 1481//1481 1338//1338 1483//1483
f 1447//1447 1483//1483 1327//1327
f 1481//1481 1483//1483 1447//1447
f 1338//1338 1482//1482 1489//1489
f 1482//1482 1301//1301 1487//1487
f 1489//1489 1487//1487 1340//1340
f 1482//1482 1487//1487 1489//1489
f 1327//1327 1488//1488 1448//1448
f 1488//1488 1340//1340 1486//1486
f 1448//1448 1486//1486 1297//1297
f 1488//1488 1486//1486 1448//1448
f 1338//1338 1489//1489 1483//1483
f 1489//1489 1340//1340 1488//1488
f 1483//1483 1488//1488 1327//1327
f 1489//1489 1488//1488 1483//1483
f 1301//1301 1485//1485 1501//1501
f 1485//1485 1339//1339 1503//1503
f 1501//1501 1503//1503 1344//1344
f 1485//1485 1503//1503 1501//1501
f 1339//1339 1484//1484 1495//1495
f 1484//1484 1290//1290 1493//1493
f 1495//1495 1493//1493 1342//1342
f 1484//1484 1493//1493 1495//1495
f 1344//1344 1505//1505 1502//1502
f 1505//1505 1342//1342 1494//1494
f 1502//1502 1494//1494 1302//1302
f 1505//1505 1494//1494 1502//1502
f 1339//1339 1495//1495 1503//1503
f 1495//1495 1342//1342 1505//1505
f 1503//1503 1505//1505 1344//1344
f 1495//1495 1505//1505 1503//1503
f 1297//1297 1496//1496 1450//1450
f 1496//1496 1343//1343 1498//1498
f 1450//1450 1498//1498 1328//1328
f 1496//1496 1498//1498 1450//1450
f 1343//1343 1497//1497 1500//1500
f 1497//1497 1302//1302 1491//1491
f 1500//1500 1491//1491 1341//1341
f 1497//1497 1491//1491 1500//1500
f 1328//1328 1492//1492 1449//1449
f 1492//1492 1341//1341 1490//1490
f 1449//1449 1490//1490 1286//1286
f 1492//1492 1490//1490 1449//1449
f 1343//1343 1500//1500 1498//1498
f 1500//1500 1341//1341 1492//1492
f 1498//1498 1492//1492 1328//1328
f 1500//1500 1492//1492 1498//1498
f 1301//1301 1501//1501 1487//1487
f 1501//1501 1344//1344 1504//1504
f 1487//1487 1504//1504 1340//1340
f 1501//1501 1504//1504 1487//1487
f 1344//1344 1502//1502 1506//1506
f 1502//1502 1302//1302 1497//1497
f 1506//1506 1497//1497 1343//1343
f 1502//1502 1497//1497 1506//1506
f 1340//1340 1499//1499 1486//1486
f 1499//1499 1343//1343 1496//1496
f 1486//1486 1496//1496 1297//1297
f 1499//1499 1496//1496 1486//1486
f 1344//1344 1506//1506 1504//1504
f 1506//1506 1343//1343 1499//1499
f 1504//1504 1499//1499 1340//1340
f 1506//1506 1499//1499 1504//1504
f 1285//1285 1447//1447 1537//1537
f 1447//1447 1327//1327 1539//1539
f 1537//1537 1539//1539 1354//1354
f 1447//1447 1539//1539 1537//1537
f 1327//1327 1448//1448 1544//1544
f 1448//1448 1297//1297 1542//1542
f 1544//1544 1542//1542 1356//1356
f 1448//1448 1542//1542 1544//1544
f 1354//1354 1545//1545 1538//1538
f 1545//1545 1356//1356 1543//1543
f 1538//1538 1543//1543 1306//1306
f 1545//1545 1543//1543 1538//1538
f 1327//1327 1544//1544 1539//1539
f 1544//1544 1356//1356 1545//1545
f 1539//1539 1545//1545 1354//1354
f 1544//1544 1545//1545 1539//1539
f 1297//1297 1450//1450 1552//1552
f 1450//1450 1328//1328 1554//1554
f 1552//1552 1554//1554 1359//1359
f 1450//1450 1554//1554 1552//1552
f 1328//1328 1449//1449 1548//1548
f 1449//1449 1286//1286 1546//1546
f 1548//1548 1546//1546 1357//1357
f 1449//1449 1546//1546 1548//1548
f 1359//1359 1556//1556 1553//1553
f 1556//1556 1357//1357 1547//1547
f 1553//1553 1547//1547 1307//1307
f 1556//1556 1547//1547 1553//1553
f 1328//1328 1548//1548 1554//1554
f 1548//1548 1357//1357 1556//1556
f 1554//1554 1556//1556 1359//1359
f 1548//1548 1556//1556 1554//1554
f 1306//1306 1557//1557 1541//1541
f 1557//1557 1360//1360 1559//1559
f 1541//1541 1559//1559 1355//1355
f 1557//1557 1559//1559 1541//1541
f 1360//1360 1558//1558 1561//1561
f 1558//1558 1307//1307 1550//1550
f 1561//1561 1550//1550 1358//1358
f 1558//1558 1550//1550 1561//1561
f 1355//1355 1551//1551 1540//1540
f 1551//1551 1358//1358 1549//1549
f 1540//1540 1549//1549 1292//1292
f 1551//1551 1549//1549 1540//1540
f 1360//1360 1561//1561 1559//1559
f 1561//1561 1358//1358 1551//1551
f 1559//1559 1551//1551 1355//1355
f 1561//1561 1551//1551 1559//1559
f 1297//1297 1552//1552 1542//1542
f 1552//1552 1359//1359 1555//1555
f 1542//1542 1555//1555 1356//1356
f 1552//1552 1555//1555 1542//1542
f 1359//1359 1553//1553 1562//1562
f 1553//1553 1307//1307 1558//1558
f 1562//1562 1558//1558 1360//1360
f 1553//1553 1558//1558 1562//1562
f 1356//1356 1560//1560 1543//1543
f 1560//1560 1360//1360 1557//1557
f 1543//1543 1557//1557 1306//1306
f 1560//1560 1557//1557 1543//1543
f 1359//1359 1562//1562 1555//1555
f 1562//1562 1360//1360 1560//1560
f 1555//1555 1560//1560 1356//1356
f 1562//1562 1560//1560 1555//1555
f 1285//1285 1537//1537 1747//1747
f 1537//1537 1354//1354 1749//1749
f 1747//1747 1749//1749 1405//1405
f 1537//1537 1749//1749 1747//1747
f 1354//1354 1538//1538 1754//1754
f 1538//1538 1306//1306 1752//1752
f 1754//1754 1752//1752 1407//1407
f 1538//1538 1752//1752 1754//1754
f 1405//1405 1755//1755 1748//1748
f 1755//1755 1407//1407 1753//1753
f 1748//1748 1753//1753 1318//1318
f 1755//1755 1753//1753 1748//1748
f 1354//1354 1754//1754 1749//1749
f 1754//1754 1407//1407 1755//1755
f 1749//1749 1755//1755 1405//1405
f 1754//1754 1755//1755 1749//1749
f 1306//1306 1541//1541 1795//1795
f 1541//1541 1355//1355 1797//1797
f 1795//1795 1797//1797 1418//1418
f 1541//1541 1797//1797 1795//1795
f 1355//1355 1540//1540 1789//1789
f 1540//1540 1292//1292 1787//1787
f 1789//1789 1787//1787 1416//1416
f 1540//1540 1787//1787 1789//1789
f 1418//1418 1799//1799 1796//1796
f 1799//1799 1416//1416 1788//1788
f 1796//1796 1788//1788 1321//1321
f 1799//1799 1788//1788 1796//1796
f 1355//1355 1789//1789 1797//1797
f 1789//1789 1416//1416 1799//1799
f 1797//1797 1799//1799 1418//1418
f 1789//1789 1799//1799 1797//1797
f 1318//1318 1805//1805 1751//1751
f 1805//1805 1420//1420 1807//1807
f 1751//1751 1807//1807 1406//1406
f 1805//1805 1807//1807 1751//1751
f 1420//1420 1806//1806 1809//1809
f 1806//1806 1321//1321 1792//1792
f 1809//1809 1792//1792 1417//1417
f 1806//1806 1792//1792 1809//1809
f 1406//1406 1793//1793 1750//1750
f 1793//1793 1417//1417 1791//1791
f 1750//1750 1791//1791 1295//1295
f 1793//1793 1791//1791 1750//1750
f 1420//1420 1809//1809 1807//1807
f 1809//1809 1417//1417 1793//1793
f 1807//1807 1793//1793 1406//1406
f 1809//1809 1793//1793 1807//1807
f 1306//1306 1795//1795 1752//1752
f 1795//1795 1418//1418 1798//1798
f 1752//1752 1798//1798 1407//1407
f 1795//1795 1798//1798 1752//1752
f 1418//1418 1796//1796 1810//1810
f 1796//1796 1321//1321 1806//1806
f 1810//1810 1806//1806 1420//1420
f 1796//1796 1806//1806 1810//1810
f 1407//1407 1808//1808 1753//1753
f 1808//1808 1420//1420 1805//1805
f 1753//1753 1805//1805 1318//1318
f 1808//1808 1805//1805 1753//1753
f 1418//1418 1810//1810 1798//1798
f 1810//1810 1420//1420 1808//1808
f 1798//1798 1808//1808 1407//1407
f 1810//1810 1808//1808 1798//1798
f 1285//1285 1747//1747 1817//1817
f 1747//1747 1405//1405 1820//1820
f 1817//1817 1820//1820 1422//1422
f 1747//1747 1820//1820 1817//1817
f 1405//1405 1748//1748 1829//1829
f 1748//1748 1318//1318 1827//1827
f 1829//1829 1827//1827 1425//1425
f 1748//1748 1827//1827 1829//1829
f 1422//1422 1830//1830 1818//1818
f 1830//1830 1425//1425 1828//1828
f 1818//1818 1828//1828 1322//1322
f 1830//1830 1828//1828 1818//1818
f 1405//1405 1829//1829 1820//1820
f 1829//1829 1425//1425 1830//1830
f 1820//1820 1830//1830 1422//1422
f 1829//1829 1830//1830 1820//1820
f 1318//1318 1751//1751 1905//1905
f 1751//1751 1406//1406 1907//1907
f 1905//1905 1907//1907 1443//1443
f 1751//1751 1907//1907 1905//1905
f 1406//1406 1750//1750 1899//1899
f 1750//1750 1295//1295 1897//1897
f 1899//1899 1897//1897 1441//1441
f 1750//1750 1897//1897 1899//1899
f 1443//1443 1909//1909 1906//1906
f 1909//1909 1441//1441 1898//1898
f 1906//1906 1898//1898 1326//1326
f 1909//1909 1898//1898 1906//1906
f 1406//1406 1899//1899 1907//1907
f 1899//1899 1441//1441 1909//1909
f 1907//1907 1909//1909 1443//1443
f 1899//1899 1909//1909 1907//1907
f 1322//1322 1915//1915 1822//1822
f 1915//1915 1445//1445 1917//1917
f 1822//1822 1917//1917 1423//1423
f 1915//1915 1917//1917 1822//1822
f 1445//1445 1916//1916 1919//1919
f 1916//1916 1326//1326 1902//1902
f 1919//1919 1902//1902 1442//1442
f 1916//1916 1902//1902 1919//1919
f 1423//1423 1903//1903 1821//1821
f 1903//1903 1442//1442 1901//1901
f 1821//1821 1901//1901 1296//1296
f 1903//1903 1901//1901 1821//1821
f 1445//1445 1919//1919 1917//1917
f 1919//1919 1442//1442 1903//1903
f 1917//1917 1903//1903 1423//1423
f 1919//1919 1903//1903 1917//1917
f 1318//1318 1905//1905 1827//1827
f 1905//1905 1443//1443 1908//1908
f 1827//1827 1908//1908 1425//1425
f 1905//1905 1908//1908 1827//1827
f 1443//1443 1906//1906 1920//1920
f 1906//1906 1326//1326 1916//1916
f 1920//1920 1916//1916 1445//1445
f 1906//1906 1916//1916 1920//1920
f 1425//1425 1918//1918 1828//1828
f 1918//1918 1445//1445 1915//1915
f 1828//1828 1915//1915 1322//1322
f 1918//1918 1915//1915 1828//1828
f 1443//1443 1920//1920 1908//1908
f 1920//1920 1445//1445 1918//1918
f 1908//1908 1918//1918 1425//1425
f 1920//1920 1918//1918 1908//1908
f 1286//1286 1490//1490 1637//1637
f 1490//1490 1341//1341 1639//1639
f 1637//1637 1639//1639 1380//1380
f 1490//1490 1639//1639 1637//1637
f 1341//1341 1491//1491 1645//1645
f 1491//1491 1302//1302 1643//1643
f 1645//1645 1643//1643 1382//1382
f 1491//1491 1643//1643 1645//1645
f 1380//1380 1646//1646 1638//1638
f 1646//1646 1382//1382 1644//1644
f 1638//1638 1644//1644 1313//1313
f 1646//1646 1644//1644 1638//1638
f 1341//1341 1645//1645 1639//1639
f 1645//1645 1382//1382 1646//1646
f 1639//1639 1646//1646 1380//1380
f 1645//1645 1646//1646 1639//1639
f 1302//1302 1494//1494 1695//1695
f 1494//1494 1342//1342 1697//1697
f 1695//1695 1697//1697 1395//1395
f 1494//1494 1697//1697 1695//1695
f 1342//1342 1493//1493 1689//1689
f 1493//1493 1290//1290 1687//1687
f 1689//1689 1687//1687 1393//1393
f 1493//1493 1687//1687 1689//1689
f 1395//1395 1699//1699 1696//1696
f 1699//1699 1393//1393 1688//1688
f 1696//1696 1688//1688 1316//1316
f 1699//1699 1688//1688 1696//1696
f 1342//1342 1689//1689 1697//1697
f 1689//1689 1393//1393 1699//1699
f 1697//1697 1699//1699 1395//1395
f 1689//1689 1699//1699 1697//1697
f 1313//1313 1705//1705 1642//1642
f 1705//1705 1397//1397 1707//1707
f 1642//1642 1707//1707 1381//1381
f 1705//1705 1707//1707 1642//1642
f 1397//1397 1706//1706 1709//1709
f 1706//1706 1316//1316 1692//1692
f 1709//1709 1692//1692 1394//1394
f 1706//1706 1692//1692 1709//1709
f 1381//1381 1693//1693 1641//1641
f 1693//1693 1394//1394 1691//1691
f 1641//1641 1691//1691 1294//1294
f 1693//1693 1691//1691 1641//1641
f 1397//1397 1709//1709 1707//1707
f 1709//1709 1394//1394 1693//1693
f 1707//1707 1693//1693 1381//1381
f 1709//1709 1693//1693 1707//1707
f 1302//1302 1695//1695 1643//1643
f 1695//1695 1395//1395 1698//1698
f 1643//1643 1698//1698 1382//1382
f 1695//1695 1698//1698 1643//1643
f 1395//1395 1696//1696 1710//1710
f 1696//1696 1316//1316 1706//1706
f 1710//1710 1706//1706 1397//1397
f 1696//1696 1706//1706 1710//1710
f 1382//1382 1708//1708 1644//1644
f 1708//1708 1397//1397 1705//1705
f 1644//1644 1705//1705 1313//1313
f 1708//1708 1705//1705 1644//1644
f 1395//1395 1710//1710 1698//1698
f 1710//1710 1397//1397 1708//1708
f 1698//1698 1708//1708 1382//1382
f 1710//1710 1708//1708 1698//1698
f 1290//1290 1867//1867 1509//1509
f 1867//1867 1435//1435 1870//1870
f 1509//1509 1870//1870 1346//1346
f 1867//1867 1870//1870 1509//1509
f 1435//1435 1868//1868 1884//1884
f 1868//1868 1325//1325 1881//1881
f 1884//1884 1881//1881 1438//1438
f 1868//1868 1881//1881 1884//1884
f 1346//1346 1882//1882 1510//1510
f 1882//1882 1438//1438 1880//1880
f 1510//1510 1880//1880 1303//1303
f 1882//1882 1880//1880 1510//1510
f 1435//1435 1884//1884 1870//1870
f 1884//1884 1438//1438 1882//1882
f 1870//1870 1882//1882 1346//1346
f 1884//1884 1882//1882 1870//1870
f 1325//1325 1872//1872 1892//1892
f 1872//1872 1436//1436 1895//1895
f 1892//1892 1895//1895 1440//1440
f 1872//1872 1895//1895 1892//1892
f 1436//1436 1871//1871 1874//1874
f 1871//1871 1296//1296 1849//1849
f 1874//1874 1849//1849 1431//1431
f 1871//1871 1849//1849 1874//1874
f 1440//1440 1893//1893 1891//1891
f 1893//1893 1431//1431 1850//1850
f 1891//1891 1850//1850 1324//1324
f 1893//1893 1850//1850 1891//1891
f 1436//1436 1874//1874 1895//1895
f 1874//1874 1431//1431 1893//1893
f 1895//1895 1893//1893 1440//1440
f 1874//1874 1893//1893 1895//1895
f 1303//1303 1857//1857 1508//1508
f 1857//1857 1433//1433 1859//1859
f 1508//1508 1859//1859 1345//1345
f 1857//1857 1859//1859 1508//1508
f 1433//1433 1858//1858 1860//1860
f 1858//1858 1324//1324 1846//1846
f 1860//1860 1846//1846 1430//1430
f 1858//1858 1846//1846 1860//1860
f 1345//1345 1848//1848 1507//1507
f 1848//1848 1430//1430 1845//1845
f 1507//1507 1845//1845 1289//1289
f 1848//1848 1845//1845 1507//1507
f 1433//1433 1860//1860 1859//1859
f 1860//1860 1430//1430 1848//1848
f 1859//1859 1848//1848 1345//1345
f 1860//1860 1848//1848 1859//1859
f 1325//1325 1892//1892 1881//1881
f 1892//1892 1440//1440 1896//1896
f 1881//1881 1896//1896 1438//1438
f 1892//1892 1896//1896 1881//1881
f 1440//1440 1891//1891 1894//1894
f 1891//1891 1324//1324 1858//1858
f 1894//1894 1858//1858 1433//1433
f 1891//1891 1858//1858 1894//1894
f 1438//1438 1883//1883 1880//1880
f 1883//1883 1433//1433 1857//1857
f 1880//1880 1857//1857 1303//1303
f 1883//1883 1857//1857 1880//1880
f 1440//1440 1894//1894 1896//1896
f 1894//1894 1433//1433 1883//1883
f 1896//1896 1883//1883 1438//1438
f 1894//1894 1883//1883 1896//1896
f 1296//1296 1901//1901 1835//1835
f 1901//1901 1442//1442 1904//1904
f 1835//1835 1904//1904 1427//1427
f 1901//1901 1904//1904 1835//1835
f 1442//1442 1902//1902 1925//1925
f 1902//1902 1326//1326 1922//1922
f 1925//1925 1922//1922 1446//1446
f 1902//1902 1922//1922 1925//1925
f 1427//1427 1923//1923 1836//1836
f 1923//1923 1446//1446 1921//1921
f 1836//1836 1921//1921 1323//1323
f 1923//1923 1921//1921 1836//1836
f 1442//1442 1925//1925 1904//1904
f 1925//1925 1446//1446 1923//1923
f 1904//1904 1923//1923 1427//1427
f 1925//1925 1923//1923 1904//1904
f 1326//1326 1898//1898 1911//1911
f 1898//1898 1441//1441 1914//1914
f 1911//1911 1914//1914 1444//1444
f 1898//1898 1914//1914 1911//1911
f 1441//1441 1897//1897 1900//1900
f 1897//1897 1295//1295 1759//1759
f 1900//1900 1759//1759 1409//1409
f 1897//1897 1759//1759 1900//1900
f 1444//1444 1912//1912 1910//1910
f 1912//1912 1409//1409 1760//1760
f 1910//1910 1760//1760 1319//1319
f 1912//1912 1760//1760 1910//1910
f 1441//1441 1900//1900 1914//1914
f 1900//1900 1409//1409 1912//1912
f 1914//1914 1912//1912 1444//1444
f 1900//1900 1912//1912 1914//1914
f 1323//1323 1842//1842 1832//1832
f 1842//1842 1429//1429 1844//1844
f 1832//1832 1844//1844 1426//1426
f 1842//1842 1844//1844 1832//1832
f 1429//1429 1841//1841 1843//1843
f 1841//1841 1319//1319 1757//1757
f 1843//1843 1757//1757 1408//1408
f 1841//1841 1757//1757 1843//1843
f 1426//1426 1834//1834 1831//1831
f 1834//1834 1408//1408 1756//1756
f 1831//1831 1756//1756 1287//1287
f 1834//1834 1756//1756 1831//1831
f 1429//1429 1843//1843 1844//1844
f 1843//1843 1408//1408 1834//1834
f 1844//1844 1834//1834 1426//1426
f 1843//1843 1834//1834 1844//1844
f 1326//1326 1911//1911 1922//1922
f 1911//1911 1444//1444 1926//1926
f 1922//1922 1926//1926 1446//1446
f 1911//1911 1926//1926 1922//1922
f 1444//1444 1910//1910 1913//1913
f 1910//1910 1319//1319 1841//1841
f 1913//1913 1841//1841 1429//1429
f 1910//1910 1841//1841 1913//1913
f 1446//1446 1924//1924 1921//1921
f 1924//1924 1429//1429 1842//1842
f 1921//1921 1842//1842 1323//1323
f 1924//1924 1842//1842 1921//1921
f 1444//1444 1913//1913 1926//1926
f 1913//1913 1429//1429 1924//1924
f 1926//1926 1924//1924 1446//1446
f 1913//1913 1924//1924 1926//1926
f 1295//1295 1791//1791 1769//1769
f 1791//1791 1417//1417 1794//1794
f 1769//1769 1794//1794 1412//1412
f 1791//1791 1794//1794 1769//1769
f 1417//1417 1792//1792 1815//1815
f 1792//1792 1321//1321 1812//1812
f 1815//1815 1812//1812 1421//1421
f 1792//1792 1812//1812 1815//1815
f 1412//1412 1813//1813 1770//1770
f 1813//1813 1421//1421 1811//1811
f 1770//1770 1811//1811 1320//1320
f 1813//1813 1811//1811 1770//1770
f 1417//1417 1815//1815 1794//1794
f 1815//1815 1421//1421 1813//1813
f 1794//1794 1813//1813 1412//1412
f 1815//1815 1813//1813 1794//1794
f 1321//1321 1788//1788 1801//1801
f 1788//1788 1416//1416 1804//1804
f 1801//1801 1804//1804 1419//1419
f 1788//1788 1804//1804 1801//1801
f 1416//1416 1787//1787 1790//1790
f 1787//1787 1292//1292 1565//1565
f 1790//1790 1565//1565 1362//1362
f 1787//1787 1565//1565 1790//1790
f 1419//1419 1802//1802 1800//1800
f 1802//1802 1362//1362 1566//1566
f 1800//1800 1566//1566 1308//1308
f 1802//1802 1566//1566 1800//1800
f 1416//1416 1790//1790 1804//1804
f 1790//1790 1362//1362 1802//1802
f 1804//1804 1802//1802 1419//1419
f 1790//1790 1802//1802 1804//1804
f 1320//1320 1778//1778 1766//1766
f 1778//1778 1414//1414 1780//1780
f 1766//1766 1780//1780 1411//1411
f 1778//1778 1780//1780 1766//1766
f 1414//1414 1777//1777 1779//1779
f 1777//1777 1308//1308 1564//1564
f 1779//1779 1564//1564 1361//1361
f 1777//1777 1564//1564 1779//1779
f 1411//1411 1768//1768 1765//1765
f 1768//1768 1361//1361 1563//1563
f 1765//1765 1563//1563 1291//1291
f 1768//1768 1563//1563 1765//1765
f 1414//1414 1779//1779 1780//1780
f 1779//1779 1361//1361 1768//1768
f 1780//1780 1768//1768 1411//1411
f 1779//1779 1768//1768 1780//1780
f 1321//1321 1801//1801 1812//1812
f 1801//1801 1419//1419 1816//1816
f 1812//1812 1816//1816 1421//1421
f 1801//1801 1816//1816 1812//1812
f 1419//1419 1800//1800 1803//1803
f 1800//1800 1308//1308 1777//1777
f 1803//1803 1777//1777 1414//1414
f 1800//1800 1777//1777 1803//1803
f 1421//1421 1814//1814 1811//1811
f 1814//1814 1414//1414 1778//1778
f 1811//1811 1778//1778 1320//1320
f 1814//1814 1778//1778 1811//1811
f 1419//1419 1803//1803 1816//1816
f 1803//1803 1414//1414 1814//1814
f 1816//1816 1814//1814 1421//1421
f 1803//1803 1814//1814 1816//1816
f 1292//1292 1549//1549 1607//1607
f 1549//1549 1358//1358 1609//1609
f 1607//1607 1609//1609 1374//1374
f 1549//1549 1609//1609 1607//1607
f 1358//1358 1550//1550 1617//1617
f 1550//1550 1307//1307 1615//1615
f 1617//1617 1615//1615 1376//1376
f 1550//1550 1615//1615 1617//1617
f 1374//1374 1619//1619 1608//1608
f 1619//1619 1376//1376 1616//1616
f 1608//1608 1616//1616 1312//1312
f 1619//1619 1616//1616 1608//1608
f 1358//1358 1617//1617 1609//1609
f 1617//1617 1376//1376 1619//1619
f 1609//1609 1619//1619 1374//1374
f 1617//1617 1619//1619 1609//1609
f 1307//1307 1547//1547 1572//1572
f 1547//1547 1357//1357 1574//1574
f 1572//1572 1574//1574 1365//1365
f 1547//1547 1574//1574 1572//1572
f 1357//1357 1546//1546 1569//1569
f 1546//1546 1286//1286 1567//1567
f 1569//1569 1567//1567 1363//1363
f 1546//1546 1567//1567 1569//1569
f 1365//1365 1575//1575 1573//1573
f 1575//1575 1363//1363 1568//1568
f 1573//1573 1568//1568 1309//1309
f 1575//1575 1568//1568 1573//1573
f 1357//1357 1569//1569 1574//1574
f 1569//1569 1363//1363 1575//1575
f 1574//1574 1575//1575 1365//1365
f 1569//1569 1575//1575 1574//1574
f 1312//1312 1626//1626 1612//1612
f 1626//1626 1378//1378 1629//1629
f 1612//1612 1629//1629 1375//1375
f 1626//1626 1629//1629 1612//1612
f 1378//1378 1625//1625 1627//1627
f 1625//1625 1309//1309 1571//1571
f 1627//1627 1571//1571 1364//1364
f 1625//1625 1571//1571 1627//1627
f 1375//1375 1613//1613 1611//1611
f 1613//1613 1364//1364 1570//1570
f 1611//1611 1570//1570 1293//1293
f 1613//1613 1570//1570 1611//1611
f 1378//1378 1627//1627 1629//1629
f 1627//1627 1364//1364 1613//1613
f 1629//1629 1613//1613 1375//1375
f 1627//1627 1613//1613 1629//1629
f 1307//1307 1572//1572 1615//1615
f 1572//1572 1365//1365 1618//1618
f 1615//1615 1618//1618 1376//1376
f 1572//1572 1618//1618 1615//1615
f 1365//1365 1573//1573 1628//1628
f 1573//1573 1309//1309 1625//1625
f 1628//1628 1625//1625 1378//1378
f 1573//1573 1625//1625 1628//1628
f 1376//1376 1630//1630 1616//1616
f 1630//1630 1378//1378 1626//1626
f 1616//1616 1626//1626 1312//1312
f 1630//1630 1626//1626 1616//1616
f 1365//1365 1628//1628 1618//1618
f 1628//1628 1378//1378 1630//1630
f 1618//1618 1630//1630 1376//1376
f 1628//1628 1630//1630 1618//1618
f 1288//1288 1651//1651 1464//1464
f 1651//1651 1384//1384 1653//1653
f 1464//1464 1653//1653 1334//1334
f 1651//1651 1653//1653 1464//1464
f 1384//1384 1652//1652 1660//1660
f 1652//1652 1314//1314 1658//1658
f 1660//1660 1658//1658 1386//1386
f 1652//1652 1658//1658 1660//1660
f 1334//1334 1659//1659 1465//1465
f 1659//1659 1386//1386 1657//1657
f 1465//1465 1657//1657 1300//1300
f 1659//1659 1657//1657 1465//1465
f 1384//1384 1660//1660 1653//1653
f 1660//1660 1386//1386 1659//1659
f 1653//1653 1659//1659 1334//1334
f 1660//1660 1659//1659 1653//1653
f 1314//1314 1656//1656 1681//1681
f 1656//1656 1385//1385 1683//1683
f 1681//1681 1683//1683 1392//1392
f 1656//1656 1683//1683 1681//1681
f 1385//1385 1655//1655 1671//1671
f 1655//1655 1294//1294 1669//1669
f 1671//1671 1669//1669 1389//1389
f 1655//1655 1669//1669 1671//1671
f 1392//1392 1685//1685 1682//1682
f 1685//1685 1389//1389 1670//1670
f 1682//1682 1670//1670 1315//1315
f 1685//1685 1670//1670 1682//1682
f 1385//1385 1671//1671 1683//1683
f 1671//1671 1389//1389 1685//1685
f 1683//1683 1685//1685 1392//1392
f 1671//1671 1685//1685 1683//1683
f 1300//1300 1672//1672 1468//1468
f 1672//1672 1390//1390 1674//1674
f 1468//1468 1674//1674 1335//1335
f 1672//1672 1674//1674 1468//1468
f 1390//1390 1673//1673 1676//1676
f 1673//1673 1315//1315 1666//1666
f 1676//1676 1666//1666 1388//1388
f 1673//1673 1666//1666 1676//1676
f 1335//1335 1667//1667 1467//1467
f 1667//1667 1388//1388 1665//1665
f 1467//1467 1665//1665 1289//1289
f 1667//1667 1665//1665 1467//1467
f 1390//1390 1676//1676 1674//1674
f 1676//1676 1388//1388 1667//1667
f 1674//1674 1667//1667 1335//1335
f 1676//1676 1667//1667 1674//1674
f 1314//1314 1681//1681 1658//1658
f 1681//1681 1392//1392 1684//1684
f 1658//1658 1684//1684 1386//1386
f 1681//1681 1684//1684 1658//1658
f 1392//1392 1682//1682 1686//1686
f 1682//1682 1315//1315 1673//1673
f 1686//1686 1673//1673 1390//1390
f 1682//1682 1673//1673 1686//1686
f 1386//1386 1675//1675 1657//1657
f 1675//1675 1390//1390 1672//1672
f 1657//1657 1672//1672 1300//1300
f 1675//1675 1672//1672 1657//1657
f 1392//1392 1686//1686 1684//1684
f 1686//1686 1390//1390 1675//1675
f 1684//1684 1675//1675 1386//1386
f 1686//1686 1675//1675 1684//1684
f 1288//1288 1464//1464 1453//1453
f 1464//1464 1334//1334 1466//1466
f 1453//1453 1466//1466 1330//1330
f 1464//1464 1466//1466 1453//1453
f 1334//1334 1465//1465 1474//1474
f 1465//1465 1300//1300 1471//1471
f 1474//1474 1471//1471 1336//1336
f 1465//1465 1471//1471 1474//1474
f 1330//1330 1472//1472 1454//1454
f 1472//1472 1336//1336 1470//1470
f 1454//1454 1470//1470 1298//1298
f 1472//1472 1470//1470 1454//1454
f 1334//1334 1474//1474 1466//1466
f 1474//1474 1336//1336 1472//1472
f 1466//1466 1472//1472 1330//1330
f 1474//1474 1472//1472 1466//1466
f 1300//1300 1468//1468 1476//1476
f 1468//1468 1335//1335 1479//1479
f 1476//1476 1479//1479 1337//1337
f 1468//1468 1479//1479 1476//1476
f 1335//1335 1467//1467 1469//1469
f 1467//1467 1289//1289 1458//1458
f 1469//1469 1458//1458 1332//1332
f 1467//1467 1458//1458 1469//1469
f 1337//1337 1477//1477 1475//1475
f 1477//1477 1332//1332 1459//1459
f 1475//1475 1459//1459 1299//1299
f 1477//1477 1459//1459 1475//1475
f 1335//1335 1469//1469 1479//1479
f 1469//1469 1332//1332 1477//1477
f 1479//1479 1477//1477 1337//1337
f 1469//1469 1477//1477 1479//1479
f 1298//1298 1460//1460 1452//1452
f 1460//1460 1333//1333 1462//1462
f 1452//1452 1462//1462 1329//1329
f 1460//1460 1462//1462 1452//1452
f 1333//1333 1461//1461 1463//1463
f 1461//1461 1299//1299 1456//1456
f 1463//1463 1456//1456 1331//1331
f 1461//1461 1456//1456 1463//1463
f 1329//1329 1457//1457 1451//1451
f 1457//1457 1331//1331 1455//1455
f 1451//1451 1455//1455 1287//1287
f 1457//1457 1455//1455 1451//1451
f 1333//1333 1463//1463 1462//1462
f 1463//1463 1331//1331 1457//1457
f 1462//1462 1457//1457 1329//1329
f 1463//1463 1457//1457 1462//1462
f 1300//1300 1476//1476 1471//1471
f 1476//1476 1337//1337 1480//1480
f 1471//1471 1480//1480 1336//1336
f 1476//1476 1480//1480 1471//1471
f 1337//1337 1475//1475 1478//1478
f 1475//1475 1299//1299 1461//1461
f 1478//1478 1461//1461 1333//1333
f 1475//1475 1461//1461 1478//1478
f 1336//1336 1473//1473 1470//1470
f 1473//1473 1333//1333 1460//1460
f 1470//1470 1460//1460 1298//1298
f 1473//1473 1460//1460 1470//1470
f 1337//1337 1478//1478 1480//1480
f 1478//1478 1333//1333 1473//1473
f 1480//1480 1473//1473 1336//1336
f 1478//1478 1473//1473 1480//1480
f 1288//1288 1453//1453 1520//1520
f 1453//1453 1330//1330 1522//1522
f 1520//1520 1522//1522 1350//1350
f 1453//1453 1522//1522 1520//1520
f 1330//1330 1454//1454 1528//1528
f 1454//1454 1298//1298 1526//1526
f 1528//1528 1526//1526 1352//1352
f 1454//1454 1526//1526 1528//1528
f 1350//1350 1530//1530 1521//1521
f 1530//1530 1352//1352 1527//1527
f 1521//1521 1527//1527 1305//1305
f 1530//1530 1527//1527 1521//1521
f 1330//1330 1528//1528 1522//1522
f 1528//1528 1352//1352 1530//1530
f 1522//1522 1530//1530 1350//1350
f 1528//1528 1530//1530 1522//1522
f 1298//1298 1452//1452 1516//1516
f 1452//1452 1329//1329 1518//1518
f 1516//1516 1518//1518 1349//1349
f 1452//1452 1518//1518 1516//1516
f 1329//1329 1451//1451 1513//1513
f 1451//1451 1287//1287 1511//1511
f 1513//1513 1511//1511 1347//1347
f 1451//1451 1511//1511 1513//1513
f 1349//1349 1519//1519 1517//1517
f 1519//1519 1347//1347 1512//1512
f 1517//1517 1512//1512 1304//1304
f 1519//1519 1512//1512 1517//1517
f 1329//1329 1513//1513 1518//1518
f 1513//1513 1347//1347 1519//1519
f 1518//1518 1519//1519 1349//1349
f 1513//1513 1519//1519 1518//1518
f 1305//1305 1532//1532 1524//1524
f 1532//1532 1353//1353 1535//1535
f 1524//1524 1535//1535 1351//1351
f 1532//1532 1535//1535 1524//1524
f 1353//1353 1531//1531 1533//1533
f 1531//1531 1304//1304 1515//1515
f 1533//1533 1515//1515 1348//1348
f 1531//1531 1515//1515 1533//1533
f 1351//1351 1525//1525 1523//1523
f 1525//1525 1348//1348 1514//1514
f 1523//1523 1514//1514 1291//1291
f 1525//1525 1514//1514 1523//1523
f 1353//1353 1533//1533 1535//1535
f 1533//1533 1348//1348 1525//1525
f 1535//1535 1525//1525 1351//1351
f 1533//1533 1525//1525 1535//1535
f 1298//1298 1516//1516 1526//1526
f 1516//1516 1349//1349 1529//1529
f 1526//1526 1529//1529 1352//1352
f 1516//1516 1529//1529 1526//1526
f 1349//1349 1517//1517 1534//1534
f 1517//1517 1304//1304 1531//1531
f 1534//1534 1531//1531 1353//1353
f 1517//1517 1531//1531 1534//1534
f 1352//1352 1536//1536 1527//1527
f 1536//1536 1353//1353 1532//1532
f 1527//1527 1532//1532 1305//1305
f 1536//1536 1532//1532 1527//1527
f 1349//1349 1534//1534 1529//1529
f 1534//1534 1353//1353 1536//1536
f 1529//1529 1536//1536 1352//1352
f 1534//1534 1536//1536 1529//1529
f 1288//1288 1520//1520 1576//1576
f 1520//1520 1350//1350 1578//1578
f 1576//1576 1578//1578 1366//1366
f 1520//1520 1578//1578 1576//1576
f 1350//1350 1521//1521 1583//1583
f 1521//1521 1305//1305 1581//1581
f 1583//1583 1581//1581 1368//1368
f 1521//1521 1581//1581 1583//1583
f 1366//1366 1584//1584 1577//1577
f 1584//1584 1368//1368 1582//1582
f 1577//1577 1582//1582 1310//1310
f 1584//1584 1582//1582 1577//1577
f 1350//1350 1583//1583 1578//1578
f 1583//1583 1368//1368 1584//1584
f 1578//1578 1584//1584 1366//1366
f 1583//1583 1584//1584 1578//1578
f 1305//1305 1524//1524 1592//1592
f 1524//1524 1351//1351 1594//1594
f 1592//1592 1594//1594 1371//1371
f 1524//1524 1594//1594 1592//1592
f 1351//1351 1523//1523 1587//1587
f 1523//1523 1291//1291 1585//1585
f 1587//1587 1585//1585 1369//1369
f 1523//1523 1585//1585 1587//1587
f 1371//1371 1596//1596 1593//1593
f 1596//1596 1369//1369 1586//1586
f 1593//1593 1586//1586 1311//1311
f 1596//1596 1586//1586 1593//1593
f 1351//1351 1587//1587 1594//1594
f 1587//1587 1369//1369 1596//1596
f 1594//1594 1596//1596 1371//1371
f 1587//1587 1596//1596 1594//1594
f 1310//1310 1601//1601 1580//1580
f 1601//1601 1373//1373 1603//1603
f 1580//1580 1603//1603 1367//1367
f 1601//1601 1603//1603 1580//1580
f 1373//1373 1602//1602 1605//1605
f 1602//1602 1311//1311 1590//1590
f 1605//1605 1590//1590 1370//1370
f 1602//1602 1590//1590 1605//1605
f 1367//1367 1591//1591 1579//1579
f 1591//1591 1370//1370 1589//1589
f 1579//1579 1589//1589 1293//1293
f 1591//1591 1589//1589 1579//1579
f 1373//1373 1605//1605 1603//1603
f 1605//1605 1370//1370 1591//1591
f 1603//1603 1591//1591 1367//1367
f 1605//1605 1591//1591 1603//1603
f 1305//1305 1592//1592 1581//1581
f 1592//1592 1371//1371 1595//1595
f 1581//1581 1595//1595 1368//1368
f 1592//1592 1595//1595 1581//1581
f 1371//1371 1593//1593 1606//1606
f 1593//1593 1311//1311 1602//1602
f 1606//1606 1602//1602 1373//1373
f 1593//1593 1602//1602 1606//1606
f 1368//1368 1604//1604 1582//1582
f 1604//1604 1373//1373 1601//1601
f 1582//1582 1601//1601 1310//1310
f 1604//1604 1601//1601 1582//1582
f 1371//1371 1606//1606 1595//1595
f 1606//1606 1373//1373 1604//1604
f 1595//1595 1604//1604 1368//1368
f 1606//1606 1604//1604 1595//1595
f 1288//1288 1576//1576 1651//1651
f 1576//1576 1366//1366 1654//1654
f 1651//1651 1654//1654 1384//1384
f 1576//1576 1654//1654 1651//1651
f 1366//1366 1577//1577 1663//1663
f 1577//1577 1310//1310 1661//1661
f 1663//1663 1661//1661 1387//1387
f 1577//1577 1661//1661 1663//1663
f 1384//1384 1664//1664 1652//1652
f 1664//1664 1387//1387 1662//1662
f 1652//1652 1662//1662 1314//1314
f 1664//1664 1662//1662 1652//1652
f 1366//1366 1663//1663 1654//1654
f 1663//1663 1387//1387 1664//1664
f 1654//1654 1664//1664 1384//1384
f 1663//1663 1664//1664 1654//1654
f 1310//1310 1580//1580 1730//1730
f 1580//1580 1367//1367 1732//1732
f 1730//1730 1732//1732 1402//1402
f 1580//1580 1732//1732 1730//1730
f 1367//1367 1579//1579 1720//1720
f 1579//1579 1293//1293 1717//1717
f 1720//1720 1717//1717 1399//1399
f 1579//1579 1717//1717 1720//1720
f 1402//1402 1734//1734 1731//1731
f 1734//1734 1399//1399 1718//1718
f 1731//1731 1718//1718 1317//1317
f 1734//1734 1718//1718 1731//1731
f 1367//1367 1720//1720 1732//1732
f 1720//1720 1399//1399 1734//1734
f 1732//1732 1734//1734 1402//1402
f 1720//1720 1734//1734 1732//1732
f 1314//1314 1741//1741 1656//1656
f 1741//1741 1404//1404 1743//1743
f 1656//1656 1743//1743 1385//1385
f 1741//1741 1743//1743 1656//1656
f 1404//1404 1742//1742 1745//1745
f 1742//1742 1317//1317 1722//1722
f 1745//1745 1722//1722 1400//1400
f 1742//1742 1722//1722 1745//1745
f 1385//1385 1724//1724 1655//1655
f 1724//1724 1400//1400 1721//1721
f 1655//1655 1721//1721 1294//1294
f 1724//1724 1721//1721 1655//1655
f 1404//1404 1745//1745 1743//1743
f 1745//1745 1400//1400 1724//1724
f 1743//1743 1724//1724 1385//1385
f 1745//1745 1724//1724 1743//1743
f 1310//1310 1730//1730 1661//1661
f 1730//1730 1402//1402 1733//1733
f 1661//1661 1733//1733 1387//1387
f 1730//1730 1733//1733 1661//1661
f 1402//1402 1731//1731 1746//1746
f 1731//1731 1317//1317 1742//1742
f 1746//1746 1742//1742 1404//1404
f 1731//1731 1742//1742 1746//1746
f 1387//1387 1744//1744 1662//1662
f 1744//1744 1404//1404 1741//1741
f 1662//1662 1741//1741 1314//1314
f 1744//1744 1741//1741 1662//1662
f 1402//1402 1746//1746 1733//1733
f 1746//1746 1404//1404 1744//1744
f 1733//1733 1744//1744 1387//1387
f 1746//1746 1744//1744 1733//1733
f 1289//1289 1665//1665 1507//1507
f 1665//1665 1388//1388 1668//1668
f 1507//1507 1668//1668 1345//1345
f 1665//1665 1668//1668 1507//1507
f 1388//1388 1666//1666 1680//1680
f 1666//1666 1315//1315 1678//1678
f 1680//1680 1678//1678 1391//1391
f 1666//1666 1678//1678 1680//1680
f 1345//1345 1679//1679 1508//1508
f 1679//1679 1391//1391 1677//1677
f 1508//1508 1677//1677 1303//1303
f 1679//1679 1677//1677 1508//1508
f 1388//1388 1680//1680 1668//1668
f 1680//1680 1391//1391 1679//1679
f 1668//1668 1679//1679 1345//1345
f 1680//1680 1679//1679 1668//1668
f 1315//1315 1670//1670 1711//1711
f 1670//1670 1389//1389 1713//1713
f 1711//1711 1713//1713 1398//1398
f 1670//1670 1713//1713 1711//1711
f 1389//1389 1669//1669 1694//1694
f 1669//1669 1294//1294 1691//1691
f 1694//1694 1691//1691 1394//1394
f 1669//1669 1691//1691 1694//1694
f 1398//1398 1715//1715 1712//1712
f 1715//1715 1394//1394 1692//1692
f 1712//1712 1692//1692 1316//1316
f 1715//1715 1692//1692 1712//1712
f 1389//1389 1694//1694 1713//1713
f 1694//1694 1394//1394 1715//1715
f 1713//1713 1715//1715 1398//1398
f 1694//1694 1715//1715 1713//1713
f 1303//1303 1700//1700 1510//1510
f 1700//1700 1396//1396 1702//1702
f 1510//1510 1702//1702 1346//1346
f 1700//1700 1702//1702 1510//1510
f 1396//1396 1701//1701 1704//1704
f 1701//1701 1316//1316 1688//1688
f 1704//1704 1688//1688 1393//1393
f 1701//1701 1688//1688 1704//1704
f 1346//1346 1690//1690 1509//1509
f 1690//1690 1393//1393 1687//1687
f 1509//1509 1687//1687 1290//1290
f 1690//1690 1687//1687 1509//1509
f 1396//1396 1704//1704 1702//1702
f 1704//1704 1393//1393 1690//1690
f 1702//1702 1690//1690 1346//1346
f 1704//1704 1690//1690 1702//1702
f 1315//1315 1711//1711 1678//1678
f 1711//1711 1398//1398 1714//1714
f 1678//1678 1714//1714 1391//1391
f 1711//1711 1714//1714 1678//1678
f 1398//1398 1712//1712 1716//1716
f 1712//1712 1316//1316 1701//1701
f 1716//1716 1701//1701 1396//1396
f 1712//1712 1701//1701 1716//1716
f 1391//1391 1703//1703 1677//1677
f 1703//1703 1396//1396 1700//1700
f 1677//1677 1700//1700 1303//1303
f 1703//1703 1700//1700 1677//1677
f 1398//1398 1716//1716 1714//1714
f 1716//1716 1396//1396 1703//1703
f 1714//1714 1703//1703 1391//1391
f 1716//1716 1703//1703 1714//1714
f 1287//1287 1455//1455 1831//1831
f 1455//1455 1331//1331 1833//1833
f 1831//1831 1833//1833 1426//1426
f 1455//1455 1833//1833 1831//1831
f 1331//1331 1456//1456 1839//1839
f 1456//1456 1299//1299 1837//1837
f 1839//1839 1837//1837 1428//1428
f 1456//1456 1837//1837 1839//1839
f 1426//1426 1840//1840 1832//1832
f 1840//1840 1428//1428 1838//1838
f 1832//1832 1838//1838 1323//1323
f 1840//1840 1838//1838 1832//1832
f 1331//1331 1839//1839 1833//1833
f 1839//1839 1428//1428 1840//1840
f 1833//1833 1840//1840 1426//1426
f 1839//1839 1840//1840 1833//1833
f 1299//1299 1459//1459 1852//1852
f 1459//1459 1332//1332 1854//1854
f 1852//1852 1854//1854 1432//1432
f 1459//1459 1854//1854 1852//1852
f 1332//1332 1458//1458 1847//1847
f 1458//1458 1289//1289 1845//1845
f 1847//1847 1845//1845 1430//1430
f 1458//1458 1845//1845 1847//1847
f 1432//1432 1856//1856 1853//1853
f 1856//1856 1430//1430 1846//1846
f 1853//1853 1846//1846 1324//1324
f 1856//1856 1846//1846 1853//1853
f 1332//1332 1847//1847 1854//1854
f 1847//1847 1430//1430 1856//1856
f 1854//1854 1856//1856 1432//1432
f 1847//1847 1856//1856 1854//1854
f 1323//1323 1861//1861 1836//1836
f 1861//1861 1434//1434 1863//1863
f 1836//1836 1863//1863 1427//1427
f 1861//1861 1863//1863 1836//1836
f 1434//1434 1862//1862 1865//1865
f 1862//1862 1324//1324 1850//1850
f 1865//1865 1850//1850 1431//1431
f 1862//1862 1850//1850 1865//1865
f 1427//1427 1851//1851 1835//1835
f 1851//1851 1431//1431 1849//1849
f 1835//1835 1849//1849 1296//1296
f 1851//1851 1849//1849 1835//1835
f 1434//1434 1865//1865 1863//1863
f 1865//1865 1431//1431 1851//1851
f 1863//1863 1851//1851 1427//1427
f 1865//1865 1851//1851 1863//1863
f 1299//1299 1852//1852 1837//1837
f 1852//1852 1432//1432 1855//1855
f 1837//1837 1855//1855 1428//1428
f 1852//1852 1855//1855 1837//1837
f 1432//1432 1853//1853 1866//1866
f 1853//1853 1324//1324 1862//1862
f 1866//1866 1862//1862 1434//1434
f 1853//1853 1862//1862 1866//1866
f 1428//1428 1864//1864 1838//1838
f 1864//1864 1434//1434 1861//1861
f 1838//1838 1861//1861 1323//1323
f 1864//1864 1861//1861 1838//1838
f 1432//1432 1866//1866 1855//1855
f 1866//1866 1434//1434 1864//1864
f 1855//1855 1864//1864 1428//1428
f 1866//1866 1864//1864 1855//1855
f 1291//1291 1514//1514 1765//1765
f 1514//1514 1348//1348 1767//1767
f 1765//1765 1767//1767 1411//1411
f 1514//1514 1767//1767 1765//1765
f 1348//1348 1515//1515 1774//1774
f 1515//1515 1304//1304 1772//1772
f 1774//1774 1772//1772 1413//1413
f 1515//1515 1772//1772 1774//1774
f 1411//1411 1776//1776 1766//1766
f 1776//1776 1413//1413 1773//1773
f 1766//1766 1773//1773 1320//1320
f 1776//1776 1773//1773 1766//1766
f 1348//1348 1774//1774 1767//1767
f 1774//1774 1413//1413 1776//1776
f 1767//1767 1776//1776 1411//1411
f 1774//1774 1776//1776 1767//1767
f 1304//1304 1512//1512 1761//1761
f 1512//1512 1347//1347 1763//1763
f 1761//1761 1763//1763 1410//1410
f 1512//1512 1763//1763 1761//1761
f 1347//1347 1511//1511 1758//1758
f 1511//1511 1287//1287 1756//1756
f 1758//1758 1756//1756 1408//1408
f 1511//1511 1756//1756 1758//1758
f 1410//1410 1764//1764 1762//1762
f 1764//1764 1408//1408 1757//1757
f 1762//1762 1757//1757 1319//1319
f 1764//1764 1757//1757 1762//1762
f 1347//1347 1758//1758 1763//1763
f 1758//1758 1408//1408 1764//1764
f 1763//1763 1764//1764 1410//1410
f 1758//1758 1764//1764 1763//1763
f 1320//1320 1782//1782 1770//1770
f 1782//1782 1415//1415 1785//1785
f 1770//1770 1785//1785 1412//1412
f 1782//1782 1785//1785 1770//1770
f 1415//1415 1781//1781 1783//1783
f 1781//1781 1319//1319 1760//1760
f 1783//1783 1760//1760 1409//1409
f 1781//1781 1760//1760 1783//1783
f 1412//1412 1771//1771 1769//1769
f 1771//1771 1409//1409 1759//1759
f 1769//1769 1759//1759 1295//1295
f 1771//1771 1759//1759 1769//1769
f 1415//1415 1783//1783 1785//1785
f 1783//1783 1409//1409 1771//1771
f 1785//1785 1771//1771 1412//1412
f 1783//1783 1771//1771 1785//1785
f 1304//1304 1761//1761 1772//1772
f 1761//1761 1410//1410 1775//1775
f 1772//1772 1775//1775 1413//1413
f 1761//1761 1775//1775 1772//1772
f 1410//1410 1762//1762 1784//1784
f 1762//1762 1319//1319 1781//1781
f 1784//1784 1781//1781 1415//1415
f 1762//1762 1781//1781 1784//1784
f 1413//1413 1786//1786 1773//1773
f 1786//1786 1415//1415 1782//1782
f 1773//1773 1782//1782 1320//1320
f 1786//1786 1782//1782 1773//1773
f 1410//1410 1784//1784 1775//1775
f 1784//1784 1415//1415 1786//1786
f 1775//1775 1786//1786 1413//1413
f 1784//1784 1786//1786 1775//1775
f 1293//1293 1589//1589 1611//1611
f 1589//1589 1370//1370 1614//1614
f 1611//1611 1614//1614 1375//1375
f 1589//1589 1614//1614 1611//1611
f 1370//1370 1590//1590 1633//1633
f 1590//1590 1311//1311 1631//1631
f 1633//1633 1631//1631 1379//1379
f 1590//1590 1631//1631 1633//1633
f 1375//1375 1635//1635 1612//1612
f 1635//1635 1379//1379 1632//1632
f 1612//1612 1632//1632 1312//1312
f 1635//1635 1632//1632 1612//1612
f 1370//1370 1633//1633 1614//1614
f 1633//1633 1379//1379 1635//1635
f 1614//1614 1635//1635 1375//1375
f 1633//1633 1635//1635 1614//1614
f 1311//1311 1586//1586 1598//1598
f 1586//1586 1369//1369 1600//1600
f 1598//1598 1600//1600 1372//1372
f 1586//1586 1600//1600 1598//1598
f 1369//1369 1585//1585 1588//1588
f 1585//1585 1291//1291 1563//1563
f 1588//1588 1563//1563 1361//1361
f 1585//1585 1563//1563 1588//1588
f 1372//1372 1599//1599 1597//1597
f 1599//1599 1361//1361 1564//1564
f 1597//1597 1564//1564 1308//1308
f 1599//1599 1564//1564 1597//1597
f 1369//1369 1588//1588 1600//1600
f 1588//1588 1361//1361 1599//1599
f 1600//1600 1599//1599 1372//1372
f 1588//1588 1599//1599 1600//1600
f 1312//1312 1621//1621 1608//1608
f 1621//1621 1377//1377 1624//1624
f 1608//1608 1624//1624 1374//1374
f 1621//1621 1624//1624 1608//1608
f 1377//1377 1620//1620 1622//1622
f 1620//1620 1308//1308 1566//1566
f 1622//1622 1566//1566 1362//1362
f 1620//1620 1566//1566 1622//1622
f 1374//1374 1610//1610 1607//1607
f 1610//1610 1362//1362 1565//1565
f 1607//1607 1565//1565 1292//1292
f 1610//1610 1565//1565 1607//1607
f 1377//1377 1622//1622 1624//1624
f 1622//1622 1362//1362 1610//1610
f 1624//1624 1610//1610 1374//1374
f 1622//1622 1610//1610 1624//1624
f 1311//1311 1598//1598 1631//1631
f 1598//1598 1372//1372 1634//1634
f 1631//1631 1634//1634 1379//1379
f 1598//1598 1634//1634 1631//1631
f 1372//1372 1597//1597 1623//1623
f 1597//1597 1308//1308 1620//1620
f 1623//1623 1620//1620 1377//1377
f 1597//1597 1620//1620 1623//1623
f 1379//1379 1636//1636 1632//1632
f 1636//1636 1377//1377 1621//1621
f 1632//1632 1621//1621 1312//1312
f 1636//1636 1621//1621 1632//1632
f 1372//1372 1623//1623 1634//1634
f 1623//1623 1377//1377 1636//1636
f 1634//1634 1636//1636 1379//1379
f 1623//1623 1636//1636 1634//1634
f 1294//1294 1721//1721 1641//1641
f 1721//1721 1400//1400 1723//1723
f 1641//1641 1723//1723 1381//1381
f 1721//1721 1723//1723 1641//1641
f 1400//1400 1722//1722 1739//1739
f 1722//1722 1317//1317 1736//1736
f 1739//1739 1736//1736 1403//1403
f 1722//1722 1736//1736 1739//1739
f 1381//1381 1737//1737 1642//1642
f 1737//1737 1403//1403 1735//1735
f 1642//1642 1735//1735 1313//1313
f 1737//1737 1735//1735 1642//1642
f 1400//1400 1739//1739 1723//1723
f 1739//1739 1403//1403 1737//1737
f 1723//1723 1737//1737 1381//1381
f 1739//1739 1737//1737 1723//1723
f 1317//1317 1718//1718 1726//1726
f 1718//1718 1399//1399 1729//1729
f 1726//1726 1729//1729 1401//1401
f 1718//1718 1729//1729 1726//1726
f 1399//1399 1717//1717 1719//1719
f 1717//1717 1293//1293 1570//1570
f 1719//1719 1570//1570 1364//1364
f 1717//1717 1570//1570 1719//1719
f 1401//1401 1727//1727 1725//1725
f 1727//1727 1364//1364 1571//1571
f 1725//1725 1571//1571 1309//1309
f 1727//1727 1571//1571 1725//1725
f 1399//1399 1719//1719 1729//1729
f 1719//1719 1364//1364 1727//1727
f 1729//1729 1727//1727 1401//1401
f 1719//1719 1727//1727 1729//1729
f 1313//1313 1648//1648 1638//1638
f 1648//1648 1383//1383 1650//1650
f 1638//1638 1650//1650 1380//1380
f 1648//1648 1650//1650 1638//1638
f 1383//1383 1647//1647 1649//1649
f 1647//1647 1309//1309 1568//1568
f 1649//1649 1568//1568 1363//1363
f 1647//1647 1568//1568 1649//1649
f 1380//1380 1640//1640 1637//1637
f 1640//1640 1363//1363 1567//1567
f 1637//1637 1567//1567 1286//1286
f 1640//1640 1567//1567 1637//1637
f 1383//1383 1649//1649 1650//1650
f 1649//1649 1363//1363 1640//1640
f 1650//1650 1640//1640 1380//1380
f 1649//1649 1640//1640 1650//1650
f 1317//1317 1726//1726 1736//1736
f 1726//1726 1401//1401 1740//1740
f 1736//1736 1740//1740 1403//1403
f 1726//1726 1740//1740 1736//1736
f 1401//1401 1725//1725 1728//1728
f 1725//1725 1309//1309 1647//1647
f 1728//1728 1647//1647 1383//1383
f 1725//1725 1647//1647 1728//1728
f 1403//1403 1738//1738 1735//1735
f 1738//1738 1383//1383 1648//1648
f 1735//1735 1648//1648 1313//1313
f 1738//1738 1648//1648 1735//1735
f 1401//1401 1728//1728 1740//1740
f 1728//1728 1383//1383 1738//1738
f 1740//1740 1738//1738 1403//1403
f 1728//1728 1738//1738 1740//1740
o Face_R
g Face_R
usemtl PenguinBelly
v 9.7376 -1.0143 55.0000
v 15.1718 -2.9922 55.0000
v 6.8282 -9.0078 55.0000
v 12.2624 -10.9857 55.0000
v 10.1009 -8.4701 60.5292
v 11.8991 -3.5299 60.5292
v 10.1009 -8.4701 49.4708
v 11.8991 -3.5299 49.4708
v 15.3964 -7.6002 51.5827
v 15.3964 -7.6002 58.4173
v 6.6036 -4.3998 51.5827
v 6.6036 -4.3998 58.4173
v 12.7101 -1.3015 55.0000
v 9.2899 -10.6985 55.0000
v 8.0194 -9.2198 58.2500
v 11.2136 -10.3824 58.2500
v 10.7864 -1.6176 58.2500
v 13.9806 -2.7802 58.2500
v 11.0000 -6.0000 61.5000
v 8.0194 -9.2198 51.7500
v 11.2136 -10.3824 51.7500
v 10.7864 -1.6176 51.7500
v 13.9806 -2.7802 51.7500
v 11.0000 -6.0000 48.5000
v 16.0363 -5.1726 52.9914
v 14.3262 -9.8711 52.9914
v 13.0557 -8.3925 49.7414
v 14.1126 -5.4887 49.7414
v 16.0363 -5.1726 57.0086
v 14.3262 -9.8711 57.0086
v 13.0557 -8.3925 60.2586
v 14.1126 -5.4887 60.2586
v 16.1683 -7.8811 55.0000
v 7.6738 -2.1289 52.9914
v 5.9637 -6.8274 52.9914
v 7.8874 -6.5113 49.7414
v 8.9443 -3.6075 49.7414
v 7.6738 -2.1289 57.0086
v 5.9637 -6.8274 57.0086
v 7.8874 -6.5113 60.2586
v 8.9443 -3.6075 60.2586
v 5.8317 -4.1189 55.0000
v 11.2327 -0.9663 55.0000
v 14.0573 -1.9944 55.0000
v 7.9427 -10.0056 55.0000
v 10.7673 -11.0337 55.0000
v 7.2823 -9.2370 56.6893
v 8.9834 -8.9576 59.5633
v 8.5340 -10.1629 56.7086
v 11.7672 -10.8694 56.6893
v 10.6437 -9.5618 59.5633
v 10.2132 -10.7741 56.7086
v 9.5453 -9.9968 58.4173
v 10.2328 -1.1306 56.6893
v 11.3563 -2.4382 59.5633
v 11.7868 -1.2259 56.7086
v 14.7177 -2.7630 56.6893
v 13.0166 -3.0424 59.5633
v 13.4660 -1.8371 56.7086
v 12.4547 -2.0032 58.4173
v 10.5327 -7.2839 61.2526
v 11.4673 -4.7161 61.2526
v 7.2823 -9.2370 53.3107
v 8.9834 -8.9576 50.4367
v 8.5340 -10.1629 53.2914
v 11.7672 -10.8694 53.3107
v 10.6437 -9.5618 50.4367
v 10.2132 -10.7741 53.2914
v 9.5453 -9.9968 51.5827
v 10.2328 -1.1306 53.3107
v 11.3563 -2.4382 50.4367
v 11.7868 -1.2259 53.2914
v 14.7177 -2.7630 53.3107
v 13.0166 -3.0424 50.4367
v 13.4660 -1.8371 53.2914
v 12.4547 -2.0032 51.5827
v 10.5327 -7.2839 48.7474
v 11.4673 -4.7161 48.7474
v 15.7862 -4.0065 53.9560
v 15.9030 -6.4017 52.1797
v 15.2147 -3.8722 52.2354
v 13.3851 -10.6036 53.9560
v 15.0141 -8.8439 52.1797
v 12.8610 -10.3391 52.2354
v 11.6012 -8.5275 49.3927
v 14.3537 -8.0753 50.4904
v 12.1930 -9.5618 50.5268
v 12.0807 -7.2578 48.8181
v 13.8294 -9.2929 51.1794
v 13.0852 -4.4503 49.3927
v 14.9031 -6.5660 50.4904
v 14.2034 -4.0384 50.5268
v 12.6364 -5.7312 48.8181
v 15.2841 -5.2962 51.1794
v 13.7171 -6.9890 49.4708
v 15.7862 -4.0065 56.0440
v 15.9030 -6.4017 57.8203
v 15.2147 -3.8722 57.7646
v 16.2955 -5.1300 55.0000
v 13.3851 -10.6036 56.0440
v 15.0141 -8.8439 57.8203
v 12.8610 -10.3391 57.7646
v 14.4974 -10.0703 55.0000
v 11.6012 -8.5275 60.6073
v 14.3537 -8.0753 59.5096
v 12.1930 -9.5618 59.4732
v 12.0807 -7.2578 61.1819
v 13.8294 -9.2929 58.8206
v 13.0852 -4.4503 60.6073
v 14.9031 -6.5660 59.5096
v 14.2034 -4.0384 59.4732
v 12.6364 -5.7312 61.1819
v 15.2841 -5.2962 58.8206
v 13.7171 -6.9890 60.5292
v 15.9716 -7.8095 53.2238
v 15.9716 -7.8095 56.7762
v 16.3649 -6.5540 53.9440
v 15.4658 -9.0241 53.9440
v 16.3649 -6.5540 56.0560
v 15.4658 -9.0241 56.0560
v 8.6149 -1.3964 53.9560
v 6.9859 -3.1561 52.1797
v 9.1390 -1.6609 52.2354
v 6.2138 -7.9935 53.9560
v 6.0970 -5.5983 52.1797
v 6.7853 -8.1278 52.2354
v 8.9148 -7.5497 49.3927
v 7.0969 -5.4340 50.4904
v 7.7966 -7.9616 50.5268
v 9.3636 -6.2688 48.8181
v 6.7159 -6.7038 51.1794
v 10.3988 -3.4725 49.3927
v 7.6463 -3.9247 50.4904
v 9.8070 -2.4382 50.5268
v 9.9193 -4.7422 48.8181
v 8.1706 -2.7071 51.1794
v 8.2829 -5.0110 49.4708
v 8.6149 -1.3964 56.0440
v 6.9859 -3.1561 57.8203
v 9.1390 -1.6609 57.7646
v 7.5026 -1.9297 55.0000
v 6.2138 -7.9935 56.0440
v 6.0970 -5.5983 57.8203
v 6.7853 -8.1278 57.7646
v 5.7045 -6.8700 55.0000
v 8.9148 -7.5497 60.6073
v 7.0969 -5.4340 59.5096
v 7.7966 -7.9616 59.4732
v 9.3636 -6.2688 61.1819
v 6.7159 -6.7038 58.8206
v 10.3988 -3.4725 60.6073
v 7.6463 -3.9247 59.5096
v 9.8070 -2.4382 59.4732
v 9.9193 -4.7422 61.1819
v 8.1706 -2.7071 58.8206
v 8.2829 -5.0110 60.5292
v 6.0284 -4.1905 53.2238
v 6.0284 -4.1905 56.7762
v 6.5342 -2.9759 53.9440
v 5.6351 -5.4460 53.9440
v 6.5342 -2.9759 56.0560
v 5.6351 -5.4460 56.0560
vn -0.1644 0.9864 -0.0000
vn 0.7600 0.6500 -0.0000
vn -0.7600 -0.6500 0.0000
vn 0.1644 -0.9864 0.0000
vn -0.2123 -0.5833 0.7840
vn 0.2123 0.5833 0.7840
vn -0.2123 -0.5833 -0.7840
vn 0.2123 0.5833 -0.7840
vn 0.8311 -0.3025 -0.4667
vn 0.8311 -0.3025 0.4667
vn -0.8311 0.3025 -0.4667
vn -0.8311 0.3025 0.4667
vn 0.3420 0.9397 0.0000
vn -0.3420 -0.9397 0.0000
vn -0.5765 -0.7047 0.4136
vn -0.0114 -0.9104 0.4136
vn 0.0114 0.9104 0.4136
vn 0.5765 0.7047 0.4136
vn 0.0000 -0.0000 1.0000
vn -0.5765 -0.7047 -0.4136
vn -0.0114 -0.9104 -0.4136
vn 0.0114 0.9104 -0.4136
vn 0.5765 0.7047 -0.4136
vn 0.0000 0.0000 -1.0000
vn 0.9365 0.2350 -0.2604
vn 0.5663 -0.7820 -0.2604
vn 0.3866 -0.5316 -0.7537
vn 0.6378 0.1587 -0.7537
vn 0.9365 0.2350 0.2604
vn 0.5663 -0.7820 0.2604
vn 0.3866 -0.5316 0.7537
vn 0.6378 0.1587 0.7537
vn 0.9397 -0.3420 -0.0000
vn -0.5663 0.7820 -0.2604
vn -0.9365 -0.2350 -0.2604
vn -0.6378 -0.1587 -0.7537
vn -0.3866 0.5316 -0.7537
vn -0.5663 0.7820 0.2604
vn -0.9365 -0.2350 0.2604
vn -0.6378 -0.1587 0.7537
vn -0.3866 0.5316 0.7537
vn -0.9397 0.3420 0.0000
vn 0.0939 0.9956 -0.0000
vn 0.5681 0.8230 -0.0000
vn -0.5681 -0.8230 -0.0000
vn -0.0939 -0.9956 -0.0000
vn -0.6889 -0.6948 0.2064
vn -0.4176 -0.6712 0.6124
vn -0.4646 -0.8598 0.2120
vn 0.0811 -0.9751 0.2064
vn -0.1116 -0.7826 0.6124
vn -0.1967 -0.9573 0.2120
vn -0.3095 -0.8503 0.4256
vn -0.0811 0.9751 0.2064
vn 0.1116 0.7826 0.6124
vn 0.1967 0.9573 0.2120
vn 0.6889 0.6948 0.2064
vn 0.4176 0.6712 0.6124
vn 0.4646 0.8598 0.2120
vn 0.3095 0.8503 0.4256
vn -0.1175 -0.3228 0.9391
vn 0.1175 0.3228 0.9391
vn -0.6889 -0.6948 -0.2064
vn -0.4176 -0.6712 -0.6124
vn -0.4646 -0.8598 -0.2120
vn 0.0811 -0.9751 -0.2064
vn -0.1116 -0.7826 -0.6124
vn -0.1967 -0.9573 -0.2120
vn -0.3095 -0.8503 -0.4256
vn -0.0811 0.9751 -0.2064
vn 0.1116 0.7826 -0.6124
vn 0.1967 0.9573 -0.2120
vn 0.6889 0.6948 -0.2064
vn 0.4176 0.6712 -0.6124
vn 0.4646 0.8598 -0.2120
vn 0.3095 0.8503 -0.4256
vn -0.1175 -0.3228 -0.9391
vn 0.1175 0.3228 -0.9391
vn 0.8752 0.4658 -0.1307
vn 0.9256 -0.0299 -0.3773
vn 0.7922 0.4904 -0.3633
vn 0.3710 -0.9194 -0.1307
vn 0.7283 -0.5721 -0.3773
vn 0.2916 -0.8849 -0.3633
vn 0.0876 -0.5851 -0.8062
vn 0.6432 -0.4314 -0.6326
vn 0.1944 -0.7754 -0.6008
vn 0.2229 -0.2856 -0.9321
vn 0.4941 -0.6994 -0.5164
vn 0.4432 0.3919 -0.8062
vn 0.7701 -0.0829 -0.6326
vn 0.6473 0.4690 -0.6008
vn 0.3543 0.0755 -0.9321
vn 0.8281 0.2182 -0.5164
vn 0.5417 -0.1972 -0.8171
vn 0.8752 0.4658 0.1307
vn 0.9256 -0.0299 0.3773
vn 0.7922 0.4904 0.3633
vn 0.9725 0.2331 0.0000
vn 0.3710 -0.9194 0.1307
vn 0.7283 -0.5721 0.3773
vn 0.2916 -0.8849 0.3633
vn 0.5951 -0.8036 -0.0000
vn 0.0876 -0.5851 0.8062
vn 0.6432 -0.4314 0.6326
vn 0.1944 -0.7754 0.6008
vn 0.2229 -0.2856 0.9321
vn 0.4941 -0.6994 0.5164
vn 0.4432 0.3919 0.8062
vn 0.7701 -0.0829 0.6326
vn 0.6473 0.4690 0.6008
vn 0.3543 0.0755 0.9321
vn 0.8281 0.2182 0.5164
vn 0.5417 -0.1972 0.8171
vn 0.9126 -0.3322 -0.2383
vn 0.9126 -0.3322 0.2383
vn 0.9903 -0.0486 -0.1305
vn 0.7898 -0.5993 -0.1305
vn 0.9903 -0.0486 0.1305
vn 0.7898 -0.5993 0.1305
vn -0.3710 0.9194 -0.1307
vn -0.7283 0.5721 -0.3773
vn -0.2916 0.8849 -0.3633
vn -0.8752 -0.4658 -0.1307
vn -0.9256 0.0299 -0.3773
vn -0.7922 -0.4904 -0.3633
vn -0.4432 -0.3919 -0.8062
vn -0.7701 0.0829 -0.6326
vn -0.6473 -0.4690 -0.6008
vn -0.3543 -0.0755 -0.9321
vn -0.8281 -0.2182 -0.5164
vn -0.0876 0.5851 -0.8062
vn -0.6432 0.4314 -0.6326
vn -0.1944 0.7754 -0.6008
vn -0.2229 0.2856 -0.9321
vn -0.4941 0.6994 -0.5164
vn -0.5417 0.1972 -0.8171
vn -0.3710 0.9194 0.1307
vn -0.7283 0.5721 0.3773
vn -0.2916 0.8849 0.3633
vn -0.5951 0.8036 -0.0000
vn -0.8752 -0.4658 0.1307
vn -0.9256 0.0299 0.3773
vn -0.7922 -0.4904 0.3633
vn -0.9725 -0.2331 0.0000
vn -0.4432 -0.3919 0.8062
vn -0.7701 0.0829 0.6326
vn -0.6473 -0.4690 0.6008
vn -0.3543 -0.0755 0.9321
vn -0.8281 -0.2182 0.5164
vn -0.0876 0.5851 0.8062
vn -0.6432 0.4314 0.6326
vn -0.1944 0.7754 0.6008
vn -0.2229 0.2856 0.9321
vn -0.4941 0.6994 0.5164
vn -0.5417 0.1972 0.8171
vn -0.9126 0.3322 -0.2383
vn -0.9126 0.3322 0.2383
vn -0.7898 0.5993 -0.1305
vn -0.9903 0.0486 -0.1305
vn -0.7898 0.5993 0.1305
vn -0.9903 0.0486 0.1305
f 1927//1927 2064//2064 1980//1980
f 2064//2064 1964//1964 2066//2066
f 1980//1980 2066//2066 1943//1943
f 2064//2064 2066//2066 1980//1980
f 1964//1964 2065//2065 2081//2081
f 2065//2065 1938//1938 2078//2078
f 2081//2081 2078//2078 1967//1967
f 2065//2065 2078//2078 2081//2081
f 1943//1943 2079//2079 1981//1981
f 2079//2079 1967//1967 2077//2077
f 1981//1981 2077//2077 1932//1932
f 2079//2079 2077//2077 1981//1981
f 1964//1964 2081//2081 2066//2066
f 2081//2081 1967//1967 2079//2079
f 2066//2066 2079//2079 1943//1943
f 2081//2081 2079//2079 2066//2066
f 1927//1927 1980//1980 1969//1969
f 1980//1980 1943//1943 1982//1982
f 1969//1969 1982//1982 1939//1939
f 1980//1980 1982//1982 1969//1969
f 1943//1943 1981//1981 1986//1986
f 1981//1981 1932//1932 1984//1984
f 1986//1986 1984//1984 1944//1944
f 1981//1981 1984//1984 1986//1986
f 1939//1939 1985//1985 1970//1970
f 1985//1985 1944//1944 1983//1983
f 1970//1970 1983//1983 1928//1928
f 1985//1985 1983//1983 1970//1970
f 1943//1943 1986//1986 1982//1982
f 1986//1986 1944//1944 1985//1985
f 1982//1982 1985//1985 1939//1939
f 1986//1986 1985//1985 1982//1982
f 1927//1927 1969//1969 1996//1996
f 1969//1969 1939//1939 1998//1998
f 1996//1996 1998//1998 1948//1948
f 1969//1969 1998//1998 1996//1996
f 1939//1939 1970//1970 2001//2001
f 1970//1970 1928//1928 1999//1999
f 2001//2001 1999//1999 1949//1949
f 1970//1970 1999//1999 2001//2001
f 1948//1948 2002//2002 1997//1997
f 2002//2002 1949//1949 2000//2000
f 1997//1997 2000//2000 1934//1934
f 2002//2002 2000//2000 1997//1997
f 1939//1939 2001//2001 1998//1998
f 2001//2001 1949//1949 2002//2002
f 1998//1998 2002//2002 1948//1948
f 2001//2001 2002//2002 1998//1998
f 1927//1927 1996//1996 2047//2047
f 1996//1996 1948//1948 2049//2049
f 2047//2047 2049//2049 1960//1960
f 1996//1996 2049//2049 2047//2047
f 1948//1948 1997//1997 2060//2060
f 1997//1997 1934//1934 2058//2058
f 2060//2060 2058//2058 1963//1963
f 1997//1997 2058//2058 2060//2060
f 1960//1960 2062//2062 2048//2048
f 2062//2062 1963//1963 2059//2059
f 2048//2048 2059//2059 1937//1937
f 2062//2062 2059//2059 2048//2048
f 1948//1948 2060//2060 2049//2049
f 2060//2060 1963//1963 2062//2062
f 2049//2049 2062//2062 1960//1960
f 2060//2060 2062//2062 2049//2049
f 1927//1927 2047//2047 2064//2064
f 2047//2047 1960//1960 2067//2067
f 2064//2064 2067//2067 1964//1964
f 2047//2047 2067//2067 2064//2064
f 1960//1960 2048//2048 2085//2085
f 2048//2048 1937//1937 2083//2083
f 2085//2085 2083//2083 1968//1968
f 2048//2048 2083//2083 2085//2085
f 1964//1964 2087//2087 2065//2065
f 2087//2087 1968//1968 2084//2084
f 2065//2065 2084//2084 1938//1938
f 2087//2087 2084//2084 2065//2065
f 1960//1960 2085//2085 2067//2067
f 2085//2085 1968//1968 2087//2087
f 2067//2067 2087//2087 1964//1964
f 2085//2085 2087//2087 2067//2067
f 1928//1928 1983//1983 2022//2022
f 1983//1983 1944//1944 2024//2024
f 2022//2022 2024//2024 1955//1955
f 1983//1983 2024//2024 2022//2022
f 1944//1944 1984//1984 2037//2037
f 1984//1984 1932//1932 2035//2035
f 2037//2037 2035//2035 1958//1958
f 1984//1984 2035//2035 2037//2037
f 1955//1955 2039//2039 2023//2023
f 2039//2039 1958//1958 2036//2036
f 2023//2023 2036//2036 1936//1936
f 2039//2039 2036//2036 2023//2023
f 1944//1944 2037//2037 2024//2024
f 2037//2037 1958//1958 2039//2039
f 2024//2024 2039//2039 1955//1955
f 2037//2037 2039//2039 2024//2024
f 1932//1932 2077//2077 1988//1988
f 2077//2077 1967//1967 2080//2080
f 1988//1988 2080//2080 1945//1945
f 2077//2077 2080//2080 1988//1988
f 1967//1967 2078//2078 2082//2082
f 2078//2078 1938//1938 2073//2073
f 2082//2082 2073//2073 1966//1966
f 2078//2078 2073//2073 2082//2082
f 1945//1945 2075//2075 1987//1987
f 2075//2075 1966//1966 2072//2072
f 1987//1987 2072//2072 1931//1931
f 2075//2075 2072//2072 1987//1987
f 1967//1967 2082//2082 2080//2080
f 2082//2082 1966//1966 2075//2075
f 2080//2080 2075//2075 1945//1945
f 2082//2082 2075//2075 2080//2080
f 1938//1938 2084//2084 2069//2069
f 2084//2084 1968//1968 2088//2088
f 2069//2069 2088//2088 1965//1965
f 2084//2084 2088//2088 2069//2069
f 1968//1968 2083//2083 2086//2086
f 2083//2083 1937//1937 2051//2051
f 2086//2086 2051//2051 1961//1961
f 2083//2083 2051//2051 2086//2086
f 1965//1965 2071//2071 2068//2068
f 2071//2071 1961//1961 2050//2050
f 2068//2068 2050//2050 1929//1929
f 2071//2071 2050//2050 2068//2068
f 1968//1968 2086//2086 2088//2088
f 2086//2086 1961//1961 2071//2071
f 2088//2088 2071//2071 1965//1965
f 2086//2086 2071//2071 2088//2088
f 1937//1937 2059//2059 2054//2054
f 2059//2059 1963//1963 2063//2063
f 2054//2054 2063//2063 1962//1962
f 2059//2059 2063//2063 2054//2054
f 1963//1963 2058//2058 2061//2061
f 2058//2058 1934//1934 2004//2004
f 2061//2061 2004//2004 1950//1950
f 2058//2058 2004//2004 2061//2061
f 1962//1962 2056//2056 2053//2053
f 2056//2056 1950//1950 2003//2003
f 2053//2053 2003//2003 1933//1933
f 2056//2056 2003//2003 2053//2053
f 1963//1963 2061//2061 2063//2063
f 2061//2061 1950//1950 2056//2056
f 2063//2063 2056//2056 1962//1962
f 2061//2061 2056//2056 2063//2063
f 1934//1934 2000//2000 2016//2016
f 2000//2000 1949//1949 2018//2018
f 2016//2016 2018//2018 1954//1954
f 2000//2000 2018//2018 2016//2016
f 1949//1949 1999//1999 2007//2007
f 1999//1999 1928//1928 2005//2005
f 2007//2007 2005//2005 1951//1951
f 1999//1999 2005//2005 2007//2007
f 1954//1954 2020//2020 2017//2017
f 2020//2020 1951//1951 2006//2006
f 2017//2017 2006//2006 1935//1935
f 2020//2020 2006//2006 2017//2017
f 1949//1949 2007//2007 2018//2018
f 2007//2007 1951//1951 2020//2020
f 2018//2018 2020//2020 1954//1954
f 2007//2007 2020//2020 2018//2018
f 1930//1930 2026//2026 1976//1976
f 2026//2026 1956//1956 2028//2028
f 1976//1976 2028//2028 1942//1942
f 2026//2026 2028//2028 1976//1976
f 1956//1956 2027//2027 2034//2034
f 2027//2027 1936//1936 2031//2031
f 2034//2034 2031//2031 1957//1957
f 2027//2027 2031//2031 2034//2034
f 1942//1942 2032//2032 1977//1977
f 2032//2032 1957//1957 2030//2030
f 1977//1977 2030//2030 1931//1931
f 2032//2032 2030//2030 1977//1977
f 1956//1956 2034//2034 2028//2028
f 2034//2034 1957//1957 2032//2032
f 2028//2028 2032//2032 1942//1942
f 2034//2034 2032//2032 2028//2028
f 1930//1930 1976//1976 1972//1972
f 1976//1976 1942//1942 1978//1978
f 1972//1972 1978//1978 1940//1940
f 1976//1976 1978//1978 1972//1972
f 1942//1942 1977//1977 1979//1979
f 1977//1977 1931//1931 1974//1974
f 1979//1979 1974//1974 1941//1941
f 1977//1977 1974//1974 1979//1979
f 1940//1940 1975//1975 1971//1971
f 1975//1975 1941//1941 1973//1973
f 1971//1971 1973//1973 1929//1929
f 1975//1975 1973//1973 1971//1971
f 1942//1942 1979//1979 1978//1978
f 1979//1979 1941//1941 1975//1975
f 1978//1978 1975//1975 1940//1940
f 1979//1979 1975//1975 1978//1978
f 1930//1930 1972//1972 1992//1992
f 1972//1972 1940//1940 1994//1994
f 1992//1992 1994//1994 1947//1947
f 1972//1972 1994//1994 1992//1992
f 1940//1940 1971//1971 1991//1991
f 1971//1971 1929//1929 1989//1989
f 1991//1991 1989//1989 1946//1946
f 1971//1971 1989//1989 1991//1991
f 1947//1947 1995//1995 1993//1993
f 1995//1995 1946//1946 1990//1990
f 1993//1993 1990//1990 1933//1933
f 1995//1995 1990//1990 1993//1993
f 1940//1940 1991//1991 1994//1994
f 1991//1991 1946//1946 1995//1995
f 1994//1994 1995//1995 1947//1947
f 1991//1991 1995//1995 1994//1994
f 1930//1930 1992//1992 2008//2008
f 1992//1992 1947//1947 2010//2010
f 2008//2008 2010//2010 1952//1952
f 1992//1992 2010//2010 2008//2008
f 1947//1947 1993//1993 2013//2013
f 1993//1993 1933//1933 2011//2011
f 2013//2013 2011//2011 1953//1953
f 1993//1993 2011//2011 2013//2013
f 1952//1952 2015//2015 2009//2009
f 2015//2015 1953//1953 2012//2012
f 2009//2009 2012//2012 1935//1935
f 2015//2015 2012//2012 2009//2009
f 1947//1947 2013//2013 2010//2010
f 2013//2013 1953//1953 2015//2015
f 2010//2010 2015//2015 1952//1952
f 2013//2013 2015//2015 2010//2010
f 1930//1930 2008//2008 2026//2026
f 2008//2008 1952//1952 2029//2029
f 2026//2026 2029//2029 1956//1956
f 2008//2008 2029//2029 2026//2026
f 1952//1952 2009//2009 2044//2044
f 2009//2009 1935//1935 2041//2041
f 2044//2044 2041//2041 1959//1959
f 2009//2009 2041//2041 2044//2044
f 1956//1956 2046//2046 2027//2027
f 2046//2046 1959//1959 2042//2042
f 2027//2027 2042//2042 1936//1936
f 2046//2046 2042//2042 2027//2027
f 1952//1952 2044//2044 2029//2029
f 2044//2044 1959//1959 2046//2046
f 2029//2029 2046//2046 1956//1956
f 2044//2044 2046//2046 2029//2029
f 1931//1931 2030//2030 1987//1987
f 2030//2030 1957//1957 2033//2033
f 1987//1987 2033//2033 1945//1945
f 2030//2030 2033//2033 1987//1987
f 1957//1957 2031//2031 2040//2040
f 2031//2031 1936//1936 2036//2036
f 2040//2040 2036//2036 1958//1958
f 2031//2031 2036//2036 2040//2040
f 1945//1945 2038//2038 1988//1988
f 2038//2038 1958//1958 2035//2035
f 1988//1988 2035//2035 1932//1932
f 2038//2038 2035//2035 1988//1988
f 1957//1957 2040//2040 2033//2033
f 2040//2040 1958//1958 2038//2038
f 2033//2033 2038//2038 1945//1945
f 2040//2040 2038//2038 2033//2033
f 1929//1929 1973//1973 2068//2068
f 1973//1973 1941//1941 2070//2070
f 2068//2068 2070//2070 1965//1965
f 1973//1973 2070//2070 2068//2068
f 1941//1941 1974//1974 2074//2074
f 1974//1974 1931//1931 2072//2072
f 2074//2074 2072//2072 1966//1966
f 1974//1974 2072//2072 2074//2074
f 1965//1965 2076//2076 2069//2069
f 2076//2076 1966//1966 2073//2073
f 2069//2069 2073//2073 1938//1938
f 2076//2076 2073//2073 2069//2069
f 1941//1941 2074//2074 2070//2070
f 2074//2074 1966//1966 2076//2076
f 2070//2070 2076//2076 1965//1965
f 2074//2074 2076//2076 2070//2070
f 1933//1933 1990//1990 2053//2053
f 1990//1990 1946//1946 2055//2055
f 2053//2053 2055//2055 1962//1962
f 1990//1990 2055//2055 2053//2053
f 1946//1946 1989//1989 2052//2052
f 1989//1989 1929//1929 2050//2050
f 2052//2052 2050//2050 1961//1961
f 1989//1989 2050//2050 2052//2052
f 1962//1962 2057//2057 2054//2054
f 2057//2057 1961//1961 2051//2051
f 2054//2054 2051//2051 1937//1937
f 2057//2057 2051//2051 2054//2054
f 1946//1946 2052//2052 2055//2055
f 2052//2052 1961//1961 2057//2057
f 2055//2055 2057//2057 1962//1962
f 2052//2052 2057//2057 2055//2055
f 1935//1935 2012//2012 2017//2017
f 2012//2012 1953//1953 2021//2021
f 2017//2017 2021//2021 1954//1954
f 2012//2012 2021//2021 2017//2017
f 1953//1953 2011//2011 2014//2014
f 2011//2011 1933//1933 2003//2003
f 2014//2014 2003//2003 1950//1950
f 2011//2011 2003//2003 2014//2014
f 1954//1954 2019//2019 2016//2016
f 2019//2019 1950//1950 2004//2004
f 2016//2016 2004//2004 1934//1934
f 2019//2019 2004//2004 2016//2016
f 1953//1953 2014//2014 2021//2021
f 2014//2014 1950//1950 2019//2019
f 2021//2021 2019//2019 1954//1954
f 2014//2014 2019//2019 2021//2021
f 1936//1936 2042//2042 2023//2023
f 2042//2042 1959//1959 2045//2045
f 2023//2023 2045//2045 1955//1955
f 2042//2042 2045//2045 2023//2023
f 1959//1959 2041//2041 2043//2043
f 2041//2041 1935//1935 2006//2006
f 2043//2043 2006//2006 1951//1951
f 2041//2041 2006//2006 2043//2043
f 1955//1955 2025//2025 2022//2022
f 2025//2025 1951//1951 2005//2005
f 2022//2022 2005//2005 1928//1928
f 2025//2025 2005//2005 2022//2022
f 1959//1959 2043//2043 2045//2045
f 2043//2043 1951//1951 2025//2025
f 2045//2045 2025//2025 1955//1955
f 2043//2043 2025//2025 2045//2045
o Face_L
g Face_L
usemtl PenguinBelly
v 6.8282 9.0078 55.0000
v 12.2624 10.9857 55.0000
v 9.7376 1.0143 55.0000
v 15.1718 2.9922 55.0000
v 11.8991 3.5299 60.5292
v 10.1009 8.4701 60.5292
v 11.8991 3.5299 49.4708
v 10.1009 8.4701 49.4708
v 15.3964 7.6002 51.5827
v 15.3964 7.6002 58.4173
v 6.6036 4.3998 51.5827
v 6.6036 4.3998 58.4173
v 9.2899 10.6985 55.0000
v 12.7101 1.3015 55.0000
v 10.7864 1.6176 58.2500
v 13.9806 2.7802 58.2500
v 8.0194 9.2198 58.2500
v 11.2136 10.3824 58.2500
v 11.0000 6.0000 61.5000
v 10.7864 1.6176 51.7500
v 13.9806 2.7802 51.7500
v 8.0194 9.2198 51.7500
v 11.2136 10.3824 51.7500
v 11.0000 6.0000 48.5000
v 14.3262 9.8711 52.9914
v 16.0363 5.1726 52.9914
v 14.1126 5.4887 49.7414
v 13.0557 8.3925 49.7414
v 14.3262 9.8711 57.0086
v 16.0363 5.1726 57.0086
v 14.1126 5.4887 60.2586
v 13.0557 8.3925 60.2586
v 16.1683 7.8811 55.0000
v 5.9637 6.8274 52.9914
v 7.6738 2.1289 52.9914
v 8.9443 3.6075 49.7414
v 7.8874 6.5113 49.7414
v 5.9637 6.8274 57.0086
v 7.6738 2.1289 57.0086
v 8.9443 3.6075 60.2586
v 7.8874 6.5113 60.2586
v 5.8317 4.1189 55.0000
v 7.9427 10.0056 55.0000
v 10.7673 11.0337 55.0000
v 11.2327 0.9663 55.0000
v 14.0573 1.9944 55.0000
v 10.2328 1.1306 56.6893
v 11.3563 2.4382 59.5633
v 11.7868 1.2259 56.7086
v 14.7177 2.7630 56.6893
v 13.0166 3.0424 59.5633
v 13.4660 1.8371 56.7086
v 12.4547 2.0032 58.4173
v 7.2823 9.2370 56.6893
v 8.9834 8.9576 59.5633
v 8.5340 10.1629 56.7086
v 11.7672 10.8694 56.6893
v 10.6437 9.5618 59.5633
v 10.2132 10.7741 56.7086
v 9.5453 9.9968 58.4173
v 11.4673 4.7161 61.2526
v 10.5327 7.2839 61.2526
v 10.2328 1.1306 53.3107
v 11.3563 2.4382 50.4367
v 11.7868 1.2259 53.2914
v 14.7177 2.7630 53.3107
v 13.0166 3.0424 50.4367
v 13.4660 1.8371 53.2914
v 12.4547 2.0032 51.5827
v 7.2823 9.2370 53.3107
v 8.9834 8.9576 50.4367
v 8.5340 10.1629 53.2914
v 11.7672 10.8694 53.3107
v 10.6437 9.5618 50.4367
v 10.2132 10.7741 53.2914
v 9.5453 9.9968 51.5827
v 11.4673 4.7161 48.7474
v 10.5327 7.2839 48.7474
v 13.3851 10.6036 53.9560
v 15.0141 8.8439 52.1797
v 12.8610 10.3391 52.2354
v 15.7862 4.0065 53.9560
v 15.9030 6.4017 52.1797
v 15.2147 3.8722 52.2354
v 13.0852 4.4503 49.3927
v 14.9031 6.5660 50.4904
v 14.2034 4.0384 50.5268
v 12.6364 5.7312 48.8181
v 15.2841 5.2962 51.1794
v 11.6012 8.5275 49.3927
v 14.3537 8.0753 50.4904
v 12.1930 9.5618 50.5268
v 12.0807 7.2578 48.8181
v 13.8294 9.2929 51.1794
v 13.7171 6.9890 49.4708
v 13.3851 10.6036 56.0440
v 15.0141 8.8439 57.8203
v 12.8610 10.3391 57.7646
v 14.4974 10.0703 55.0000
v 15.7862 4.0065 56.0440
v 15.9030 6.4017 57.8203
v 15.2147 3.8722 57.7646
v 16.2955 5.1300 55.0000
v 13.0852 4.4503 60.6073
v 14.9031 6.5660 59.5096
v 14.2034 4.0384 59.4732
v 12.6364 5.7312 61.1819
v 15.2841 5.2962 58.8206
v 11.6012 8.5275 60.6073
v 14.3537 8.0753 59.5096
v 12.1930 9.5618 59.4732
v 12.0807 7.2578 61.1819
v 13.8294 9.2929 58.8206
v 13.7171 6.9890 60.5292
v 15.9716 7.8095 53.2238
v 15.9716 7.8095 56.7762
v 15.4658 9.0241 53.9440
v 16.3649 6.5540 53.9440
v 15.4658 9.0241 56.0560
v 16.3649 6.5540 56.0560
v 6.2138 7.9935 53.9560
v 6.0970 5.5983 52.1797
v 6.7853 8.1278 52.2354
v 8.6149 1.3964 53.9560
v 6.9859 3.1561 52.1797
v 9.1390 1.6609 52.2354
v 10.3988 3.4725 49.3927
v 7.6463 3.9247 50.4904
v 9.8070 2.4382 50.5268
v 9.9193 4.7422 48.8181
v 8.1706 2.7071 51.1794
v 8.9148 7.5497 49.3927
v 7.0969 5.4340 50.4904
v 7.7966 7.9616 50.5268
v 9.3636 6.2688 48.8181
v 6.7159 6.7038 51.1794
v 8.2829 5.0110 49.4708
v 6.2138 7.9935 56.0440
v 6.0970 5.5983 57.8203
v 6.7853 8.1278 57.7646
v 5.7045 6.8700 55.0000
v 8.6149 1.3964 56.0440
v 6.9859 3.1561 57.8203
v 9.1390 1.6609 57.7646
v 7.5026 1.9297 55.0000
v 10.3988 3.4725 60.6073
v 7.6463 3.9247 59.5096
v 9.8070 2.4382 59.4732
v 9.9193 4.7422 61.1819
v 8.1706 2.7071 58.8206
v 8.9148 7.5497 60.6073
v 7.0969 5.4340 59.5096
v 7.7966 7.9616 59.4732
v 9.3636 6.2688 61.1819
v 6.7159 6.7038 58.8206
v 8.2829 5.0110 60.5292
v 6.0284 4.1905 53.2238
v 6.0284 4.1905 56.7762
v 5.6351 5.4460 53.9440
v 6.5342 2.9759 53.9440
v 5.6351 5.4460 56.0560
v 6.5342 2.9759 56.0560
vn -0.7600 0.6500 0.0000
vn 0.1644 0.9864 -0.0000
vn -0.1644 -0.9864 -0.0000
vn 0.7600 -0.6500 -0.0000
vn 0.2123 -0.5833 0.7840
vn -0.2123 0.5833 0.7840
vn 0.2123 -0.5833 -0.7840
vn -0.2123 0.5833 -0.7840
vn 0.8311 0.3025 -0.4667
vn 0.8311 0.3025 0.4667
vn -0.8311 -0.3025 -0.4667
vn -0.8311 -0.3025 0.4667
vn -0.3420 0.9397 -0.0000
vn 0.3420 -0.9397 -0.0000
vn 0.0114 -0.9104 0.4136
vn 0.5765 -0.7047 0.4136
vn -0.5765 0.7047 0.4136
vn -0.0114 0.9104 0.4136
vn -0.0000 0.0000 1.0000
vn 0.0114 -0.9104 -0.4136
vn 0.5765 -0.7047 -0.4136
vn -0.5765 0.7047 -0.4136
vn -0.0114 0.9104 -0.4136
vn 0.0000 0.0000 -1.0000
vn 0.5663 0.7820 -0.2604
vn 0.9365 -0.2350 -0.2604
vn 0.6378 -0.1587 -0.7537
vn 0.3866 0.5316 -0.7537
vn 0.5663 0.7820 0.2604
vn 0.9365 -0.2350 0.2604
vn 0.6378 -0.1587 0.7537
vn 0.3866 0.5316 0.7537
vn 0.9397 0.3420 0.0000
vn -0.9365 0.2350 -0.2604
vn -0.5663 -0.7820 -0.2604
vn -0.3866 -0.5316 -0.7537
vn -0.6378 0.1587 -0.7537
vn -0.9365 0.2350 0.2604
vn -0.5663 -0.7820 0.2604
vn -0.3866 -0.5316 0.7537
vn -0.6378 0.1587 0.7537
vn -0.9397 -0.3420 -0.0000
vn -0.5681 0.8230 -0.0000
vn -0.0939 0.9956 -0.0000
vn 0.0939 -0.9956 -0.0000
vn 0.5681 -0.8230 -0.0000
vn -0.0811 -0.9751 0.2064
vn 0.1116 -0.7826 0.6124
vn 0.1967 -0.9573 0.2120
vn 0.6889 -0.6948 0.2064
vn 0.4176 -0.6712 0.6124
vn 0.4646 -0.8598 0.2120
vn 0.3095 -0.8503 0.4256
vn -0.6889 0.6948 0.2064
vn -0.4176 0.6712 0.6124
vn -0.4646 0.8598 0.2120
vn 0.0811 0.9751 0.2064
vn -0.1116 0.7826 0.6124
vn -0.1967 0.9573 0.2120
vn -0.3095 0.8503 0.4256
vn 0.1175 -0.3228 0.9391
vn -0.1175 0.3228 0.9391
vn -0.0811 -0.9751 -0.2064
vn 0.1116 -0.7826 -0.6124
vn 0.1967 -0.9573 -0.2120
vn 0.6889 -0.6948 -0.2064
vn 0.4176 -0.6712 -0.6124
vn 0.4646 -0.8598 -0.2120
vn 0.3095 -0.8503 -0.4256
vn -0.6889 0.6948 -0.2064
vn -0.4176 0.6712 -0.6124
vn -0.4646 0.8598 -0.2120
vn 0.0811 0.9751 -0.2064
vn -0.1116 0.7826 -0.6124
vn -0.1967 0.9573 -0.2120
vn -0.3095 0.8503 -0.4256
vn 0.1175 -0.3228 -0.9391
vn -0.1175 0.3228 -0.9391
vn 0.3710 0.9194 -0.1307
vn 0.7283 0.5721 -0.3773
vn 0.2916 0.8849 -0.3633
vn 0.8752 -0.4658 -0.1307
vn 0.9256 0.0299 -0.3773
vn 0.7922 -0.4904 -0.3633
vn 0.4432 -0.3919 -0.8062
vn 0.7701 0.0829 -0.6326
vn 0.6473 -0.4690 -0.6008
vn 0.3543 -0.0755 -0.9321
vn 0.8281 -0.2182 -0.5164
vn 0.0876 0.5851 -0.8062
vn 0.6432 0.4314 -0.6326
vn 0.1944 0.7754 -0.6008
vn 0.2229 0.2856 -0.9321
vn 0.4941 0.6994 -0.5164
vn 0.5417 0.1972 -0.8171
vn 0.3710 0.9194 0.1307
vn 0.7283 0.5721 0.3773
vn 0.2916 0.8849 0.3633
vn 0.5951 0.8036 -0.0000
vn 0.8752 -0.4658 0.1307
vn 0.9256 0.0299 0.3773
vn 0.7922 -0.4904 0.3633
vn 0.9725 -0.2331 0.0000
vn 0.4432 -0.3919 0.8062
vn 0.7701 0.0829 0.6326
vn 0.6473 -0.4690 0.6008
vn 0.3543 -0.0755 0.9321
vn 0.8281 -0.2182 0.5164
vn 0.0876 0.5851 0.8062
vn 0.6432 0.4314 0.6326
vn 0.1944 0.7754 0.6008
vn 0.2229 0.2856 0.9321
vn 0.4941 0.6994 0.5164
vn 0.5417 0.1972 0.8171
vn 0.9126 0.3322 -0.2383
vn 0.9126 0.3322 0.2383
vn 0.7898 0.5993 -0.1305
vn 0.9903 0.0486 -0.1305
vn 0.7898 0.5993 0.1305
vn 0.9903 0.0486 0.1305
vn -0.8752 0.4658 -0.1307
vn -0.9256 -0.0299 -0.3773
vn -0.7922 0.4904 -0.3633
vn -0.3710 -0.9194 -0.1307
vn -0.7283 -0.5721 -0.3773
vn -0.2916 -0.8849 -0.3633
vn -0.0876 -0.5851 -0.8062
vn -0.6432 -0.4314 -0.6326
vn -0.1944 -0.7754 -0.6008
vn -0.2229 -0.2856 -0.9321
vn -0.4941 -0.6994 -0.5164
vn -0.4432 0.3919 -0.8062
vn -0.7701 -0.0829 -0.6326
vn -0.6473 0.4690 -0.6008
vn -0.3543 0.0755 -0.9321
vn -0.8281 0.2182 -0.5164
vn -0.5417 -0.1972 -0.8171
vn -0.8752 0.4658 0.1307
vn -0.9256 -0.0299 0.3773
vn -0.7922 0.4904 0.3633
vn -0.9725 0.2331 0.0000
vn -0.3710 -0.9194 0.1307
vn -0.7283 -0.5721 0.3773
vn -0.2916 -0.8849 0.3633
vn -0.5951 -0.8036 0.0000
vn -0.0876 -0.5851 0.8062
vn -0.6432 -0.4314 0.6326
vn -0.1944 -0.7754 0.6008
vn -0.2229 -0.2856 0.9321
vn -0.4941 -0.6994 0.5164
vn -0.4432 0.3919 0.8062
vn -0.7701 -0.0829 0.6326
vn -0.6473 0.4690 0.6008
vn -0.3543 0.0755 0.9321
vn -0.8281 0.2182 0.5164
vn -0.5417 -0.1972 0.8171
vn -0.9126 -0.3322 -0.2383
vn -0.9126 -0.3322 0.2383
vn -0.9903 -0.0486 -0.1305
vn -0.7898 -0.5993 -0.1305
vn -0.9903 -0.0486 0.1305
vn -0.7898 -0.5993 0.1305
f 2089//2089 2226//2226 2142//2142
f 2226//2226 2126//2126 2228//2228
f 2142//2142 2228//2228 2105//2105
f 2226//2226 2228//2228 2142//2142
f 2126//2126 2227//2227 2243//2243
f 2227//2227 2100//2100 2240//2240
f 2243//2243 2240//2240 2129//2129
f 2227//2227 2240//2240 2243//2243
f 2105//2105 2241//2241 2143//2143
f 2241//2241 2129//2129 2239//2239
f 2143//2143 2239//2239 2094//2094
f 2241//2241 2239//2239 2143//2143
f 2126//2126 2243//2243 2228//2228
f 2243//2243 2129//2129 2241//2241
f 2228//2228 2241//2241 2105//2105
f 2243//2243 2241//2241 2228//2228
f 2089//2089 2142//2142 2131//2131
f 2142//2142 2105//2105 2144//2144
f 2131//2131 2144//2144 2101//2101
f 2142//2142 2144//2144 2131//2131
f 2105//2105 2143//2143 2148//2148
f 2143//2143 2094//2094 2146//2146
f 2148//2148 2146//2146 2106//2106
f 2143//2143 2146//2146 2148//2148
f 2101//2101 2147//2147 2132//2132
f 2147//2147 2106//2106 2145//2145
f 2132//2132 2145//2145 2090//2090
f 2147//2147 2145//2145 2132//2132
f 2105//2105 2148//2148 2144//2144
f 2148//2148 2106//2106 2147//2147
f 2144//2144 2147//2147 2101//2101
f 2148//2148 2147//2147 2144//2144
f 2089//2089 2131//2131 2158//2158
f 2131//2131 2101//2101 2160//2160
f 2158//2158 2160//2160 2110//2110
f 2131//2131 2160//2160 2158//2158
f 2101//2101 2132//2132 2163//2163
f 2132//2132 2090//2090 2161//2161
f 2163//2163 2161//2161 2111//2111
f 2132//2132 2161//2161 2163//2163
f 2110//2110 2164//2164 2159//2159
f 2164//2164 2111//2111 2162//2162
f 2159//2159 2162//2162 2096//2096
f 2164//2164 2162//2162 2159//2159
f 2101//2101 2163//2163 2160//2160
f 2163//2163 2111//2111 2164//2164
f 2160//2160 2164//2164 2110//2110
f 2163//2163 2164//2164 2160//2160
f 2089//2089 2158//2158 2209//2209
f 2158//2158 2110//2110 2211//2211
f 2209//2209 2211//2211 2122//2122
f 2158//2158 2211//2211 2209//2209
f 2110//2110 2159//2159 2222//2222
f 2159//2159 2096//2096 2220//2220
f 2222//2222 2220//2220 2125//2125
f 2159//2159 2220//2220 2222//2222
f 2122//2122 2224//2224 2210//2210
f 2224//2224 2125//2125 2221//2221
f 2210//2210 2221//2221 2099//2099
f 2224//2224 2221//2221 2210//2210
f 2110//2110 2222//2222 2211//2211
f 2222//2222 2125//2125 2224//2224
f 2211//2211 2224//2224 2122//2122
f 2222//2222 2224//2224 2211//2211
f 2089//2089 2209//2209 2226//2226
f 2209//2209 2122//2122 2229//2229
f 2226//2226 2229//2229 2126//2126
f 2209//2209 2229//2229 2226//2226
f 2122//2122 2210//2210 2247//2247
f 2210//2210 2099//2099 2245//2245
f 2247//2247 2245//2245 2130//2130
f 2210//2210 2245//2245 2247//2247
f 2126//2126 2249//2249 2227//2227
f 2249//2249 2130//2130 2246//2246
f 2227//2227 2246//2246 2100//2100
f 2249//2249 2246//2246 2227//2227
f 2122//2122 2247//2247 2229//2229
f 2247//2247 2130//2130 2249//2249
f 2229//2229 2249//2249 2126//2126
f 2247//2247 2249//2249 2229//2229
f 2090//2090 2145//2145 2184//2184
f 2145//2145 2106//2106 2186//2186
f 2184//2184 2186//2186 2117//2117
f 2145//2145 2186//2186 2184//2184
f 2106//2106 2146//2146 2199//2199
f 2146//2146 2094//2094 2197//2197
f 2199//2199 2197//2197 2120//2120
f 2146//2146 2197//2197 2199//2199
f 2117//2117 2201//2201 2185//2185
f 2201//2201 2120//2120 2198//2198
f 2185//2185 2198//2198 2098//2098
f 2201//2201 2198//2198 2185//2185
f 2106//2106 2199//2199 2186//2186
f 2199//2199 2120//2120 2201//2201
f 2186//2186 2201//2201 2117//2117
f 2199//2199 2201//2201 2186//2186
f 2094//2094 2239//2239 2150//2150
f 2239//2239 2129//2129 2242//2242
f 2150//2150 2242//2242 2107//2107
f 2239//2239 2242//2242 2150//2150
f 2129//2129 2240//2240 2244//2244
f 2240//2240 2100//2100 2235//2235
f 2244//2244 2235//2235 2128//2128
f 2240//2240 2235//2235 2244//2244
f 2107//2107 2237//2237 2149//2149
f 2237//2237 2128//2128 2234//2234
f 2149//2149 2234//2234 2093//2093
f 2237//2237 2234//2234 2149//2149
f 2129//2129 2244//2244 2242//2242
f 2244//2244 2128//2128 2237//2237
f 2242//2242 2237//2237 2107//2107
f 2244//2244 2237//2237 2242//2242
f 2100//2100 2246//2246 2231//2231
f 2246//2246 2130//2130 2250//2250
f 2231//2231 2250//2250 2127//2127
f 2246//2246 2250//2250 2231//2231
f 2130//2130 2245//2245 2248//2248
f 2245//2245 2099//2099 2213//2213
f 2248//2248 2213//2213 2123//2123
f 2245//2245 2213//2213 2248//2248
f 2127//2127 2233//2233 2230//2230
f 2233//2233 2123//2123 2212//2212
f 2230//2230 2212//2212 2091//2091
f 2233//2233 2212//2212 2230//2230
f 2130//2130 2248//2248 2250//2250
f 2248//2248 2123//2123 2233//2233
f 2250//2250 2233//2233 2127//2127
f 2248//2248 2233//2233 2250//2250
f 2099//2099 2221//2221 2216//2216
f 2221//2221 2125//2125 2225//2225
f 2216//2216 2225//2225 2124//2124
f 2221//2221 2225//2225 2216//2216
f 2125//2125 2220//2220 2223//2223
f 2220//2220 2096//2096 2166//2166
f 2223//2223 2166//2166 2112//2112
f 2220//2220 2166//2166 2223//2223
f 2124//2124 2218//2218 2215//2215
f 2218//2218 2112//2112 2165//2165
f 2215//2215 2165//2165 2095//2095
f 2218//2218 2165//2165 2215//2215
f 2125//2125 2223//2223 2225//2225
f 2223//2223 2112//2112 2218//2218
f 2225//2225 2218//2218 2124//2124
f 2223//2223 2218//2218 2225//2225
f 2096//2096 2162//2162 2178//2178
f 2162//2162 2111//2111 2180//2180
f 2178//2178 2180//2180 2116//2116
f 2162//2162 2180//2180 2178//2178
f 2111//2111 2161//2161 2169//2169
f 2161//2161 2090//2090 2167//2167
f 2169//2169 2167//2167 2113//2113
f 2161//2161 2167//2167 2169//2169
f 2116//2116 2182//2182 2179//2179
f 2182//2182 2113//2113 2168//2168
f 2179//2179 2168//2168 2097//2097
f 2182//2182 2168//2168 2179//2179
f 2111//2111 2169//2169 2180//2180
f 2169//2169 2113//2113 2182//2182
f 2180//2180 2182//2182 2116//2116
f 2169//2169 2182//2182 2180//2180
f 2092//2092 2188//2188 2138//2138
f 2188//2188 2118//2118 2190//2190
f 2138//2138 2190//2190 2104//2104
f 2188//2188 2190//2190 2138//2138
f 2118//2118 2189//2189 2196//2196
f 2189//2189 2098//2098 2193//2193
f 2196//2196 2193//2193 2119//2119
f 2189//2189 2193//2193 2196//2196
f 2104//2104 2194//2194 2139//2139
f 2194//2194 2119//2119 2192//2192
f 2139//2139 2192//2192 2093//2093
f 2194//2194 2192//2192 2139//2139
f 2118//2118 2196//2196 2190//2190
f 2196//2196 2119//2119 2194//2194
f 2190//2190 2194//2194 2104//2104
f 2196//2196 2194//2194 2190//2190
f 2092//2092 2138//2138 2134//2134
f 2138//2138 2104//2104 2140//2140
f 2134//2134 2140//2140 2102//2102
f 2138//2138 2140//2140 2134//2134
f 2104//2104 2139//2139 2141//2141
f 2139//2139 2093//2093 2136//2136
f 2141//2141 2136//2136 2103//2103
f 2139//2139 2136//2136 2141//2141
f 2102//2102 2137//2137 2133//2133
f 2137//2137 2103//2103 2135//2135
f 2133//2133 2135//2135 2091//2091
f 2137//2137 2135//2135 2133//2133
f 2104//2104 2141//2141 2140//2140
f 2141//2141 2103//2103 2137//2137
f 2140//2140 2137//2137 2102//2102
f 2141//2141 2137//2137 2140//2140
f 2092//2092 2134//2134 2154//2154
f 2134//2134 2102//2102 2156//2156
f 2154//2154 2156//2156 2109//2109
f 2134//2134 2156//2156 2154//2154
f 2102//2102 2133//2133 2153//2153
f 2133//2133 2091//2091 2151//2151
f 2153//2153 2151//2151 2108//2108
f 2133//2133 2151//2151 2153//2153
f 2109//2109 2157//2157 2155//2155
f 2157//2157 2108//2108 2152//2152
f 2155//2155 2152//2152 2095//2095
f 2157//2157 2152//2152 2155//2155
f 2102//2102 2153//2153 2156//2156
f 2153//2153 2108//2108 2157//2157
f 2156//2156 2157//2157 2109//2109
f 2153//2153 2157//2157 2156//2156
f 2092//2092 2154//2154 2170//2170
f 2154//2154 2109//2109 2172//2172
f 2170//2170 2172//2172 2114//2114
f 2154//2154 2172//2172 2170//2170
f 2109//2109 2155//2155 2175//2175
f 2155//2155 2095//2095 2173//2173
f 2175//2175 2173//2173 2115//2115
f 2155//2155 2173//2173 2175//2175
f 2114//2114 2177//2177 2171//2171
f 2177//2177 2115//2115 2174//2174
f 2171//2171 2174//2174 2097//2097
f 2177//2177 2174//2174 2171//2171
f 2109//2109 2175//2175 2172//2172
f 2175//2175 2115//2115 2177//2177
f 2172//2172 2177//2177 2114//2114
f 2175//2175 2177//2177 2172//2172
f 2092//2092 2170//2170 2188//2188
f 2170//2170 2114//2114 2191//2191
f 2188//2188 2191//2191 2118//2118
f 2170//2170 2191//2191 2188//2188
f 2114//2114 2171//2171 2206//2206
f 2171//2171 2097//2097 2203//2203
f 2206//2206 2203//2203 2121//2121
f 2171//2171 2203//2203 2206//2206
f 2118//2118 2208//2208 2189//2189
f 2208//2208 2121//2121 2204//2204
f 2189//2189 2204//2204 2098//2098
f 2208//2208 2204//2204 2189//2189
f 2114//2114 2206//2206 2191//2191
f 2206//2206 2121//2121 2208//2208
f 2191//2191 2208//2208 2118//2118
f 2206//2206 2208//2208 2191//2191
f 2093//2093 2192//2192 2149//2149
f 2192//2192 2119//2119 2195//2195
f 2149//2149 2195//2195 2107//2107
f 2192//2192 2195//2195 2149//2149
f 2119//2119 2193//2193 2202//2202
f 2193//2193 2098//2098 2198//2198
f 2202//2202 2198//2198 2120//2120
f 2193//2193 2198//2198 2202//2202
f 2107//2107 2200//2200 2150//2150
f 2200//2200 2120//2120 2197//2197
f 2150//2150 2197//2197 2094//2094
f 2200//2200 2197//2197 2150//2150
f 2119//2119 2202//2202 2195//2195
f 2202//2202 2120//2120 2200//2200
f 2195//2195 2200//2200 2107//2107
f 2202//2202 2200//2200 2195//2195
f 2091//2091 2135//2135 2230//2230
f 2135//2135 2103//2103 2232//2232
f 2230//2230 2232//2232 2127//2127
f 2135//2135 2232//2232 2230//2230
f 2103//2103 2136//2136 2236//2236
f 2136//2136 2093//2093 2234//2234
f 2236//2236 2234//2234 2128//2128
f 2136//2136 2234//2234 2236//2236
f 2127//2127 2238//2238 2231//2231
f 2238//2238 2128//2128 2235//2235
f 2231//2231 2235//2235 2100//2100
f 2238//2238 2235//2235 2231//2231
f 2103//2103 2236//2236 2232//2232
f 2236//2236 2128//2128 2238//2238
f 2232//2232 2238//2238 2127//2127
f 2236//2236 2238//2238 2232//2232
f 2095//2095 2152//2152 2215//2215
f 2152//2152 2108//2108 2217//2217
f 2215//2215 2217//2217 2124//2124
f 2152//2152 2217//2217 2215//2215
f 2108//2108 2151//2151 2214//2214
f 2151//2151 2091//2091 2212//2212
f 2214//2214 2212//2212 2123//2123
f 2151//2151 2212//2212 2214//2214
f 2124//2124 2219//2219 2216//2216
f 2219//2219 2123//2123 2213//2213
f 2216//2216 2213//2213 2099//2099
f 2219//2219 2213//2213 2216//2216
f 2108//2108 2214//2214 2217//2217
f 2214//2214 2123//2123 2219//2219
f 2217//2217 2219//2219 2124//2124
f 2214//2214 2219//2219 2217//2217
f 2097//2097 2174//2174 2179//2179
f 2174//2174 2115//2115 2183//2183
f 2179//2179 2183//2183 2116//2116
f 2174//2174 2183//2183 2179//2179
f 2115//2115 2173//2173 2176//2176
f 2173//2173 2095//2095 2165//2165
f 2176//2176 2165//2165 2112//2112
f 2173//2173 2165//2165 2176//2176
f 2116//2116 2181//2181 2178//2178
f 2181//2181 2112//2112 2166//2166
f 2178//2178 2166//2166 2096//2096
f 2181//2181 2166//2166 2178//2178
f 2115//2115 2176//2176 2183//2183
f 2176//2176 2112//2112 2181//2181
f 2183//2183 2181//2181 2116//2116
f 2176//2176 2181//2181 2183//2183
f 2098//2098 2204//2204 2185//2185
f 2204//2204 2121//2121 2207//2207
f 2185//2185 2207//2207 2117//2117
f 2204//2204 2207//2207 2185//2185
f 2121//2121 2203//2203 2205//2205
f 2203//2203 2097//2097 2168//2168
f 2205//2205 2168//2168 2113//2113
f 2203//2203 2168//2168 2205//2205
f 2117//2117 2187//2187 2184//2184
f 2187//2187 2113//2113 2167//2167
f 2184//2184 2167//2167 2090//2090
f 2187//2187 2167//2167 2184//2184
f 2121//2121 2205//2205 2207//2207
f 2205//2205 2113//2113 2187//2187
f 2207//2207 2187//2187 2117//2117
f 2205//2205 2187//2187 2207//2207
o Eye_R
g Eye_R
usemtl PenguinEye
v 14.0331 -3.1883 56.5000
v 16.7669 -3.1883 56.5000
v 14.0331 -7.6117 56.5000
v 16.7669 -7.6117 56.5000
v 15.4000 -6.7669 58.7117
v 15.4000 -4.0331 58.7117
v 15.4000 -6.7669 54.2883
v 15.4000 -4.0331 54.2883
v 17.6117 -5.4000 55.1331
v 17.6117 -5.4000 57.8669
v 13.1883 -5.4000 55.1331
v 13.1883 -5.4000 57.8669
v 15.4000 -2.8000 56.5000
v 15.4000 -8.0000 56.5000
v 14.5966 -7.5034 57.8000
v 16.2034 -7.5034 57.8000
v 14.5966 -3.2966 57.8000
v 16.2034 -3.2966 57.8000
v 15.4000 -5.4000 59.1000
v 14.5966 -7.5034 55.2000
v 16.2034 -7.5034 55.2000
v 14.5966 -3.2966 55.2000
v 16.2034 -3.2966 55.2000
v 15.4000 -5.4000 53.9000
v 17.5034 -4.1000 55.6966
v 17.5034 -6.7000 55.6966
v 16.7000 -6.2034 54.3966
v 16.7000 -4.5966 54.3966
v 17.5034 -4.1000 57.3034
v 17.5034 -6.7000 57.3034
v 16.7000 -6.2034 58.6034
v 16.7000 -4.5966 58.6034
v 18.0000 -5.4000 56.5000
v 13.2966 -4.1000 55.6966
v 13.2966 -6.7000 55.6966
v 14.1000 -6.2034 54.3966
v 14.1000 -4.5966 54.3966
v 13.2966 -4.1000 57.3034
v 13.2966 -6.7000 57.3034
v 14.1000 -6.2034 58.6034
v 14.1000 -4.5966 58.6034
v 12.8000 -5.4000 56.5000
v 14.6895 -2.8990 56.5000
v 16.1105 -2.8990 56.5000
v 14.6895 -7.9010 56.5000
v 16.1105 -7.9010 56.5000
v 14.2719 -7.6429 57.1757
v 14.9824 -7.2038 58.3253
v 14.9776 -7.8727 57.1835
v 16.5281 -7.6429 57.1757
v 15.8176 -7.2038 58.3253
v 15.8224 -7.8727 57.1835
v 15.4000 -7.6117 57.8669
v 14.2719 -3.1571 57.1757
v 14.9824 -3.5962 58.3253
v 14.9776 -2.9273 57.1835
v 16.5281 -3.1571 57.1757
v 15.8176 -3.5962 58.3253
v 15.8224 -2.9273 57.1835
v 15.4000 -3.1883 57.8669
v 15.4000 -6.1105 59.0010
v 15.4000 -4.6895 59.0010
v 14.2719 -7.6429 55.8243
v 14.9824 -7.2038 54.6747
v 14.9776 -7.8727 55.8165
v 16.5281 -7.6429 55.8243
v 15.8176 -7.2038 54.6747
v 15.8224 -7.8727 55.8165
v 15.4000 -7.6117 55.1331
v 14.2719 -3.1571 55.8243
v 14.9824 -3.5962 54.6747
v 14.9776 -2.9273 55.8165
v 16.5281 -3.1571 55.8243
v 15.8176 -3.5962 54.6747
v 15.8224 -2.9273 55.8165
v 15.4000 -3.1883 55.1331
v 15.4000 -6.1105 53.9990
v 15.4000 -4.6895 53.9990
v 17.2038 -3.5747 56.0824
v 17.6429 -4.7243 55.3719
v 16.9282 -3.6107 55.3942
v 17.2038 -7.2253 56.0824
v 17.6429 -6.0757 55.3719
v 16.9282 -7.1893 55.3942
v 16.0757 -6.5281 54.2571
v 17.2253 -5.8176 54.6962
v 16.5058 -6.9282 54.7107
v 16.0835 -5.8224 54.0273
v 17.1893 -6.5058 54.9718
v 16.0757 -4.2719 54.2571
v 17.2253 -4.9824 54.6962
v 16.5058 -3.8718 54.7107
v 16.0835 -4.9776 54.0273
v 17.1893 -4.2942 54.9718
v 16.7669 -5.4000 54.2883
v 17.2038 -3.5747 56.9176
v 17.6429 -4.7243 57.6281
v 16.9282 -3.6107 57.6058
v 17.6117 -4.0331 56.5000
v 17.2038 -7.2253 56.9176
v 17.6429 -6.0757 57.6281
v 16.9282 -7.1893 57.6058
v 17.6117 -6.7669 56.5000
v 16.0757 -6.5281 58.7429
v 17.2253 -5.8176 58.3038
v 16.5058 -6.9282 58.2893
v 16.0835 -5.8224 58.9727
v 17.1893 -6.5058 58.0282
v 16.0757 -4.2719 58.7429
v 17.2253 -4.9824 58.3038
v 16.5058 -3.8718 58.2893
v 16.0835 -4.9776 58.9727
v 17.1893 -4.2942 58.0282
v 16.7669 -5.4000 58.7117
v 17.9010 -5.4000 55.7895
v 17.9010 -5.4000 57.2105
v 17.8727 -4.7165 56.0776
v 17.8727 -6.0835 56.0776
v 17.8727 -4.7165 56.9224
v 17.8727 -6.0835 56.9224
v 13.5962 -3.5747 56.0824
v 13.1571 -4.7243 55.3719
v 13.8718 -3.6107 55.3942
v 13.5962 -7.2253 56.0824
v 13.1571 -6.0757 55.3719
v 13.8718 -7.1893 55.3942
v 14.7243 -6.5281 54.2571
v 13.5747 -5.8176 54.6962
v 14.2942 -6.9282 54.7107
v 14.7165 -5.8224 54.0273
v 13.6107 -6.5058 54.9718
v 14.7243 -4.2719 54.2571
v 13.5747 -4.9824 54.6962
v 14.2942 -3.8718 54.7107
v 14.7165 -4.9776 54.0273
v 13.6107 -4.2942 54.9718
v 14.0331 -5.4000 54.2883
v 13.5962 -3.5747 56.9176
v 13.1571 -4.7243 57.6281
v 13.8718 -3.6107 57.6058
v 13.1883 -4.0331 56.5000
v 13.5962 -7.2253 56.9176
v 13.1571 -6.0757 57.6281
v 13.8718 -7.1893 57.6058
v 13.1883 -6.7669 56.5000
v 14.7243 -6.5281 58.7429
v 13.5747 -5.8176 58.3038
v 14.2942 -6.9282 58.2893
v 14.7165 -5.8224 58.9727
v 13.6107 -6.5058 58.0282
v 14.7243 -4.2719 58.7429
v 13.5747 -4.9824 58.3038
v 14.2942 -3.8718 58.2893
v 14.7165 -4.9776 58.9727
v 13.6107 -4.2942 58.0282
v 14.0331 -5.4000 58.7117
v 12.8990 -5.4000 55.7895
v 12.8990 -5.4000 57.2105
v 12.9273 -4.7165 56.0776
v 12.9273 -6.0835 56.0776
v 12.9273 -4.7165 56.9224
v 12.9273 -6.0835 56.9224
vn -0.5257 0.8507 0.0000
vn 0.5257 0.8507 -0.0000
vn -0.5257 -0.8507 -0.0000
vn 0.5257 -0.8507 0.0000
vn -0.0000 -0.5257 0.8507
vn 0.0000 0.5257 0.8507
vn -0.0000 -0.5257 -0.8507
vn 0.0000 0.5257 -0.8507
vn 0.8507 0.0000 -0.5257
vn 0.8507 -0.0000 0.5257
vn -0.8507 -0.0000 -0.5257
vn -0.8507 0.0000 0.5257
vn 0.0000 1.0000 0.0000
vn 0.0000 -1.0000 0.0000
vn -0.3090 -0.8090 0.5000
vn 0.3090 -0.8090 0.5000
vn -0.3090 0.8090 0.5000
vn 0.3090 0.8090 0.5000
vn 0.0000 0.0000 1.0000
vn -0.3090 -0.8090 -0.5000
vn 0.3090 -0.8090 -0.5000
vn -0.3090 0.8090 -0.5000
vn 0.3090 0.8090 -0.5000
vn 0.0000 0.0000 -1.0000
vn 0.8090 0.5000 -0.3090
vn 0.8090 -0.5000 -0.3090
vn 0.5000 -0.3090 -0.8090
vn 0.5000 0.3090 -0.8090
vn 0.8090 0.5000 0.3090
vn 0.8090 -0.5000 0.3090
vn 0.5000 -0.3090 0.8090
vn 0.5000 0.3090 0.8090
vn 1.0000 0.0000 -0.0000
vn -0.8090 0.5000 -0.3090
vn -0.8090 -0.5000 -0.3090
vn -0.5000 -0.3090 -0.8090
vn -0.5000 0.3090 -0.8090
vn -0.8090 0.5000 0.3090
vn -0.8090 -0.5000 0.3090
vn -0.5000 -0.3090 0.8090
vn -0.5000 0.3090 0.8090
vn -1.0000 0.0000 -0.0000
vn -0.2752 0.9614 -0.0000
vn 0.2752 0.9614 -0.0000
vn -0.2752 -0.9614 0.0000
vn 0.2752 -0.9614 -0.0000
vn -0.4347 -0.8628 0.2580
vn -0.1595 -0.6927 0.7034
vn -0.1536 -0.9510 0.2683
vn 0.4347 -0.8628 0.2580
vn 0.1595 -0.6927 0.7034
vn 0.1536 -0.9510 0.2683
vn 0.0000 -0.8561 0.5169
vn -0.4347 0.8628 0.2580
vn -0.1595 0.6927 0.7034
vn -0.1536 0.9510 0.2683
vn 0.4347 0.8628 0.2580
vn 0.1595 0.6927 0.7034
vn 0.1536 0.9510 0.2683
vn 0.0000 0.8561 0.5169
vn -0.0000 -0.2752 0.9614
vn 0.0000 0.2752 0.9614
vn -0.4347 -0.8628 -0.2580
vn -0.1595 -0.6927 -0.7034
vn -0.1536 -0.9510 -0.2683
vn 0.4347 -0.8628 -0.2580
vn 0.1595 -0.6927 -0.7034
vn 0.1536 -0.9510 -0.2683
vn 0.0000 -0.8561 -0.5169
vn -0.4347 0.8628 -0.2580
vn -0.1595 0.6927 -0.7034
vn -0.1536 0.9510 -0.2683
vn 0.4347 0.8628 -0.2580
vn 0.1595 0.6927 -0.7034
vn 0.1536 0.9510 -0.2683
vn -0.0000 0.8561 -0.5169
vn 0.0000 -0.2752 -0.9614
vn 0.0000 0.2752 -0.9614
vn 0.6927 0.7034 -0.1595
vn 0.8628 0.2580 -0.4347
vn 0.5878 0.6827 -0.4341
vn 0.6927 -0.7034 -0.1595
vn 0.8628 -0.2580 -0.4347
vn 0.5878 -0.6827 -0.4341
vn 0.2580 -0.4347 -0.8628
vn 0.7034 -0.1595 -0.6927
vn 0.4341 -0.5878 -0.6827
vn 0.2683 -0.1536 -0.9510
vn 0.6827 -0.4341 -0.5878
vn 0.2580 0.4347 -0.8628
vn 0.7034 0.1595 -0.6927
vn 0.4341 0.5878 -0.6827
vn 0.2683 0.1536 -0.9510
vn 0.6827 0.4341 -0.5878
vn 0.5169 0.0000 -0.8561
vn 0.6927 0.7034 0.1595
vn 0.8628 0.2580 0.4347
vn 0.5878 0.6827 0.4341
vn 0.8561 0.5169 0.0000
vn 0.6927 -0.7034 0.1595
vn 0.8628 -0.2580 0.4347
vn 0.5878 -0.6827 0.4341
vn 0.8561 -0.5169 0.0000
vn 0.2580 -0.4347 0.8628
vn 0.7034 -0.1595 0.6927
vn 0.4341 -0.5878 0.6827
vn 0.2683 -0.1536 0.9510
vn 0.6827 -0.4341 0.5878
vn 0.2580 0.4347 0.8628
vn 0.7034 0.1595 0.6927
vn 0.4341 0.5878 0.6827
vn 0.2683 0.1536 0.9510
vn 0.6827 0.4341 0.5878
vn 0.5169 0.0000 0.8561
vn 0.9614 0.0000 -0.2752
vn 0.9614 -0.0000 0.2752
vn 0.9510 0.2683 -0.1536
vn 0.9510 -0.2683 -0.1536
vn 0.9510 0.2683 0.1536
vn 0.9510 -0.2683 0.1536
vn -0.6927 0.7034 -0.1595
vn -0.8628 0.2580 -0.4347
vn -0.5878 0.6827 -0.4341
vn -0.6927 -0.7034 -0.1595
vn -0.8628 -0.2580 -0.4347
vn -0.5878 -0.6827 -0.4341
vn -0.2580 -0.4347 -0.8628
vn -0.7034 -0.1595 -0.6927
vn -0.4341 -0.5878 -0.6827
vn -0.2683 -0.1536 -0.9510
vn -0.6827 -0.4341 -0.5878
vn -0.2580 0.4347 -0.8628
vn -0.7034 0.1595 -0.6927
vn -0.4341 0.5878 -0.6827
vn -0.2683 0.1536 -0.9510
vn -0.6827 0.4341 -0.5878
vn -0.5169 -0.0000 -0.8561
vn -0.6927 0.7034 0.1595
vn -0.8628 0.2580 0.4347
vn -0.5878 0.6827 0.4341
vn -0.8561 0.5169 0.0000
vn -0.6927 -0.7034 0.1595
vn -0.8628 -0.2580 0.4347
vn -0.5878 -0.6827 0.4341
vn -0.8561 -0.5169 0.0000
vn -0.2580 -0.4347 0.8628
vn -0.7034 -0.1595 0.6927
vn -0.4341 -0.5878 0.6827
vn -0.2683 -0.1536 0.9510
vn -0.6827 -0.4341 0.5878
vn -0.2580 0.4347 0.8628
vn -0.7034 0.1595 0.6927
vn -0.4341 0.5878 0.6827
vn -0.2683 0.1536 0.9510
vn -0.6827 0.4341 0.5878
vn -0.5169 -0.0000 0.8561
vn -0.9614 -0.0000 -0.2752
vn -0.9614 0.0000 0.2752
vn -0.9510 0.2683 -0.1536
vn -0.9510 -0.2683 -0.1536
vn -0.9510 0.2683 0.1536
vn -0.9510 -0.2683 0.1536
f 2251//2251 2388//2388 2304//2304
f 2388//2388 2288//2288 2390//2390
f 2304//2304 2390//2390 2267//2267
f 2388//2388 2390//2390 2304//2304
f 2288//2288 2389//2389 2405//2405
f 2389//2389 2262//2262 2402//2402
f 2405//2405 2402//2402 2291//2291
f 2389//2389 2402//2402 2405//2405
f 2267//2267 2403//2403 2305//2305
f 2403//2403 2291//2291 2401//2401
f 2305//2305 2401//2401 2256//2256
f 2403//2403 2401//2401 2305//2305
f 2288//2288 2405//2405 2390//2390
f 2405//2405 2291//2291 2403//2403
f 2390//2390 2403//2403 2267//2267
f 2405//2405 2403//2403 2390//2390
f 2251//2251 2304//2304 2293//2293
f 2304//2304 2267//2267 2306//2306
f 2293//2293 2306//2306 2263//2263
f 2304//2304 2306//2306 2293//2293
f 2267//2267 2305//2305 2310//2310
f 2305//2305 2256//2256 2308//2308
f 2310//2310 2308//2308 2268//2268
f 2305//2305 2308//2308 2310//2310
f 2263//2263 2309//2309 2294//2294
f 2309//2309 2268//2268 2307//2307
f 2294//2294 2307//2307 2252//2252
f 2309//2309 2307//2307 2294//2294
f 2267//2267 2310//2310 2306//2306
f 2310//2310 2268//2268 2309//2309
f 2306//2306 2309//2309 2263//2263
f 2310//2310 2309//2309 2306//2306
f 2251//2251 2293//2293 2320//2320
f 2293//2293 2263//2263 2322//2322
f 2320//2320 2322//2322 2272//2272
f 2293//2293 2322//2322 2320//2320
f 2263//2263 2294//2294 2325//2325
f 2294//2294 2252//2252 2323//2323
f 2325//2325 2323//2323 2273//2273
f 2294//2294 2323//2323 2325//2325
f 2272//2272 2326//2326 2321//2321
f 2326//2326 2273//2273 2324//2324
f 2321//2321 2324//2324 2258//2258
f 2326//2326 2324//2324 2321//2321
f 2263//2263 2325//2325 2322//2322
f 2325//2325 2273//2273 2326//2326
f 2322//2322 2326//2326 2272//2272
f 2325//2325 2326//2326 2322//2322
f 2251//2251 2320//2320 2371//2371
f 2320//2320 2272//2272 2373//2373
f 2371//2371 2373//2373 2284//2284
f 2320//2320 2373//2373 2371//2371
f 2272//2272 2321//2321 2384//2384
f 2321//2321 2258//2258 2382//2382
f 2384//2384 2382//2382 2287//2287
f 2321//2321 2382//2382 2384//2384
f 2284//2284 2386//2386 2372//2372
f 2386//2386 2287//2287 2383//2383
f 2372//2372 2383//2383 2261//2261
f 2386//2386 2383//2383 2372//2372
f 2272//2272 2384//2384 2373//2373
f 2384//2384 2287//2287 2386//2386
f 2373//2373 2386//2386 2284//2284
f 2384//2384 2386//2386 2373//2373
f 2251//2251 2371//2371 2388//2388
f 2371//2371 2284//2284 2391//2391
f 2388//2388 2391//2391 2288//2288
f 2371//2371 2391//2391 2388//2388
f 2284//2284 2372//2372 2409//2409
f 2372//2372 2261//2261 2407//2407
f 2409//2409 2407//2407 2292//2292
f 2372//2372 2407//2407 2409//2409
f 2288//2288 2411//2411 2389//2389
f 2411//2411 2292//2292 2408//2408
f 2389//2389 2408//2408 2262//2262
f 2411//2411 2408//2408 2389//2389
f 2284//2284 2409//2409 2391//2391
f 2409//2409 2292//2292 2411//2411
f 2391//2391 2411//2411 2288//2288
f 2409//2409 2411//2411 2391//2391
f 2252//2252 2307//2307 2346//2346
f 2307//2307 2268//2268 2348//2348
f 2346//2346 2348//2348 2279//2279
f 2307//2307 2348//2348 2346//2346
f 2268//2268 2308//2308 2361//2361
f 2308//2308 2256//2256 2359//2359
f 2361//2361 2359//2359 2282//2282
f 2308//2308 2359//2359 2361//2361
f 2279//2279 2363//2363 2347//2347
f 2363//2363 2282//2282 2360//2360
f 2347//2347 2360//2360 2260//2260
f 2363//2363 2360//2360 2347//2347
f 2268//2268 2361//2361 2348//2348
f 2361//2361 2282//2282 2363//2363
f 2348//2348 2363//2363 2279//2279
f 2361//2361 2363//2363 2348//2348
f 2256//2256 2401//2401 2312//2312
f 2401//2401 2291//2291 2404//2404
f 2312//2312 2404//2404 2269//2269
f 2401//2401 2404//2404 2312//2312
f 2291//2291 2402//2402 2406//2406
f 2402//2402 2262//2262 2397//2397
f 2406//2406 2397//2397 2290//2290
f 2402//2402 2397//2397 2406//2406
f 2269//2269 2399//2399 2311//2311
f 2399//2399 2290//2290 2396//2396
f 2311//2311 2396//2396 2255//2255
f 2399//2399 2396//2396 2311//2311
f 2291//2291 2406//2406 2404//2404
f 2406//2406 2290//2290 2399//2399
f 2404//2404 2399//2399 2269//2269
f 2406//2406 2399//2399 2404//2404
f 2262//2262 2408//2408 2393//2393
f 2408//2408 2292//2292 2412//2412
f 2393//2393 2412//2412 2289//2289
f 2408//2408 2412//2412 2393//2393
f 2292//2292 2407//2407 2410//2410
f 2407//2407 2261//2261 2375//2375
f 2410//2410 2375//2375 2285//2285
f 2407//2407 2375//2375 2410//2410
f 2289//2289 2395//2395 2392//2392
f 2395//2395 2285//2285 2374//2374
f 2392//2392 2374//2374 2253//2253
f 2395//2395 2374//2374 2392//2392
f 2292//2292 2410//2410 2412//2412
f 2410//2410 2285//2285 2395//2395
f 2412//2412 2395//2395 2289//2289
f 2410//2410 2395//2395 2412//2412
f 2261//2261 2383//2383 2378//2378
f 2383//2383 2287//2287 2387//2387
f 2378//2378 2387//2387 2286//2286
f 2383//2383 2387//2387 2378//2378
f 2287//2287 2382//2382 2385//2385
f 2382//2382 2258//2258 2328//2328
f 2385//2385 2328//2328 2274//2274
f 2382//2382 2328//2328 2385//2385
f 2286//2286 2380//2380 2377//2377
f 2380//2380 2274//2274 2327//2327
f 2377//2377 2327//2327 2257//2257
f 2380//2380 2327//2327 2377//2377
f 2287//2287 2385//2385 2387//2387
f 2385//2385 2274//2274 2380//2380
f 2387//2387 2380//2380 2286//2286
f 2385//2385 2380//2380 2387//2387
f 2258//2258 2324//2324 2340//2340
f 2324//2324 2273//2273 2342//2342
f 2340//2340 2342//2342 2278//2278
f 2324//2324 2342//2342 2340//2340
f 2273//2273 2323//2323 2331//2331
f 2323//2323 2252//2252 2329//2329
f 2331//2331 2329//2329 2275//2275
f 2323//2323 2329//2329 2331//2331
f 2278//2278 2344//2344 2341//2341
f 2344//2344 2275//2275 2330//2330
f 2341//2341 2330//2330 2259//2259
f 2344//2344 2330//2330 2341//2341
f 2273//2273 2331//2331 2342//2342
f 2331//2331 2275//2275 2344//2344
f 2342//2342 2344//2344 2278//2278
f 2331//2331 2344//2344 2342//2342
f 2254//2254 2350//2350 2300//2300
f 2350//2350 2280//2280 2352//2352
f 2300//2300 2352//2352 2266//2266
f 2350//2350 2352//2352 2300//2300
f 2280//2280 2351//2351 2358//2358
f 2351//2351 2260//2260 2355//2355
f 2358//2358 2355//2355 2281//2281
f 2351//2351 2355//2355 2358//2358
f 2266//2266 2356//2356 2301//2301
f 2356//2356 2281//2281 2354//2354
f 2301//2301 2354//2354 2255//2255
f 2356//2356 2354//2354 2301//2301
f 2280//2280 2358//2358 2352//2352
f 2358//2358 2281//2281 2356//2356
f 2352//2352 2356//2356 2266//2266
f 2358//2358 2356//2356 2352//2352
f 2254//2254 2300//2300 2296//2296
f 2300//2300 2266//2266 2302//2302
f 2296//2296 2302//2302 2264//2264
f 2300//2300 2302//2302 2296//2296
f 2266//2266 2301//2301 2303//2303
f 2301//2301 2255//2255 2298//2298
f 2303//2303 2298//2298 2265//2265
f 2301//2301 2298//2298 2303//2303
f 2264//2264 2299//2299 2295//2295
f 2299//2299 2265//2265 2297//2297
f 2295//2295 2297//2297 2253//2253
f 2299//2299 2297//2297 2295//2295
f 2266//2266 2303//2303 2302//2302
f 2303//2303 2265//2265 2299//2299
f 2302//2302 2299//2299 2264//2264
f 2303//2303 2299//2299 2302//2302
f 2254//2254 2296//2296 2316//2316
f 2296//2296 2264//2264 2318//2318
f 2316//2316 2318//2318 2271//2271
f 2296//2296 2318//2318 2316//2316
f 2264//2264 2295//2295 2315//2315
f 2295//2295 2253//2253 2313//2313
f 2315//2315 2313//2313 2270//2270
f 2295//2295 2313//2313 2315//2315
f 2271//2271 2319//2319 2317//2317
f 2319//2319 2270//2270 2314//2314
f 2317//2317 2314//2314 2257//2257
f 2319//2319 2314//2314 2317//2317
f 2264//2264 2315//2315 2318//2318
f 2315//2315 2270//2270 2319//2319
f 2318//2318 2319//2319 2271//2271
f 2315//2315 2319//2319 2318//2318
f 2254//2254 2316//2316 2332//2332
f 2316//2316 2271//2271 2334//2334
f 2332//2332 2334//2334 2276//2276
f 2316//2316 2334//2334 2332//2332
f 2271//2271 2317//2317 2337//2337
f 2317//2317 2257//2257 2335//2335
f 2337//2337 2335//2335 2277//2277
f 2317//2317 2335//2335 2337//2337
f 2276//2276 2339//2339 2333//2333
f 2339//2339 2277//2277 2336//2336
f 2333//2333 2336//2336 2259//2259
f 2339//2339 2336//2336 2333//2333
f 2271//2271 2337//2337 2334//2334
f 2337//2337 2277//2277 2339//2339
f 2334//2334 2339//2339 2276//2276
f 2337//2337 2339//2339 2334//2334
f 2254//2254 2332//2332 2350//2350
f 2332//2332 2276//2276 2353//2353
f 2350//2350 2353//2353 2280//2280
f 2332//2332 2353//2353 2350//2350
f 2276//2276 2333//2333 2368//2368
f 2333//2333 2259//2259 2365//2365
f 2368//2368 2365//2365 2283//2283
f 2333//2333 2365//2365 2368//2368
f 2280//2280 2370//2370 2351//2351
f 2370//2370 2283//2283 2366//2366
f 2351//2351 2366//2366 2260//2260
f 2370//2370 2366//2366 2351//2351
f 2276//2276 2368//2368 2353//2353
f 2368//2368 2283//2283 2370//2370
f 2353//2353 2370//2370 2280//2280
f 2368//2368 2370//2370 2353//2353
f 2255//2255 2354//2354 2311//2311
f 2354//2354 2281//2281 2357//2357
f 2311//2311 2357//2357 2269//2269
f 2354//2354 2357//2357 2311//2311
f 2281//2281 2355//2355 2364//2364
f 2355//2355 2260//2260 2360//2360
f 2364//2364 2360//2360 2282//2282
f 2355//2355 2360//2360 2364//2364
f 2269//2269 2362//2362 2312//2312
f 2362//2362 2282//2282 2359//2359
f 2312//2312 2359//2359 2256//2256
f 2362//2362 2359//2359 2312//2312
f 2281//2281 2364//2364 2357//2357
f 2364//2364 2282//2282 2362//2362
f 2357//2357 2362//2362 2269//2269
f 2364//2364 2362//2362 2357//2357
f 2253//2253 2297//2297 2392//2392
f 2297//2297 2265//2265 2394//2394
f 2392//2392 2394//2394 2289//2289
f 2297//2297 2394//2394 2392//2392
f 2265//2265 2298//2298 2398//2398
f 2298//2298 2255//2255 2396//2396
f 2398//2398 2396//2396 2290//2290
f 2298//2298 2396//2396 2398//2398
f 2289//2289 2400//2400 2393//2393
f 2400//2400 2290//2290 2397//2397
f 2393//2393 2397//2397 2262//2262
f 2400//2400 2397//2397 2393//2393
f 2265//2265 2398//2398 2394//2394
f 2398//2398 2290//2290 2400//2400
f 2394//2394 2400//2400 2289//2289
f 2398//2398 2400//2400 2394//2394
f 2257//2257 2314//2314 2377//2377
f 2314//2314 2270//2270 2379//2379
f 2377//2377 2379//2379 2286//2286
f 2314//2314 2379//2379 2377//2377
f 2270//2270 2313//2313 2376//2376
f 2313//2313 2253//2253 2374//2374
f 2376//2376 2374//2374 2285//2285
f 2313//2313 2374//2374 2376//2376
f 2286//2286 2381//2381 2378//2378
f 2381//2381 2285//2285 2375//2375
f 2378//2378 2375//2375 2261//2261
f 2381//2381 2375//2375 2378//2378
f 2270//2270 2376//2376 2379//2379
f 2376//2376 2285//2285 2381//2381
f 2379//2379 2381//2381 2286//2286
f 2376//2376 2381//2381 2379//2379
f 2259//2259 2336//2336 2341//2341
f 2336//2336 2277//2277 2345//2345
f 2341//2341 2345//2345 2278//2278
f 2336//2336 2345//2345 2341//2341
f 2277//2277 2335//2335 2338//2338
f 2335//2335 2257//2257 2327//2327
f 2338//2338 2327//2327 2274//2274
f 2335//2335 2327//2327 2338//2338
f 2278//2278 2343//2343 2340//2340
f 2343//2343 2274//2274 2328//2328
f 2340//2340 2328//2328 2258//2258
f 2343//2343 2328//2328 2340//2340
f 2277//2277 2338//2338 2345//2345
f 2338//2338 2274//2274 2343//2343
f 2345//2345 2343//2343 2278//2278
f 2338//2338 2343//2343 2345//2345
f 2260//2260 2366//2366 2347//2347
f 2366//2366 2283//2283 2369//2369
f 2347//2347 2369//2369 2279//2279
f 2366//2366 2369//2369 2347//2347
f 2283//2283 2365//2365 2367//2367
f 2365//2365 2259//2259 2330//2330
f 2367//2367 2330//2330 2275//2275
f 2365//2365 2330//2330 2367//2367
f 2279//2279 2349//2349 2346//2346
f 2349//2349 2275//2275 2329//2329
f 2346//2346 2329//2329 2252//2252
f 2349//2349 2329//2329 2346//2346
f 2283//2283 2367//2367 2369//2369
f 2367//2367 2275//2275 2349//2349
f 2369//2369 2349//2349 2279//2279
f 2367//2367 2349//2349 2369//2369
o Pupil_R
g Pupil_R
usemtl PenguinPupil
v 16.7165 -4.4942 56.8000
v 18.0835 -4.4942 56.8000
v 16.7165 -6.7058 56.8000
v 18.0835 -6.7058 56.8000
v 17.4000 -6.2835 57.9058
v 17.4000 -4.9165 57.9058
v 17.4000 -6.2835 55.6942
v 17.4000 -4.9165 55.6942
v 18.5058 -5.6000 56.1165
v 18.5058 -5.6000 57.4835
v 16.2942 -5.6000 56.1165
v 16.2942 -5.6000 57.4835
v 17.4000 -4.3000 56.8000
v 17.4000 -6.9000 56.8000
v 16.9983 -6.6517 57.4500
v 17.8017 -6.6517 57.4500
v 16.9983 -4.5483 57.4500
v 17.8017 -4.5483 57.4500
v 17.4000 -5.6000 58.1000
v 16.9983 -6.6517 56.1500
v 17.8017 -6.6517 56.1500
v 16.9983 -4.5483 56.1500
v 17.8017 -4.5483 56.1500
v 17.4000 -5.6000 55.5000
v 18.4517 -4.9500 56.3983
v 18.4517 -6.2500 56.3983
v 18.0500 -6.0017 55.7483
v 18.0500 -5.1983 55.7483
v 18.4517 -4.9500 57.2017
v 18.4517 -6.2500 57.2017
v 18.0500 -6.0017 57.8517
v 18.0500 -5.1983 57.8517
v 18.7000 -5.6000 56.8000
v 16.3483 -4.9500 56.3983
v 16.3483 -6.2500 56.3983
v 16.7500 -6.0017 55.7483
v 16.7500 -5.1983 55.7483
v 16.3483 -4.9500 57.2017
v 16.3483 -6.2500 57.2017
v 16.7500 -6.0017 57.8517
v 16.7500 -5.1983 57.8517
v 16.1000 -5.6000 56.8000
v 17.0448 -4.3495 56.8000
v 17.7552 -4.3495 56.8000
v 17.0448 -6.8505 56.8000
v 17.7552 -6.8505 56.8000
v 16.8359 -6.7215 57.1379
v 17.1912 -6.5019 57.7127
v 17.1888 -6.8364 57.1417
v 17.9641 -6.7215 57.1379
v 17.6088 -6.5019 57.7127
v 17.6112 -6.8364 57.1417
v 17.4000 -6.7058 57.4835
v 16.8359 -4.4785 57.1379
v 17.1912 -4.6981 57.7127
v 17.1888 -4.3636 57.1417
v 17.9641 -4.4785 57.1379
v 17.6088 -4.6981 57.7127
v 17.6112 -4.3636 57.1417
v 17.4000 -4.4942 57.4835
v 17.4000 -5.9552 58.0505
v 17.4000 -5.2448 58.0505
v 16.8359 -6.7215 56.4621
v 17.1912 -6.5019 55.8873
v 17.1888 -6.8364 56.4583
v 17.9641 -6.7215 56.4621
v 17.6088 -6.5019 55.8873
v 17.6112 -6.8364 56.4583
v 17.4000 -6.7058 56.1165
v 16.8359 -4.4785 56.4621
v 17.1912 -4.6981 55.8873
v 17.1888 -4.3636 56.4583
v 17.9641 -4.4785 56.4621
v 17.6088 -4.6981 55.8873
v 17.6112 -4.3636 56.4583
v 17.4000 -4.4942 56.1165
v 17.4000 -5.9552 55.5495
v 17.4000 -5.2448 55.5495
v 18.3019 -4.6873 56.5912
v 18.5215 -5.2621 56.2359
v 18.1641 -4.7054 56.2471
v 18.3019 -6.5127 56.5912
v 18.5215 -5.9379 56.2359
v 18.1641 -6.4946 56.2471
v 17.7379 -6.1641 55.6785
v 18.3127 -5.8088 55.8981
v 17.9529 -6.3641 55.9054
v 17.7417 -5.8112 55.5636
v 18.2946 -6.1529 56.0359
v 17.7379 -5.0359 55.6785
v 18.3127 -5.3912 55.8981
v 17.9529 -4.8359 55.9054
v 17.7417 -5.3888 55.5636
v 18.2946 -5.0471 56.0359
v 18.0835 -5.6000 55.6942
v 18.3019 -4.6873 57.0088
v 18.5215 -5.2621 57.3641
v 18.1641 -4.7054 57.3529
v 18.5058 -4.9165 56.8000
v 18.3019 -6.5127 57.0088
v 18.5215 -5.9379 57.3641
v 18.1641 -6.4946 57.3529
v 18.5058 -6.2835 56.8000
v 17.7379 -6.1641 57.9215
v 18.3127 -5.8088 57.7019
v 17.9529 -6.3641 57.6946
v 17.7417 -5.8112 58.0364
v 18.2946 -6.1529 57.5641
v 17.7379 -5.0359 57.9215
v 18.3127 -5.3912 57.7019
v 17.9529 -4.8359 57.6946
v 17.7417 -5.3888 58.0364
v 18.2946 -5.0471 57.5641
v 18.0835 -5.6000 57.9058
v 18.6505 -5.6000 56.4448
v 18.6505 -5.6000 57.1552
v 18.6364 -5.2583 56.5888
v 18.6364 -5.9417 56.5888
v 18.6364 -5.2583 57.0112
v 18.6364 -5.9417 57.0112
v 16.4981 -4.6873 56.5912
v 16.2785 -5.2621 56.2359
v 16.6359 -4.7054 56.2471
v 16.4981 -6.5127 56.5912
v 16.2785 -5.9379 56.2359
v 16.6359 -6.4946 56.2471
v 17.0621 -6.1641 55.6785
v 16.4873 -5.8088 55.8981
v 16.8471 -6.3641 55.9054
v 17.0583 -5.8112 55.5636
v 16.5054 -6.1529 56.0359
v 17.0621 -5.0359 55.6785
v 16.4873 -5.3912 55.8981
v 16.8471 -4.8359 55.9054
v 17.0583 -5.3888 55.5636
v 16.5054 -5.0471 56.0359
v 16.7165 -5.6000 55.6942
v 16.4981 -4.6873 57.0088
v 16.2785 -5.2621 57.3641
v 16.6359 -4.7054 57.3529
v 16.2942 -4.9165 56.8000
v 16.4981 -6.5127 57.0088
v 16.2785 -5.9379 57.3641
v 16.6359 -6.4946 57.3529
v 16.2942 -6.2835 56.8000
v 17.0621 -6.1641 57.9215
v 16.4873 -5.8088 57.7019
v 16.8471 -6.3641 57.6946
v 17.0583 -5.8112 58.0364
v 16.5054 -6.1529 57.5641
v 17.0621 -5.0359 57.9215
v 16.4873 -5.3912 57.7019
v 16.8471 -4.8359 57.6946
v 17.0583 -5.3888 58.0364
v 16.5054 -5.0471 57.5641
v 16.7165 -5.6000 57.9058
v 16.1495 -5.6000 56.4448
v 16.1495 -5.6000 57.1552
v 16.1636 -5.2583 56.5888
v 16.1636 -5.9417 56.5888
v 16.1636 -5.2583 57.0112
v 16.1636 -5.9417 57.0112
vn -0.5257 0.8507 0.0000
vn 0.5257 0.8507 0.0000
vn -0.5257 -0.8507 0.0000
vn 0.5257 -0.8507 0.0000
vn -0.0000 -0.5257 0.8507
vn 0.0000 0.5257 0.8507
vn -0.0000 -0.5257 -0.8507
vn 0.0000 0.5257 -0.8507
vn 0.8507 -0.0000 -0.5257
vn 0.8507 0.0000 0.5257
vn -0.8507 0.0000 -0.5257
vn -0.8507 -0.0000 0.5257
vn 0.0000 1.0000 0.0000
vn 0.0000 -1.0000 0.0000
vn -0.3090 -0.8090 0.5000
vn 0.3090 -0.8090 0.5000
vn -0.3090 0.8090 0.5000
vn 0.3090 0.8090 0.5000
vn 0.0000 0.0000 1.0000
vn -0.3090 -0.8090 -0.5000
vn 0.3090 -0.8090 -0.5000
vn -0.3090 0.8090 -0.5000
vn 0.3090 0.8090 -0.5000
vn 0.0000 0.0000 -1.0000
vn 0.8090 0.5000 -0.3090
vn 0.8090 -0.5000 -0.3090
vn 0.5000 -0.3090 -0.8090
vn 0.5000 0.3090 -0.8090
vn 0.8090 0.5000 0.3090
vn 0.8090 -0.5000 0.3090
vn 0.5000 -0.3090 0.8090
vn 0.5000 0.3090 0.8090
vn 1.0000 -0.0000 -0.0000
vn -0.8090 0.5000 -0.3090
vn -0.8090 -0.5000 -0.3090
vn -0.5000 -0.3090 -0.8090
vn -0.5000 0.3090 -0.8090
vn -0.8090 0.5000 0.3090
vn -0.8090 -0.5000 0.3090
vn -0.5000 -0.3090 0.8090
vn -0.5000 0.3090 0.8090
vn -1.0000 0.0000 -0.0000
vn -0.2752 0.9614 0.0000
vn 0.2752 0.9614 0.0000
vn -0.2752 -0.9614 0.0000
vn 0.2752 -0.9614 0.0000
vn -0.4347 -0.8628 0.2580
vn -0.1595 -0.6927 0.7034
vn -0.1536 -0.9510 0.2683
vn 0.4347 -0.8628 0.2580
vn 0.1595 -0.6927 0.7034
vn 0.1536 -0.9510 0.2683
vn -0.0000 -0.8561 0.5169
vn -0.4347 0.8628 0.2580
vn -0.1595 0.6927 0.7034
vn -0.1536 0.9510 0.2683
vn 0.4347 0.8628 0.2580
vn 0.1595 0.6927 0.7034
vn 0.1536 0.9510 0.2683
vn 0.0000 0.8561 0.5169
vn 0.0000 -0.2752 0.9614
vn -0.0000 0.2752 0.9614
vn -0.4347 -0.8628 -0.2580
vn -0.1595 -0.6927 -0.7034
vn -0.1536 -0.9510 -0.2683
vn 0.4347 -0.8628 -0.2580
vn 0.1595 -0.6927 -0.7034
vn 0.1536 -0.9510 -0.2683
vn 0.0000 -0.8561 -0.5169
vn -0.4347 0.8628 -0.2580
vn -0.1595 0.6927 -0.7034
vn -0.1536 0.9510 -0.2683
vn 0.4347 0.8628 -0.2580
vn 0.1595 0.6927 -0.7034
vn 0.1536 0.9510 -0.2683
vn 0.0000 0.8561 -0.5169
vn 0.0000 -0.2752 -0.9614
vn -0.0000 0.2752 -0.9614
vn 0.6927 0.7034 -0.1595
vn 0.8628 0.2580 -0.4347
vn 0.5878 0.6827 -0.4341
vn 0.6927 -0.7034 -0.1595
vn 0.8628 -0.2580 -0.4347
vn 0.5878 -0.6827 -0.4341
vn 0.2580 -0.4347 -0.8628
vn 0.7034 -0.1595 -0.6927
vn 0.4341 -0.5878 -0.6827
vn 0.2683 -0.1536 -0.9510
vn 0.6827 -0.4341 -0.5878
vn 0.2580 0.4347 -0.8628
vn 0.7034 0.1595 -0.6927
vn 0.4341 0.5878 -0.6827
vn 0.2683 0.1536 -0.9510
vn 0.6827 0.4341 -0.5878
vn 0.5169 -0.0000 -0.8561
vn 0.6927 0.7034 0.1595
vn 0.8628 0.2580 0.4347
vn 0.5878 0.6827 0.4341
vn 0.8561 0.5169 0.0000
vn 0.6927 -0.7034 0.1595
vn 0.8628 -0.2580 0.4347
vn 0.5878 -0.6827 0.4341
vn 0.8561 -0.5169 0.0000
vn 0.2580 -0.4347 0.8628
vn 0.7034 -0.1595 0.6927
vn 0.4341 -0.5878 0.6827
vn 0.2683 -0.1536 0.9510
vn 0.6827 -0.4341 0.5878
vn 0.2580 0.4347 0.8628
vn 0.7034 0.1595 0.6927
vn 0.4341 0.5878 0.6827
vn 0.2683 0.1536 0.9510
vn 0.6827 0.4341 0.5878
vn 0.5169 -0.0000 0.8561
vn 0.9614 0.0000 -0.2752
vn 0.9614 -0.0000 0.2752
vn 0.9510 0.2683 -0.1536
vn 0.9510 -0.2683 -0.1536
vn 0.9510 0.2683 0.1536
vn 0.9510 -0.2683 0.1536
vn -0.6927 0.7034 -0.1595
vn -0.8628 0.2580 -0.4347
vn -0.5878 0.6827 -0.4341
vn -0.6927 -0.7034 -0.1595
vn -0.8628 -0.2580 -0.4347
vn -0.5878 -0.6827 -0.4341
vn -0.2580 -0.4347 -0.8628
vn -0.7034 -0.1595 -0.6927
vn -0.4341 -0.5878 -0.6827
vn -0.2683 -0.1536 -0.9510
vn -0.6827 -0.4341 -0.5878
vn -0.2580 0.4347 -0.8628
vn -0.7034 0.1595 -0.6927
vn -0.4341 0.5878 -0.6827
vn -0.2683 0.1536 -0.9510
vn -0.6827 0.4341 -0.5878
vn -0.5169 0.0000 -0.8561
vn -0.6927 0.7034 0.1595
vn -0.8628 0.2580 0.4347
vn -0.5878 0.6827 0.4341
vn -0.8561 0.5169 0.0000
vn -0.6927 -0.7034 0.1595
vn -0.8628 -0.2580 0.4347
vn -0.5878 -0.6827 0.4341
vn -0.8561 -0.5169 0.0000
vn -0.2580 -0.4347 0.8628
vn -0.7034 -0.1595 0.6927
vn -0.4341 -0.5878 0.6827
vn -0.2683 -0.1536 0.9510
vn -0.6827 -0.4341 0.5878
vn -0.2580 0.4347 0.8628
vn -0.7034 0.1595 0.6927
vn -0.4341 0.5878 0.6827
vn -0.2683 0.1536 0.9510
vn -0.6827 0.4341 0.5878
vn -0.5169 0.0000 0.8561
vn -0.9614 0.0000 -0.2752
vn -0.9614 0.0000 0.2752
vn -0.9510 0.2683 -0.1536
vn -0.9510 -0.2683 -0.1536
vn -0.9510 0.2683 0.1536
vn -0.9510 -0.2683 0.1536
f 2413//2413 2550//2550 2466//2466
f 2550//2550 2450//2450 2552//2552
f 2466//2466 2552//2552 2429//2429
f 2550//2550 2552//2552 2466//2466
f 2450//2450 2551//2551 2567//2567
f 2551//2551 2424//2424 2564//2564
f 2567//2567 2564//2564 2453//2453
f 2551//2551 2564//2564 2567//2567
f 2429//2429 2565//2565 2467//2467
f 2565//2565 2453//2453 2563//2563
f 2467//2467 2563//2563 2418//2418
f 2565//2565 2563//2563 2467//2467
f 2450//2450 2567//2567 2552//2552
f 2567//2567 2453//2453 2565//2565
f 2552//2552 2565//2565 2429//2429
f 2567//2567 2565//2565 2552//2552
f 2413//2413 2466//2466 2455//2455
f 2466//2466 2429//2429 2468//2468
f 2455//2455 2468//2468 2425//2425
f 2466//2466 2468//2468 2455//2455
f 2429//2429 2467//2467 2472//2472
f 2467//2467 2418//2418 2470//2470
f 2472//2472 2470//2470 2430//2430
f 2467//2467 2470//2470 2472//2472
f 2425//2425 2471//2471 2456//2456
f 2471//2471 2430//2430 2469//2469
f 2456//2456 2469//2469 2414//2414
f 2471//2471 2469//2469 2456//2456
f 2429//2429 2472//2472 2468//2468
f 2472//2472 2430//2430 2471//2471
f 2468//2468 2471//2471 2425//2425
f 2472//2472 2471//2471 2468//2468
f 2413//2413 2455//2455 2482//2482
f 2455//2455 2425//2425 2484//2484
f 2482//2482 2484//2484 2434//2434
f 2455//2455 2484//2484 2482//2482
f 2425//2425 2456//2456 2487//2487
f 2456//2456 2414//2414 2485//2485
f 2487//2487 2485//2485 2435//2435
f 2456//2456 2485//2485 2487//2487
f 2434//2434 2488//2488 2483//2483
f 2488//2488 2435//2435 2486//2486
f 2483//2483 2486//2486 2420//2420
f 2488//2488 2486//2486 2483//2483
f 2425//2425 2487//2487 2484//2484
f 2487//2487 2435//2435 2488//2488
f 2484//2484 2488//2488 2434//2434
f 2487//2487 2488//2488 2484//2484
f 2413//2413 2482//2482 2533//2533
f 2482//2482 2434//2434 2535//2535
f 2533//2533 2535//2535 2446//2446
f 2482//2482 2535//2535 2533//2533
f 2434//2434 2483//2483 2546//2546
f 2483//2483 2420//2420 2544//2544
f 2546//2546 2544//2544 2449//2449
f 2483//2483 2544//2544 2546//2546
f 2446//2446 2548//2548 2534//2534
f 2548//2548 2449//2449 2545//2545
f 2534//2534 2545//2545 2423//2423
f 2548//2548 2545//2545 2534//2534
f 2434//2434 2546//2546 2535//2535
f 2546//2546 2449//2449 2548//2548
f 2535//2535 2548//2548 2446//2446
f 2546//2546 2548//2548 2535//2535
f 2413//2413 2533//2533 2550//2550
f 2533//2533 2446//2446 2553//2553
f 2550//2550 2553//2553 2450//2450
f 2533//2533 2553//2553 2550//2550
f 2446//2446 2534//2534 2571//2571
f 2534//2534 2423//2423 2569//2569
f 2571//2571 2569//2569 2454//2454
f 2534//2534 2569//2569 2571//2571
f 2450//2450 2573//2573 2551//2551
f 2573//2573 2454//2454 2570//2570
f 2551//2551 2570//2570 2424//2424
f 2573//2573 2570//2570 2551//2551
f 2446//2446 2571//2571 2553//2553
f 2571//2571 2454//2454 2573//2573
f 2553//2553 2573//2573 2450//2450
f 2571//2571 2573//2573 2553//2553
f 2414//2414 2469//2469 2508//2508
f 2469//2469 2430//2430 2510//2510
f 2508//2508 2510//2510 2441//2441
f 2469//2469 2510//2510 2508//2508
f 2430//2430 2470//2470 2523//2523
f 2470//2470 2418//2418 2521//2521
f 2523//2523 2521//2521 2444//2444
f 2470//2470 2521//2521 2523//2523
f 2441//2441 2525//2525 2509//2509
f 2525//2525 2444//2444 2522//2522
f 2509//2509 2522//2522 2422//2422
f 2525//2525 2522//2522 2509//2509
f 2430//2430 2523//2523 2510//2510
f 2523//2523 2444//2444 2525//2525
f 2510//2510 2525//2525 2441//2441
f 2523//2523 2525//2525 2510//2510
f 2418//2418 2563//2563 2474//2474
f 2563//2563 2453//2453 2566//2566
f 2474//2474 2566//2566 2431//2431
f 2563//2563 2566//2566 2474//2474
f 2453//2453 2564//2564 2568//2568
f 2564//2564 2424//2424 2559//2559
f 2568//2568 2559//2559 2452//2452
f 2564//2564 2559//2559 2568//2568
f 2431//2431 2561//2561 2473//2473
f 2561//2561 2452//2452 2558//2558
f 2473//2473 2558//2558 2417//2417
f 2561//2561 2558//2558 2473//2473
f 2453//2453 2568//2568 2566//2566
f 2568//2568 2452//2452 2561//2561
f 2566//2566 2561//2561 2431//2431
f 2568//2568 2561//2561 2566//2566
f 2424//2424 2570//2570 2555//2555
f 2570//2570 2454//2454 2574//2574
f 2555//2555 2574//2574 2451//2451
f 2570//2570 2574//2574 2555//2555
f 2454//2454 2569//2569 2572//2572
f 2569//2569 2423//2423 2537//2537
f 2572//2572 2537//2537 2447//2447
f 2569//2569 2537//2537 2572//2572
f 2451//2451 2557//2557 2554//2554
f 2557//2557 2447//2447 2536//2536
f 2554//2554 2536//2536 2415//2415
f 2557//2557 2536//2536 2554//2554
f 2454//2454 2572//2572 2574//2574
f 2572//2572 2447//2447 2557//2557
f 2574//2574 2557//2557 2451//2451
f 2572//2572 2557//2557 2574//2574
f 2423//2423 2545//2545 2540//2540
f 2545//2545 2449//2449 2549//2549
f 2540//2540 2549//2549 2448//2448
f 2545//2545 2549//2549 2540//2540
f 2449//2449 2544//2544 2547//2547
f 2544//2544 2420//2420 2490//2490
f 2547//2547 2490//2490 2436//2436
f 2544//2544 2490//2490 2547//2547
f 2448//2448 2542//2542 2539//2539
f 2542//2542 2436//2436 2489//2489
f 2539//2539 2489//2489 2419//2419
f 2542//2542 2489//2489 2539//2539
f 2449//2449 2547//2547 2549//2549
f 2547//2547 2436//2436 2542//2542
f 2549//2549 2542//2542 2448//2448
f 2547//2547 2542//2542 2549//2549
f 2420//2420 2486//2486 2502//2502
f 2486//2486 2435//2435 2504//2504
f 2502//2502 2504//2504 2440//2440
f 2486//2486 2504//2504 2502//2502
f 2435//2435 2485//2485 2493//2493
f 2485//2485 2414//2414 2491//2491
f 2493//2493 2491//2491 2437//2437
f 2485//2485 2491//2491 2493//2493
f 2440//2440 2506//2506 2503//2503
f 2506//2506 2437//2437 2492//2492
f 2503//2503 2492//2492 2421//2421
f 2506//2506 2492//2492 2503//2503
f 2435//2435 2493//2493 2504//2504
f 2493//2493 2437//2437 2506//2506
f 2504//2504 2506//2506 2440//2440
f 2493//2493 2506//2506 2504//2504
f 2416//2416 2512//2512 2462//2462
f 2512//2512 2442//2442 2514//2514
f 2462//2462 2514//2514 2428//2428
f 2512//2512 2514//2514 2462//2462
f 2442//2442 2513//2513 2520//2520
f 2513//2513 2422//2422 2517//2517
f 2520//2520 2517//2517 2443//2443
f 2513//2513 2517//2517 2520//2520
f 2428//2428 2518//2518 2463//2463
f 2518//2518 2443//2443 2516//2516
f 2463//2463 2516//2516 2417//2417
f 2518//2518 2516//2516 2463//2463
f 2442//2442 2520//2520 2514//2514
f 2520//2520 2443//2443 2518//2518
f 2514//2514 2518//2518 2428//2428
f 2520//2520 2518//2518 2514//2514
f 2416//2416 2462//2462 2458//2458
f 2462//2462 2428//2428 2464//2464
f 2458//2458 2464//2464 2426//2426
f 2462//2462 2464//2464 2458//2458
f 2428//2428 2463//2463 2465//2465
f 2463//2463 2417//2417 2460//2460
f 2465//2465 2460//2460 2427//2427
f 2463//2463 2460//2460 2465//2465
f 2426//2426 2461//2461 2457//2457
f 2461//2461 2427//2427 2459//2459
f 2457//2457 2459//2459 2415//2415
f 2461//2461 2459//2459 2457//2457
f 2428//2428 2465//2465 2464//2464
f 2465//2465 2427//2427 2461//2461
f 2464//2464 2461//2461 2426//2426
f 2465//2465 2461//2461 2464//2464
f 2416//2416 2458//2458 2478//2478
f 2458//2458 2426//2426 2480//2480
f 2478//2478 2480//2480 2433//2433
f 2458//2458 2480//2480 2478//2478
f 2426//2426 2457//2457 2477//2477
f 2457//2457 2415//2415 2475//2475
f 2477//2477 2475//2475 2432//2432
f 2457//2457 2475//2475 2477//2477
f 2433//2433 2481//2481 2479//2479
f 2481//2481 2432//2432 2476//2476
f 2479//2479 2476//2476 2419//2419
f 2481//2481 2476//2476 2479//2479
f 2426//2426 2477//2477 2480//2480
f 2477//2477 2432//2432 2481//2481
f 2480//2480 2481//2481 2433//2433
f 2477//2477 2481//2481 2480//2480
f 2416//2416 2478//2478 2494//2494
f 2478//2478 2433//2433 2496//2496
f 2494//2494 2496//2496 2438//2438
f 2478//2478 2496//2496 2494//2494
f 2433//2433 2479//2479 2499//2499
f 2479//2479 2419//2419 2497//2497
f 2499//2499 2497//2497 2439//2439
f 2479//2479 2497//2497 2499//2499
f 2438//2438 2501//2501 2495//2495
f 2501//2501 2439//2439 2498//2498
f 2495//2495 2498//2498 2421//2421
f 2501//2501 2498//2498 2495//2495
f 2433//2433 2499//2499 2496//2496
f 2499//2499 2439//2439 2501//2501
f 2496//2496 2501//2501 2438//2438
f 2499//2499 2501//2501 2496//2496
f 2416//2416 2494//2494 2512//2512
f 2494//2494 2438//2438 2515//2515
f 2512//2512 2515//2515 2442//2442
f 2494//2494 2515//2515 2512//2512
f 2438//2438 2495//2495 2530//2530
f 2495//2495 2421//2421 2527//2527
f 2530//2530 2527//2527 2445//2445
f 2495//2495 2527//2527 2530//2530
f 2442//2442 2532//2532 2513//2513
f 2532//2532 2445//2445 2528//2528
f 2513//2513 2528//2528 2422//2422
f 2532//2532 2528//2528 2513//2513
f 2438//2438 2530//2530 2515//2515
f 2530//2530 2445//2445 2532//2532
f 2515//2515 2532//2532 2442//2442
f 2530//2530 2532//2532 2515//2515
f 2417//2417 2516//2516 2473//2473
f 2516//2516 2443//2443 2519//2519
f 2473//2473 2519//2519 2431//2431
f 2516//2516 2519//2519 2473//2473
f 2443//2443 2517//2517 2526//2526
f 2517//2517 2422//2422 2522//2522
f 2526//2526 2522//2522 2444//2444
f 2517//2517 2522//2522 2526//2526
f 2431//2431 2524//2524 2474//2474
f 2524//2524 2444//2444 2521//2521
f 2474//2474 2521//2521 2418//2418
f 2524//2524 2521//2521 2474//2474
f 2443//2443 2526//2526 2519//2519
f 2526//2526 2444//2444 2524//2524
f 2519//2519 2524//2524 2431//2431
f 2526//2526 2524//2524 2519//2519
f 2415//2415 2459//2459 2554//2554
f 2459//2459 2427//2427 2556//2556
f 2554//2554 2556//2556 2451//2451
f 2459//2459 2556//2556 2554//2554
f 2427//2427 2460//2460 2560//2560
f 2460//2460 2417//2417 2558//2558
f 2560//2560 2558//2558 2452//2452
f 2460//2460 2558//2558 2560//2560
f 2451//2451 2562//2562 2555//2555
f 2562//2562 2452//2452 2559//2559
f 2555//2555 2559//2559 2424//2424
f 2562//2562 2559//2559 2555//2555
f 2427//2427 2560//2560 2556//2556
f 2560//2560 2452//2452 2562//2562
f 2556//2556 2562//2562 2451//2451
f 2560//2560 2562//2562 2556//2556
f 2419//2419 2476//2476 2539//2539
f 2476//2476 2432//2432 2541//2541
f 2539//2539 2541//2541 2448//2448
f 2476//2476 2541//2541 2539//2539
f 2432//2432 2475//2475 2538//2538
f 2475//2475 2415//2415 2536//2536
f 2538//2538 2536//2536 2447//2447
f 2475//2475 2536//2536 2538//2538
f 2448//2448 2543//2543 2540//2540
f 2543//2543 2447//2447 2537//2537
f 2540//2540 2537//2537 2423//2423
f 2543//2543 2537//2537 2540//2540
f 2432//2432 2538//2538 2541//2541
f 2538//2538 2447//2447 2543//2543
f 2541//2541 2543//2543 2448//2448
f 2538//2538 2543//2543 2541//2541
f 2421//2421 2498//2498 2503//2503
f 2498//2498 2439//2439 2507//2507
f 2503//2503 2507//2507 2440//2440
f 2498//2498 2507//2507 2503//2503
f 2439//2439 2497//2497 2500//2500
f 2497//2497 2419//2419 2489//2489
f 2500//2500 2489//2489 2436//2436
f 2497//2497 2489//2489 2500//2500
f 2440//2440 2505//2505 2502//2502
f 2505//2505 2436//2436 2490//2490
f 2502//2502 2490//2490 2420//2420
f 2505//2505 2490//2490 2502//2502
f 2439//2439 2500//2500 2507//2507
f 2500//2500 2436//2436 2505//2505
f 2507//2507 2505//2505 2440//2440
f 2500//2500 2505//2505 2507//2507
f 2422//2422 2528//2528 2509//2509
f 2528//2528 2445//2445 2531//2531
f 2509//2509 2531//2531 2441//2441
f 2528//2528 2531//2531 2509//2509
f 2445//2445 2527//2527 2529//2529
f 2527//2527 2421//2421 2492//2492
f 2529//2529 2492//2492 2437//2437
f 2527//2527 2492//2492 2529//2529
f 2441//2441 2511//2511 2508//2508
f 2511//2511 2437//2437 2491//2491
f 2508//2508 2491//2491 2414//2414
f 2511//2511 2491//2491 2508//2508
f 2445//2445 2529//2529 2531//2531
f 2529//2529 2437//2437 2511//2511
f 2531//2531 2511//2511 2441//2441
f 2529//2529 2511//2511 2531//2531
o Eye_L
g Eye_L
usemtl PenguinEye
v 14.0331 7.6117 56.5000
v 16.7669 7.6117 56.5000
v 14.0331 3.1883 56.5000
v 16.7669 3.1883 56.5000
v 15.4000 4.0331 58.7117
v 15.4000 6.7669 58.7117
v 15.4000 4.0331 54.2883
v 15.4000 6.7669 54.2883
v 17.6117 5.4000 55.1331
v 17.6117 5.4000 57.8669
v 13.1883 5.4000 55.1331
v 13.1883 5.4000 57.8669
v 15.4000 8.0000 56.5000
v 15.4000 2.8000 56.5000
v 14.5966 3.2966 57.8000
v 16.2034 3.2966 57.8000
v 14.5966 7.5034 57.8000
v 16.2034 7.5034 57.8000
v 15.4000 5.4000 59.1000
v 14.5966 3.2966 55.2000
v 16.2034 3.2966 55.2000
v 14.5966 7.5034 55.2000
v 16.2034 7.5034 55.2000
v 15.4000 5.4000 53.9000
v 17.5034 6.7000 55.6966
v 17.5034 4.1000 55.6966
v 16.7000 4.5966 54.3966
v 16.7000 6.2034 54.3966
v 17.5034 6.7000 57.3034
v 17.5034 4.1000 57.3034
v 16.7000 4.5966 58.6034
v 16.7000 6.2034 58.6034
v 18.0000 5.4000 56.5000
v 13.2966 6.7000 55.6966
v 13.2966 4.1000 55.6966
v 14.1000 4.5966 54.3966
v 14.1000 6.2034 54.3966
v 13.2966 6.7000 57.3034
v 13.2966 4.1000 57.3034
v 14.1000 4.5966 58.6034
v 14.1000 6.2034 58.6034
v 12.8000 5.4000 56.5000
v 14.6895 7.9010 56.5000
v 16.1105 7.9010 56.5000
v 14.6895 2.8990 56.5000
v 16.1105 2.8990 56.5000
v 14.2719 3.1571 57.1757
v 14.9824 3.5962 58.3253
v 14.9776 2.9273 57.1835
v 16.5281 3.1571 57.1757
v 15.8176 3.5962 58.3253
v 15.8224 2.9273 57.1835
v 15.4000 3.1883 57.8669
v 14.2719 7.6429 57.1757
v 14.9824 7.2038 58.3253
v 14.9776 7.8727 57.1835
v 16.5281 7.6429 57.1757
v 15.8176 7.2038 58.3253
v 15.8224 7.8727 57.1835
v 15.4000 7.6117 57.8669
v 15.4000 4.6895 59.0010
v 15.4000 6.1105 59.0010
v 14.2719 3.1571 55.8243
v 14.9824 3.5962 54.6747
v 14.9776 2.9273 55.8165
v 16.5281 3.1571 55.8243
v 15.8176 3.5962 54.6747
v 15.8224 2.9273 55.8165
v 15.4000 3.1883 55.1331
v 14.2719 7.6429 55.8243
v 14.9824 7.2038 54.6747
v 14.9776 7.8727 55.8165
v 16.5281 7.6429 55.8243
v 15.8176 7.2038 54.6747
v 15.8224 7.8727 55.8165
v 15.4000 7.6117 55.1331
v 15.4000 4.6895 53.9990
v 15.4000 6.1105 53.9990
v 17.2038 7.2253 56.0824
v 17.6429 6.0757 55.3719
v 16.9282 7.1893 55.3942
v 17.2038 3.5747 56.0824
v 17.6429 4.7243 55.3719
v 16.9282 3.6107 55.3942
v 16.0757 4.2719 54.2571
v 17.2253 4.9824 54.6962
v 16.5058 3.8718 54.7107
v 16.0835 4.9776 54.0273
v 17.1893 4.2942 54.9718
v 16.0757 6.5281 54.2571
v 17.2253 5.8176 54.6962
v 16.5058 6.9282 54.7107
v 16.0835 5.8224 54.0273
v 17.1893 6.5058 54.9718
v 16.7669 5.4000 54.2883
v 17.2038 7.2253 56.9176
v 17.6429 6.0757 57.6281
v 16.9282 7.1893 57.6058
v 17.6117 6.7669 56.5000
v 17.2038 3.5747 56.9176
v 17.6429 4.7243 57.6281
v 16.9282 3.6107 57.6058
v 17.6117 4.0331 56.5000
v 16.0757 4.2719 58.7429
v 17.2253 4.9824 58.3038
v 16.5058 3.8718 58.2893
v 16.0835 4.9776 58.9727
v 17.1893 4.2942 58.0282
v 16.0757 6.5281 58.7429
v 17.2253 5.8176 58.3038
v 16.5058 6.9282 58.2893
v 16.0835 5.8224 58.9727
v 17.1893 6.5058 58.0282
v 16.7669 5.4000 58.7117
v 17.9010 5.4000 55.7895
v 17.9010 5.4000 57.2105
v 17.8727 6.0835 56.0776
v 17.8727 4.7165 56.0776
v 17.8727 6.0835 56.9224
v 17.8727 4.7165 56.9224
v 13.5962 7.2253 56.0824
v 13.1571 6.0757 55.3719
v 13.8718 7.1893 55.3942
v 13.5962 3.5747 56.0824
v 13.1571 4.7243 55.3719
v 13.8718 3.6107 55.3942
v 14.7243 4.2719 54.2571
v 13.5747 4.9824 54.6962
v 14.2942 3.8718 54.7107
v 14.7165 4.9776 54.0273
v 13.6107 4.2942 54.9718
v 14.7243 6.5281 54.2571
v 13.5747 5.8176 54.6962
v 14.2942 6.9282 54.7107
v 14.7165 5.8224 54.0273
v 13.6107 6.5058 54.9718
v 14.0331 5.4000 54.2883
v 13.5962 7.2253 56.9176
v 13.1571 6.0757 57.6281
v 13.8718 7.1893 57.6058
v 13.1883 6.7669 56.5000
v 13.5962 3.5747 56.9176
v 13.1571 4.7243 57.6281
v 13.8718 3.6107 57.6058
v 13.1883 4.0331 56.5000
v 14.7243 4.2719 58.7429
v 13.5747 4.9824 58.3038
v 14.2942 3.8718 58.2893
v 14.7165 4.9776 58.9727
v 13.6107 4.2942 58.0282
v 14.7243 6.5281 58.7429
v 13.5747 5.8176 58.3038
v 14.2942 6.9282 58.2893
v 14.7165 5.8224 58.9727
v 13.6107 6.5058 58.0282
v 14.0331 5.4000 58.7117
v 12.8990 5.4000 55.7895
v 12.8990 5.4000 57.2105
v 12.9273 6.0835 56.0776
v 12.9273 4.7165 56.0776
v 12.9273 6.0835 56.9224
v 12.9273 4.7165 56.9224
vn -0.5257 0.8507 0.0000
vn 0.5257 0.8507 -0.0000
vn -0.5257 -0.8507 0.0000
vn 0.5257 -0.8507 0.0000
vn -0.0000 -0.5257 0.8507
vn 0.0000 0.5257 0.8507
vn -0.0000 -0.5257 -0.8507
vn 0.0000 0.5257 -0.8507
vn 0.8507 0.0000 -0.5257
vn 0.8507 -0.0000 0.5257
vn -0.8507 -0.0000 -0.5257
vn -0.8507 0.0000 0.5257
vn 0.0000 1.0000 0.0000
vn 0.0000 -1.0000 0.0000
vn -0.3090 -0.8090 0.5000
vn 0.3090 -0.8090 0.5000
vn -0.3090 0.8090 0.5000
vn 0.3090 0.8090 0.5000
vn 0.0000 0.0000 1.0000
vn -0.3090 -0.8090 -0.5000
vn 0.3090 -0.8090 -0.5000
vn -0.3090 0.8090 -0.5000
vn 0.3090 0.8090 -0.5000
vn 0.0000 0.0000 -1.0000
vn 0.8090 0.5000 -0.3090
vn 0.8090 -0.5000 -0.3090
vn 0.5000 -0.3090 -0.8090
vn 0.5000 0.3090 -0.8090
vn 0.8090 0.5000 0.3090
vn 0.8090 -0.5000 0.3090
vn 0.5000 -0.3090 0.8090
vn 0.5000 0.3090 0.8090
vn 1.0000 0.0000 -0.0000
vn -0.8090 0.5000 -0.3090
vn -0.8090 -0.5000 -0.3090
vn -0.5000 -0.3090 -0.8090
vn -0.5000 0.3090 -0.8090
vn -0.8090 0.5000 0.3090
vn -0.8090 -0.5000 0.3090
vn -0.5000 -0.3090 0.8090
vn -0.5000 0.3090 0.8090
vn -1.0000 0.0000 -0.0000
vn -0.2752 0.9614 0.0000
vn 0.2752 0.9614 0.0000
vn -0.2752 -0.9614 0.0000
vn 0.2752 -0.9614 -0.0000
vn -0.4347 -0.8628 0.2580
vn -0.1595 -0.6927 0.7034
vn -0.1536 -0.9510 0.2683
vn 0.4347 -0.8628 0.2580
vn 0.1595 -0.6927 0.7034
vn 0.1536 -0.9510 0.2683
vn 0.0000 -0.8561 0.5169
vn -0.4347 0.8628 0.2580
vn -0.1595 0.6927 0.7034
vn -0.1536 0.9510 0.2683
vn 0.4347 0.8628 0.2580
vn 0.1595 0.6927 0.7034
vn 0.1536 0.9510 0.2683
vn 0.0000 0.8561 0.5169
vn -0.0000 -0.2752 0.9614
vn 0.0000 0.2752 0.9614
vn -0.4347 -0.8628 -0.2580
vn -0.1595 -0.6927 -0.7034
vn -0.1536 -0.9510 -0.2683
vn 0.4347 -0.8628 -0.2580
vn 0.1595 -0.6927 -0.7034
vn 0.1536 -0.9510 -0.2683
vn 0.0000 -0.8561 -0.5169
vn -0.4347 0.8628 -0.2580
vn -0.1595 0.6927 -0.7034
vn -0.1536 0.9510 -0.2683
vn 0.4347 0.8628 -0.2580
vn 0.1595 0.6927 -0.7034
vn 0.1536 0.9510 -0.2683
vn -0.0000 0.8561 -0.5169
vn 0.0000 -0.2752 -0.9614
vn 0.0000 0.2752 -0.9614
vn 0.6927 0.7034 -0.1595
vn 0.8628 0.2580 -0.4347
vn 0.5878 0.6827 -0.4341
vn 0.6927 -0.7034 -0.1595
vn 0.8628 -0.2580 -0.4347
vn 0.5878 -0.6827 -0.4341
vn 0.2580 -0.4347 -0.8628
vn 0.7034 -0.1595 -0.6927
vn 0.4341 -0.5878 -0.6827
vn 0.2683 -0.1536 -0.9510
vn 0.6827 -0.4341 -0.5878
vn 0.2580 0.4347 -0.8628
vn 0.7034 0.1595 -0.6927
vn 0.4341 0.5878 -0.6827
vn 0.2683 0.1536 -0.9510
vn 0.6827 0.4341 -0.5878
vn 0.5169 0.0000 -0.8561
vn 0.6927 0.7034 0.1595
vn 0.8628 0.2580 0.4347
vn 0.5878 0.6827 0.4341
vn 0.8561 0.5169 0.0000
vn 0.6927 -0.7034 0.1595
vn 0.8628 -0.2580 0.4347
vn 0.5878 -0.6827 0.4341
vn 0.8561 -0.5169 0.0000
vn 0.2580 -0.4347 0.8628
vn 0.7034 -0.1595 0.6927
vn 0.4341 -0.5878 0.6827
vn 0.2683 -0.1536 0.9510
vn 0.6827 -0.4341 0.5878
vn 0.2580 0.4347 0.8628
vn 0.7034 0.1595 0.6927
vn 0.4341 0.5878 0.6827
vn 0.2683 0.1536 0.9510
vn 0.6827 0.4341 0.5878
vn 0.5169 0.0000 0.8561
vn 0.9614 0.0000 -0.2752
vn 0.9614 -0.0000 0.2752
vn 0.9510 0.2683 -0.1536
vn 0.9510 -0.2683 -0.1536
vn 0.9510 0.2683 0.1536
vn 0.9510 -0.2683 0.1536
vn -0.6927 0.7034 -0.1595
vn -0.8628 0.2580 -0.4347
vn -0.5878 0.6827 -0.4341
vn -0.6927 -0.7034 -0.1595
vn -0.8628 -0.2580 -0.4347
vn -0.5878 -0.6827 -0.4341
vn -0.2580 -0.4347 -0.8628
vn -0.7034 -0.1595 -0.6927
vn -0.4341 -0.5878 -0.6827
vn -0.2683 -0.1536 -0.9510
vn -0.6827 -0.4341 -0.5878
vn -0.2580 0.4347 -0.8628
vn -0.7034 0.1595 -0.6927
vn -0.4341 0.5878 -0.6827
vn -0.2683 0.1536 -0.9510
vn -0.6827 0.4341 -0.5878
vn -0.5169 -0.0000 -0.8561
vn -0.6927 0.7034 0.1595
vn -0.8628 0.2580 0.4347
vn -0.5878 0.6827 0.4341
vn -0.8561 0.5169 0.0000
vn -0.6927 -0.7034 0.1595
vn -0.8628 -0.2580 0.4347
vn -0.5878 -0.6827 0.4341
vn -0.8561 -0.5169 0.0000
vn -0.2580 -0.4347 0.8628
vn -0.7034 -0.1595 0.6927
vn -0.4341 -0.5878 0.6827
vn -0.2683 -0.1536 0.9510
vn -0.6827 -0.4341 0.5878
vn -0.2580 0.4347 0.8628
vn -0.7034 0.1595 0.6927
vn -0.4341 0.5878 0.6827
vn -0.2683 0.1536 0.9510
vn -0.6827 0.4341 0.5878
vn -0.5169 -0.0000 0.8561
vn -0.9614 -0.0000 -0.2752
vn -0.9614 0.0000 0.2752
vn -0.9510 0.2683 -0.1536
vn -0.9510 -0.2683 -0.1536
vn -0.9510 0.2683 0.1536
vn -0.9510 -0.2683 0.1536
f 2575//2575 2712//2712 2628//2628
f 2712//2712 2612//2612 2714//2714
f 2628//2628 2714//2714 2591//2591
f 2712//2712 2714//2714 2628//2628
f 2612//2612 2713//2713 2729//2729
f 2713//2713 2586//2586 2726//2726
f 2729//2729 2726//2726 2615//2615
f 2713//2713 2726//2726 2729//2729
f 2591//2591 2727//2727 2629//2629
f 2727//2727 2615//2615 2725//2725
f 2629//2629 2725//2725 2580//2580
f 2727//2727 2725//2725 2629//2629
f 2612//2612 2729//2729 2714//2714
f 2729//2729 2615//2615 2727//2727
f 2714//2714 2727//2727 2591//2591
f 2729//2729 2727//2727 2714//2714
f 2575//2575 2628//2628 2617//2617
f 2628//2628 2591//2591 2630//2630
f 2617//2617 2630//2630 2587//2587
f 2628//2628 2630//2630 2617//2617
f 2591//2591 2629//2629 2634//2634
f 2629//2629 2580//2580 2632//2632
f 2634//2634 2632//2632 2592//2592
f 2629//2629 2632//2632 2634//2634
f 2587//2587 2633//2633 2618//2618
f 2633//2633 2592//2592 2631//2631
f 2618//2618 2631//2631 2576//2576
f 2633//2633 2631//2631 2618//2618
f 2591//2591 2634//2634 2630//2630
f 2634//2634 2592//2592 2633//2633
f 2630//2630 2633//2633 2587//2587
f 2634//2634 2633//2633 2630//2630
f 2575//2575 2617//2617 2644//2644
f 2617//2617 2587//2587 2646//2646
f 2644//2644 2646//2646 2596//2596
f 2617//2617 2646//2646 2644//2644
f 2587//2587 2618//2618 2649//2649
f 2618//2618 2576//2576 2647//2647
f 2649//2649 2647//2647 2597//2597
f 2618//2618 2647//2647 2649//2649
f 2596//2596 2650//2650 2645//2645
f 2650//2650 2597//2597 2648//2648
f 2645//2645 2648//2648 2582//2582
f 2650//2650 2648//2648 2645//2645
f 2587//2587 2649//2649 2646//2646
f 2649//2649 2597//2597 2650//2650
f 2646//2646 2650//2650 2596//2596
f 2649//2649 2650//2650 2646//2646
f 2575//2575 2644//2644 2695//2695
f 2644//2644 2596//2596 2697//2697
f 2695//2695 2697//2697 2608//2608
f 2644//2644 2697//2697 2695//2695
f 2596//2596 2645//2645 2708//2708
f 2645//2645 2582//2582 2706//2706
f 2708//2708 2706//2706 2611//2611
f 2645//2645 2706//2706 2708//2708
f 2608//2608 2710//2710 2696//2696
f 2710//2710 2611//2611 2707//2707
f 2696//2696 2707//2707 2585//2585
f 2710//2710 2707//2707 2696//2696
f 2596//2596 2708//2708 2697//2697
f 2708//2708 2611//2611 2710//2710
f 2697//2697 2710//2710 2608//2608
f 2708//2708 2710//2710 2697//2697
f 2575//2575 2695//2695 2712//2712
f 2695//2695 2608//2608 2715//2715
f 2712//2712 2715//2715 2612//2612
f 2695//2695 2715//2715 2712//2712
f 2608//2608 2696//2696 2733//2733
f 2696//2696 2585//2585 2731//2731
f 2733//2733 2731//2731 2616//2616
f 2696//2696 2731//2731 2733//2733
f 2612//2612 2735//2735 2713//2713
f 2735//2735 2616//2616 2732//2732
f 2713//2713 2732//2732 2586//2586
f 2735//2735 2732//2732 2713//2713
f 2608//2608 2733//2733 2715//2715
f 2733//2733 2616//2616 2735//2735
f 2715//2715 2735//2735 2612//2612
f 2733//2733 2735//2735 2715//2715
f 2576//2576 2631//2631 2670//2670
f 2631//2631 2592//2592 2672//2672
f 2670//2670 2672//2672 2603//2603
f 2631//2631 2672//2672 2670//2670
f 2592//2592 2632//2632 2685//2685
f 2632//2632 2580//2580 2683//2683
f 2685//2685 2683//2683 2606//2606
f 2632//2632 2683//2683 2685//2685
f 2603//2603 2687//2687 2671//2671
f 2687//2687 2606//2606 2684//2684
f 2671//2671 2684//2684 2584//2584
f 2687//2687 2684//2684 2671//2671
f 2592//2592 2685//2685 2672//2672
f 2685//2685 2606//2606 2687//2687
f 2672//2672 2687//2687 2603//2603
f 2685//2685 2687//2687 2672//2672
f 2580//2580 2725//2725 2636//2636
f 2725//2725 2615//2615 2728//2728
f 2636//2636 2728//2728 2593//2593
f 2725//2725 2728//2728 2636//2636
f 2615//2615 2726//2726 2730//2730
f 2726//2726 2586//2586 2721//2721
f 2730//2730 2721//2721 2614//2614
f 2726//2726 2721//2721 2730//2730
f 2593//2593 2723//2723 2635//2635
f 2723//2723 2614//2614 2720//2720
f 2635//2635 2720//2720 2579//2579
f 2723//2723 2720//2720 2635//2635
f 2615//2615 2730//2730 2728//2728
f 2730//2730 2614//2614 2723//2723
f 2728//2728 2723//2723 2593//2593
f 2730//2730 2723//2723 2728//2728
f 2586//2586 2732//2732 2717//2717
f 2732//2732 2616//2616 2736//2736
f 2717//2717 2736//2736 2613//2613
f 2732//2732 2736//2736 2717//2717
f 2616//2616 2731//2731 2734//2734
f 2731//2731 2585//2585 2699//2699
f 2734//2734 2699//2699 2609//2609
f 2731//2731 2699//2699 2734//2734
f 2613//2613 2719//2719 2716//2716
f 2719//2719 2609//2609 2698//2698
f 2716//2716 2698//2698 2577//2577
f 2719//2719 2698//2698 2716//2716
f 2616//2616 2734//2734 2736//2736
f 2734//2734 2609//2609 2719//2719
f 2736//2736 2719//2719 2613//2613
f 2734//2734 2719//2719 2736//2736
f 2585//2585 2707//2707 2702//2702
f 2707//2707 2611//2611 2711//2711
f 2702//2702 2711//2711 2610//2610
f 2707//2707 2711//2711 2702//2702
f 2611//2611 2706//2706 2709//2709
f 2706//2706 2582//2582 2652//2652
f 2709//2709 2652//2652 2598//2598
f 2706//2706 2652//2652 2709//2709
f 2610//2610 2704//2704 2701//2701
f 2704//2704 2598//2598 2651//2651
f 2701//2701 2651//2651 2581//2581
f 2704//2704 2651//2651 2701//2701
f 2611//2611 2709//2709 2711//2711
f 2709//2709 2598//2598 2704//2704
f 2711//2711 2704//2704 2610//2610
f 2709//2709 2704//2704 2711//2711
f 2582//2582 2648//2648 2664//2664
f 2648//2648 2597//2597 2666//2666
f 2664//2664 2666//2666 2602//2602
f 2648//2648 2666//2666 2664//2664
f 2597//2597 2647//2647 2655//2655
f 2647//2647 2576//2576 2653//2653
f 2655//2655 2653//2653 2599//2599
f 2647//2647 2653//2653 2655//2655
f 2602//2602 2668//2668 2665//2665
f 2668//2668 2599//2599 2654//2654
f 2665//2665 2654//2654 2583//2583
f 2668//2668 2654//2654 2665//2665
f 2597//2597 2655//2655 2666//2666
f 2655//2655 2599//2599 2668//2668
f 2666//2666 2668//2668 2602//2602
f 2655//2655 2668//2668 2666//2666
f 2578//2578 2674//2674 2624//2624
f 2674//2674 2604//2604 2676//2676
f 2624//2624 2676//2676 2590//2590
f 2674//2674 2676//2676 2624//2624
f 2604//2604 2675//2675 2682//2682
f 2675//2675 2584//2584 2679//2679
f 2682//2682 2679//2679 2605//2605
f 2675//2675 2679//2679 2682//2682
f 2590//2590 2680//2680 2625//2625
f 2680//2680 2605//2605 2678//2678
f 2625//2625 2678//2678 2579//2579
f 2680//2680 2678//2678 2625//2625
f 2604//2604 2682//2682 2676//2676
f 2682//2682 2605//2605 2680//2680
f 2676//2676 2680//2680 2590//2590
f 2682//2682 2680//2680 2676//2676
f 2578//2578 2624//2624 2620//2620
f 2624//2624 2590//2590 2626//2626
f 2620//2620 2626//2626 2588//2588
f 2624//2624 2626//2626 2620//2620
f 2590//2590 2625//2625 2627//2627
f 2625//2625 2579//2579 2622//2622
f 2627//2627 2622//2622 2589//2589
f 2625//2625 2622//2622 2627//2627
f 2588//2588 2623//2623 2619//2619
f 2623//2623 2589//2589 2621//2621
f 2619//2619 2621//2621 2577//2577
f 2623//2623 2621//2621 2619//2619
f 2590//2590 2627//2627 2626//2626
f 2627//2627 2589//2589 2623//2623
f 2626//2626 2623//2623 2588//2588
f 2627//2627 2623//2623 2626//2626
f 2578//2578 2620//2620 2640//2640
f 2620//2620 2588//2588 2642//2642
f 2640//2640 2642//2642 2595//2595
f 2620//2620 2642//2642 2640//2640
f 2588//2588 2619//2619 2639//2639
f 2619//2619 2577//2577 2637//2637
f 2639//2639 2637//2637 2594//2594
f 2619//2619 2637//2637 2639//2639
f 2595//2595 2643//2643 2641//2641
f 2643//2643 2594//2594 2638//2638
f 2641//2641 2638//2638 2581//2581
f 2643//2643 2638//2638 2641//2641
f 2588//2588 2639//2639 2642//2642
f 2639//2639 2594//2594 2643//2643
f 2642//2642 2643//2643 2595//2595
f 2639//2639 2643//2643 2642//2642
f 2578//2578 2640//2640 2656//2656
f 2640//2640 2595//2595 2658//2658
f 2656//2656 2658//2658 2600//2600
f 2640//2640 2658//2658 2656//2656
f 2595//2595 2641//2641 2661//2661
f 2641//2641 2581//2581 2659//2659
f 2661//2661 2659//2659 2601//2601
f 2641//2641 2659//2659 2661//2661
f 2600//2600 2663//2663 2657//2657
f 2663//2663 2601//2601 2660//2660
f 2657//2657 2660//2660 2583//2583
f 2663//2663 2660//2660 2657//2657
f 2595//2595 2661//2661 2658//2658
f 2661//2661 2601//2601 2663//2663
f 2658//2658 2663//2663 2600//2600
f 2661//2661 2663//2663 2658//2658
f 2578//2578 2656//2656 2674//2674
f 2656//2656 2600//2600 2677//2677
f 2674//2674 2677//2677 2604//2604
f 2656//2656 2677//2677 2674//2674
f 2600//2600 2657//2657 2692//2692
f 2657//2657 2583//2583 2689//2689
f 2692//2692 2689//2689 2607//2607
f 2657//2657 2689//2689 2692//2692
f 2604//2604 2694//2694 2675//2675
f 2694//2694 2607//2607 2690//2690
f 2675//2675 2690//2690 2584//2584
f 2694//2694 2690//2690 2675//2675
f 2600//2600 2692//2692 2677//2677
f 2692//2692 2607//2607 2694//2694
f 2677//2677 2694//2694 2604//2604
f 2692//2692 2694//2694 2677//2677
f 2579//2579 2678//2678 2635//2635
f 2678//2678 2605//2605 2681//2681
f 2635//2635 2681//2681 2593//2593
f 2678//2678 2681//2681 2635//2635
f 2605//2605 2679//2679 2688//2688
f 2679//2679 2584//2584 2684//2684
f 2688//2688 2684//2684 2606//2606
f 2679//2679 2684//2684 2688//2688
f 2593//2593 2686//2686 2636//2636
f 2686//2686 2606//2606 2683//2683
f 2636//2636 2683//2683 2580//2580
f 2686//2686 2683//2683 2636//2636
f 2605//2605 2688//2688 2681//2681
f 2688//2688 2606//2606 2686//2686
f 2681//2681 2686//2686 2593//2593
f 2688//2688 2686//2686 2681//2681
f 2577//2577 2621//2621 2716//2716
f 2621//2621 2589//2589 2718//2718
f 2716//2716 2718//2718 2613//2613
f 2621//2621 2718//2718 2716//2716
f 2589//2589 2622//2622 2722//2722
f 2622//2622 2579//2579 2720//2720
f 2722//2722 2720//2720 2614//2614
f 2622//2622 2720//2720 2722//2722
f 2613//2613 2724//2724 2717//2717
f 2724//2724 2614//2614 2721//2721
f 2717//2717 2721//2721 2586//2586
f 2724//2724 2721//2721 2717//2717
f 2589//2589 2722//2722 2718//2718
f 2722//2722 2614//2614 2724//2724
f 2718//2718 2724//2724 2613//2613
f 2722//2722 2724//2724 2718//2718
f 2581//2581 2638//2638 2701//2701
f 2638//2638 2594//2594 2703//2703
f 2701//2701 2703//2703 2610//2610
f 2638//2638 2703//2703 2701//2701
f 2594//2594 2637//2637 2700//2700
f 2637//2637 2577//2577 2698//2698
f 2700//2700 2698//2698 2609//2609
f 2637//2637 2698//2698 2700//2700
f 2610//2610 2705//2705 2702//2702
f 2705//2705 2609//2609 2699//2699
f 2702//2702 2699//2699 2585//2585
f 2705//2705 2699//2699 2702//2702
f 2594//2594 2700//2700 2703//2703
f 2700//2700 2609//2609 2705//2705
f 2703//2703 2705//2705 2610//2610
f 2700//2700 2705//2705 2703//2703
f 2583//2583 2660//2660 2665//2665
f 2660//2660 2601//2601 2669//2669
f 2665//2665 2669//2669 2602//2602
f 2660//2660 2669//2669 2665//2665
f 2601//2601 2659//2659 2662//2662
f 2659//2659 2581//2581 2651//2651
f 2662//2662 2651//2651 2598//2598
f 2659//2659 2651//2651 2662//2662
f 2602//2602 2667//2667 2664//2664
f 2667//2667 2598//2598 2652//2652
f 2664//2664 2652//2652 2582//2582
f 2667//2667 2652//2652 2664//2664
f 2601//2601 2662//2662 2669//2669
f 2662//2662 2598//2598 2667//2667
f 2669//2669 2667//2667 2602//2602
f 2662//2662 2667//2667 2669//2669
f 2584//2584 2690//2690 2671//2671
f 2690//2690 2607//2607 2693//2693
f 2671//2671 2693//2693 2603//2603
f 2690//2690 2693//2693 2671//2671
f 2607//2607 2689//2689 2691//2691
f 2689//2689 2583//2583 2654//2654
f 2691//2691 2654//2654 2599//2599
f 2689//2689 2654//2654 2691//2691
f 2603//2603 2673//2673 2670//2670
f 2673//2673 2599//2599 2653//2653
f 2670//2670 2653//2653 2576//2576
f 2673//2673 2653//2653 2670//2670
f 2607//2607 2691//2691 2693//2693
f 2691//2691 2599//2599 2673//2673
f 2693//2693 2673//2673 2603//2603
f 2691//2691 2673//2673 2693//2693
o Pupil_L
g Pupil_L
usemtl PenguinPupil
v 16.7165 6.7058 56.8000
v 18.0835 6.7058 56.8000
v 16.7165 4.4942 56.8000
v 18.0835 4.4942 56.8000
v 17.4000 4.9165 57.9058
v 17.4000 6.2835 57.9058
v 17.4000 4.9165 55.6942
v 17.4000 6.2835 55.6942
v 18.5058 5.6000 56.1165
v 18.5058 5.6000 57.4835
v 16.2942 5.6000 56.1165
v 16.2942 5.6000 57.4835
v 17.4000 6.9000 56.8000
v 17.4000 4.3000 56.8000
v 16.9983 4.5483 57.4500
v 17.8017 4.5483 57.4500
v 16.9983 6.6517 57.4500
v 17.8017 6.6517 57.4500
v 17.4000 5.6000 58.1000
v 16.9983 4.5483 56.1500
v 17.8017 4.5483 56.1500
v 16.9983 6.6517 56.1500
v 17.8017 6.6517 56.1500
v 17.4000 5.6000 55.5000
v 18.4517 6.2500 56.3983
v 18.4517 4.9500 56.3983
v 18.0500 5.1983 55.7483
v 18.0500 6.0017 55.7483
v 18.4517 6.2500 57.2017
v 18.4517 4.9500 57.2017
v 18.0500 5.1983 57.8517
v 18.0500 6.0017 57.8517
v 18.7000 5.6000 56.8000
v 16.3483 6.2500 56.3983
v 16.3483 4.9500 56.3983
v 16.7500 5.1983 55.7483
v 16.7500 6.0017 55.7483
v 16.3483 6.2500 57.2017
v 16.3483 4.9500 57.2017
v 16.7500 5.1983 57.8517
v 16.7500 6.0017 57.8517
v 16.1000 5.6000 56.8000
v 17.0448 6.8505 56.8000
v 17.7552 6.8505 56.8000
v 17.0448 4.3495 56.8000
v 17.7552 4.3495 56.8000
v 16.8359 4.4785 57.1379
v 17.1912 4.6981 57.7127
v 17.1888 4.3636 57.1417
v 17.9641 4.4785 57.1379
v 17.6088 4.6981 57.7127
v 17.6112 4.3636 57.1417
v 17.4000 4.4942 57.4835
v 16.8359 6.7215 57.1379
v 17.1912 6.5019 57.7127
v 17.1888 6.8364 57.1417
v 17.9641 6.7215 57.1379
v 17.6088 6.5019 57.7127
v 17.6112 6.8364 57.1417
v 17.4000 6.7058 57.4835
v 17.4000 5.2448 58.0505
v 17.4000 5.9552 58.0505
v 16.8359 4.4785 56.4621
v 17.1912 4.6981 55.8873
v 17.1888 4.3636 56.4583
v 17.9641 4.4785 56.4621
v 17.6088 4.6981 55.8873
v 17.6112 4.3636 56.4583
v 17.4000 4.4942 56.1165
v 16.8359 6.7215 56.4621
v 17.1912 6.5019 55.8873
v 17.1888 6.8364 56.4583
v 17.9641 6.7215 56.4621
v 17.6088 6.5019 55.8873
v 17.6112 6.8364 56.4583
v 17.4000 6.7058 56.1165
v 17.4000 5.2448 55.5495
v 17.4000 5.9552 55.5495
v 18.3019 6.5127 56.5912
v 18.5215 5.9379 56.2359
v 18.1641 6.4946 56.2471
v 18.3019 4.6873 56.5912
v 18.5215 5.2621 56.2359
v 18.1641 4.7054 56.2471
v 17.7379 5.0359 55.6785
v 18.3127 5.3912 55.8981
v 17.9529 4.8359 55.9054
v 17.7417 5.3888 55.5636
v 18.2946 5.0471 56.0359
v 17.7379 6.1641 55.6785
v 18.3127 5.8088 55.8981
v 17.9529 6.3641 55.9054
v 17.7417 5.8112 55.5636
v 18.2946 6.1529 56.0359
v 18.0835 5.6000 55.6942
v 18.3019 6.5127 57.0088
v 18.5215 5.9379 57.3641
v 18.1641 6.4946 57.3529
v 18.5058 6.2835 56.8000
v 18.3019 4.6873 57.0088
v 18.5215 5.2621 57.3641
v 18.1641 4.7054 57.3529
v 18.5058 4.9165 56.8000
v 17.7379 5.0359 57.9215
v 18.3127 5.3912 57.7019
v 17.9529 4.8359 57.6946
v 17.7417 5.3888 58.0364
v 18.2946 5.0471 57.5641
v 17.7379 6.1641 57.9215
v 18.3127 5.8088 57.7019
v 17.9529 6.3641 57.6946
v 17.7417 5.8112 58.0364
v 18.2946 6.1529 57.5641
v 18.0835 5.6000 57.9058
v 18.6505 5.6000 56.4448
v 18.6505 5.6000 57.1552
v 18.6364 5.9417 56.5888
v 18.6364 5.2583 56.5888
v 18.6364 5.9417 57.0112
v 18.6364 5.2583 57.0112
v 16.4981 6.5127 56.5912
v 16.2785 5.9379 56.2359
v 16.6359 6.4946 56.2471
v 16.4981 4.6873 56.5912
v 16.2785 5.2621 56.2359
v 16.6359 4.7054 56.2471
v 17.0621 5.0359 55.6785
v 16.4873 5.3912 55.8981
v 16.8471 4.8359 55.9054
v 17.0583 5.3888 55.5636
v 16.5054 5.0471 56.0359
v 17.0621 6.1641 55.6785
v 16.4873 5.8088 55.8981
v 16.8471 6.3641 55.9054
v 17.0583 5.8112 55.5636
v 16.5054 6.1529 56.0359
v 16.7165 5.6000 55.6942
v 16.4981 6.5127 57.0088
v 16.2785 5.9379 57.3641
v 16.6359 6.4946 57.3529
v 16.2942 6.2835 56.8000
v 16.4981 4.6873 57.0088
v 16.2785 5.2621 57.3641
v 16.6359 4.7054 57.3529
v 16.2942 4.9165 56.8000
v 17.0621 5.0359 57.9215
v 16.4873 5.3912 57.7019
v 16.8471 4.8359 57.6946
v 17.0583 5.3888 58.0364
v 16.5054 5.0471 57.5641
v 17.0621 6.1641 57.9215
v 16.4873 5.8088 57.7019
v 16.8471 6.3641 57.6946
v 17.0583 5.8112 58.0364
v 16.5054 6.1529 57.5641
v 16.7165 5.6000 57.9058
v 16.1495 5.6000 56.4448
v 16.1495 5.6000 57.1552
v 16.1636 5.9417 56.5888
v 16.1636 5.2583 56.5888
v 16.1636 5.9417 57.0112
v 16.1636 5.2583 57.0112
vn -0.5257 0.8507 0.0000
vn 0.5257 0.8507 0.0000
vn -0.5257 -0.8507 0.0000
vn 0.5257 -0.8507 0.0000
vn -0.0000 -0.5257 0.8507
vn 0.0000 0.5257 0.8507
vn -0.0000 -0.5257 -0.8507
vn 0.0000 0.5257 -0.8507
vn 0.8507 -0.0000 -0.5257
vn 0.8507 0.0000 0.5257
vn -0.8507 0.0000 -0.5257
vn -0.8507 -0.0000 0.5257
vn 0.0000 1.0000 0.0000
vn 0.0000 -1.0000 0.0000
vn -0.3090 -0.8090 0.5000
vn 0.3090 -0.8090 0.5000
vn -0.3090 0.8090 0.5000
vn 0.3090 0.8090 0.5000
vn 0.0000 0.0000 1.0000
vn -0.3090 -0.8090 -0.5000
vn 0.3090 -0.8090 -0.5000
vn -0.3090 0.8090 -0.5000
vn 0.3090 0.8090 -0.5000
vn 0.0000 0.0000 -1.0000
vn 0.8090 0.5000 -0.3090
vn 0.8090 -0.5000 -0.3090
vn 0.5000 -0.3090 -0.8090
vn 0.5000 0.3090 -0.8090
vn 0.8090 0.5000 0.3090
vn 0.8090 -0.5000 0.3090
vn 0.5000 -0.3090 0.8090
vn 0.5000 0.3090 0.8090
vn 1.0000 -0.0000 -0.0000
vn -0.8090 0.5000 -0.3090
vn -0.8090 -0.5000 -0.3090
vn -0.5000 -0.3090 -0.8090
vn -0.5000 0.3090 -0.8090
vn -0.8090 0.5000 0.3090
vn -0.8090 -0.5000 0.3090
vn -0.5000 -0.3090 0.8090
vn -0.5000 0.3090 0.8090
vn -1.0000 0.0000 -0.0000
vn -0.2752 0.9614 0.0000
vn 0.2752 0.9614 0.0000
vn -0.2752 -0.9614 0.0000
vn 0.2752 -0.9614 0.0000
vn -0.4347 -0.8628 0.2580
vn -0.1595 -0.6927 0.7034
vn -0.1536 -0.9510 0.2683
vn 0.4347 -0.8628 0.2580
vn 0.1595 -0.6927 0.7034
vn 0.1536 -0.9510 0.2683
vn -0.0000 -0.8561 0.5169
vn -0.4347 0.8628 0.2580
vn -0.1595 0.6927 0.7034
vn -0.1536 0.9510 0.2683
vn 0.4347 0.8628 0.2580
vn 0.1595 0.6927 0.7034
vn 0.1536 0.9510 0.2683
vn 0.0000 0.8561 0.5169
vn 0.0000 -0.2752 0.9614
vn -0.0000 0.2752 0.9614
vn -0.4347 -0.8628 -0.2580
vn -0.1595 -0.6927 -0.7034
vn -0.1536 -0.9510 -0.2683
vn 0.4347 -0.8628 -0.2580
vn 0.1595 -0.6927 -0.7034
vn 0.1536 -0.9510 -0.2683
vn 0.0000 -0.8561 -0.5169
vn -0.4347 0.8628 -0.2580
vn -0.1595 0.6927 -0.7034
vn -0.1536 0.9510 -0.2683
vn 0.4347 0.8628 -0.2580
vn 0.1595 0.6927 -0.7034
vn 0.1536 0.9510 -0.2683
vn 0.0000 0.8561 -0.5169
vn 0.0000 -0.2752 -0.9614
vn -0.0000 0.2752 -0.9614
vn 0.6927 0.7034 -0.1595
vn 0.8628 0.2580 -0.4347
vn 0.5878 0.6827 -0.4341
vn 0.6927 -0.7034 -0.1595
vn 0.8628 -0.2580 -0.4347
vn 0.5878 -0.6827 -0.4341
vn 0.2580 -0.4347 -0.8628
vn 0.7034 -0.1595 -0.6927
vn 0.4341 -0.5878 -0.6827
vn 0.2683 -0.1536 -0.9510
vn 0.6827 -0.4341 -0.5878
vn 0.2580 0.4347 -0.8628
vn 0.7034 0.1595 -0.6927
vn 0.4341 0.5878 -0.6827
vn 0.2683 0.1536 -0.9510
vn 0.6827 0.4341 -0.5878
vn 0.5169 -0.0000 -0.8561
vn 0.6927 0.7034 0.1595
vn 0.8628 0.2580 0.4347
vn 0.5878 0.6827 0.4341
vn 0.8561 0.5169 0.0000
vn 0.6927 -0.7034 0.1595
vn 0.8628 -0.2580 0.4347
vn 0.5878 -0.6827 0.4341
vn 0.8561 -0.5169 0.0000
vn 0.2580 -0.4347 0.8628
vn 0.7034 -0.1595 0.6927
vn 0.4341 -0.5878 0.6827
vn 0.2683 -0.1536 0.9510
vn 0.6827 -0.4341 0.5878
vn 0.2580 0.4347 0.8628
vn 0.7034 0.1595 0.6927
vn 0.4341 0.5878 0.6827
vn 0.2683 0.1536 0.9510
vn 0.6827 0.4341 0.5878
vn 0.5169 -0.0000 0.8561
vn 0.9614 0.0000 -0.2752
vn 0.9614 -0.0000 0.2752
vn 0.9510 0.2683 -0.1536
vn 0.9510 -0.2683 -0.1536
vn 0.9510 0.2683 0.1536
vn 0.9510 -0.2683 0.1536
vn -0.6927 0.7034 -0.1595
vn -0.8628 0.2580 -0.4347
vn -0.5878 0.6827 -0.4341
vn -0.6927 -0.7034 -0.1595
vn -0.8628 -0.2580 -0.4347
vn -0.5878 -0.6827 -0.4341
vn -0.2580 -0.4347 -0.8628
vn -0.7034 -0.1595 -0.6927
vn -0.4341 -0.5878 -0.6827
vn -0.2683 -0.1536 -0.9510
vn -0.6827 -0.4341 -0.5878
vn -0.2580 0.4347 -0.8628
vn -0.7034 0.1595 -0.6927
vn -0.4341 0.5878 -0.6827
vn -0.2683 0.1536 -0.9510
vn -0.6827 0.4341 -0.5878
vn -0.5169 0.0000 -0.8561
vn -0.6927 0.7034 0.1595
vn -0.8628 0.2580 0.4347
vn -0.5878 0.6827 0.4341
vn -0.8561 0.5169 0.0000
vn -0.6927 -0.7034 0.1595
vn -0.8628 -0.2580 0.4347
vn -0.5878 -0.6827 0.4341
vn -0.8561 -0.5169 0.0000
vn -0.2580 -0.4347 0.8628
vn -0.7034 -0.1595 0.6927
vn -0.4341 -0.5878 0.6827
vn -0.2683 -0.1536 0.9510
vn -0.6827 -0.4341 0.5878
vn -0.2580 0.4347 0.8628
vn -0.7034 0.1595 0.6927
vn -0.4341 0.5878 0.6827
vn -0.2683 0.1536 0.9510
vn -0.6827 0.4341 0.5878
vn -0.5169 0.0000 0.8561
vn -0.9614 0.0000 -0.2752
vn -0.9614 0.0000 0.2752
vn -0.9510 0.2683 -0.1536
vn -0.9510 -0.2683 -0.1536
vn -0.9510 0.2683 0.1536
vn -0.9510 -0.2683 0.1536
f 2737//2737 2874//2874 2790//2790
f 2874//2874 2774//2774 2876//2876
f 2790//2790 2876//2876 2753//2753
f 2874//2874 2876//2876 2790//2790
f 2774//2774 2875//2875 2891//2891
f 2875//2875 2748//2748 2888//2888
f 2891//2891 2888//2888 2777//2777
f 2875//2875 2888//2888 2891//2891
f 2753//2753 2889//2889 2791//2791
f 2889//2889 2777//2777 2887//2887
f 2791//2791 2887//2887 2742//2742
f 2889//2889 2887//2887 2791//2791
f 2774//2774 2891//2891 2876//2876
f 2891//2891 2777//2777 2889//2889
f 2876//2876 2889//2889 2753//2753
f 2891//2891 2889//2889 2876//2876
f 2737//2737 2790//2790 2779//2779
f 2790//2790 2753//2753 2792//2792
f 2779//2779 2792//2792 2749//2749
f 2790//2790 2792//2792 2779//2779
f 2753//2753 2791//2791 2796//2796
f 2791//2791 2742//2742 2794//2794
f 2796//2796 2794//2794 2754//2754
f 2791//2791 2794//2794 2796//2796
f 2749//2749 2795//2795 2780//2780
f 2795//2795 2754//2754 2793//2793
f 2780//2780 2793//2793 2738//2738
f 2795//2795 2793//2793 2780//2780
f 2753//2753 2796//2796 2792//2792
f 2796//2796 2754//2754 2795//2795
f 2792//2792 2795//2795 2749//2749
f 2796//2796 2795//2795 2792//2792
f 2737//2737 2779//2779 2806//2806
f 2779//2779 2749//2749 2808//2808
f 2806//2806 2808//2808 2758//2758
f 2779//2779 2808//2808 2806//2806
f 2749//2749 2780//2780 2811//2811
f 2780//2780 2738//2738 2809//2809
f 2811//2811 2809//2809 2759//2759
f 2780//2780 2809//2809 2811//2811
f 2758//2758 2812//2812 2807//2807
f 2812//2812 2759//2759 2810//2810
f 2807//2807 2810//2810 2744//2744
f 2812//2812 2810//2810 2807//2807
f 2749//2749 2811//2811 2808//2808
f 2811//2811 2759//2759 2812//2812
f 2808//2808 2812//2812 2758//2758
f 2811//2811 2812//2812 2808//2808
f 2737//2737 2806//2806 2857//2857
f 2806//2806 2758//2758 2859//2859
f 2857//2857 2859//2859 2770//2770
f 2806//2806 2859//2859 2857//2857
f 2758//2758 2807//2807 2870//2870
f 2807//2807 2744//2744 2868//2868
f 2870//2870 2868//2868 2773//2773
f 2807//2807 2868//2868 2870//2870
f 2770//2770 2872//2872 2858//2858
f 2872//2872 2773//2773 2869//2869
f 2858//2858 2869//2869 2747//2747
f 2872//2872 2869//2869 2858//2858
f 2758//2758 2870//2870 2859//2859
f 2870//2870 2773//2773 2872//2872
f 2859//2859 2872//2872 2770//2770
f 2870//2870 2872//2872 2859//2859
f 2737//2737 2857//2857 2874//2874
f 2857//2857 2770//2770 2877//2877
f 2874//2874 2877//2877 2774//2774
f 2857//2857 2877//2877 2874//2874
f 2770//2770 2858//2858 2895//2895
f 2858//2858 2747//2747 2893//2893
f 2895//2895 2893//2893 2778//2778
f 2858//2858 2893//2893 2895//2895
f 2774//2774 2897//2897 2875//2875
f 2897//2897 2778//2778 2894//2894
f 2875//2875 2894//2894 2748//2748
f 2897//2897 2894//2894 2875//2875
f 2770//2770 2895//2895 2877//2877
f 2895//2895 2778//2778 2897//2897
f 2877//2877 2897//2897 2774//2774
f 2895//2895 2897//2897 2877//2877
f 2738//2738 2793//2793 2832//2832
f 2793//2793 2754//2754 2834//2834
f 2832//2832 2834//2834 2765//2765
f 2793//2793 2834//2834 2832//2832
f 2754//2754 2794//2794 2847//2847
f 2794//2794 2742//2742 2845//2845
f 2847//2847 2845//2845 2768//2768
f 2794//2794 2845//2845 2847//2847
f 2765//2765 2849//2849 2833//2833
f 2849//2849 2768//2768 2846//2846
f 2833//2833 2846//2846 2746//2746
f 2849//2849 2846//2846 2833//2833
f 2754//2754 2847//2847 2834//2834
f 2847//2847 2768//2768 2849//2849
f 2834//2834 2849//2849 2765//2765
f 2847//2847 2849//2849 2834//2834
f 2742//2742 2887//2887 2798//2798
f 2887//2887 2777//2777 2890//2890
f 2798//2798 2890//2890 2755//2755
f 2887//2887 2890//2890 2798//2798
f 2777//2777 2888//2888 2892//2892
f 2888//2888 2748//2748 2883//2883
f 2892//2892 2883//2883 2776//2776
f 2888//2888 2883//2883 2892//2892
f 2755//2755 2885//2885 2797//2797
f 2885//2885 2776//2776 2882//2882
f 2797//2797 2882//2882 2741//2741
f 2885//2885 2882//2882 2797//2797
f 2777//2777 2892//2892 2890//2890
f 2892//2892 2776//2776 2885//2885
f 2890//2890 2885//2885 2755//2755
f 2892//2892 2885//2885 2890//2890
f 2748//2748 2894//2894 2879//2879
f 2894//2894 2778//2778 2898//2898
f 2879//2879 2898//2898 2775//2775
f 2894//2894 2898//2898 2879//2879
f 2778//2778 2893//2893 2896//2896
f 2893//2893 2747//2747 2861//2861
f 2896//2896 2861//2861 2771//2771
f 2893//2893 2861//2861 2896//2896
f 2775//2775 2881//2881 2878//2878
f 2881//2881 2771//2771 2860//2860
f 2878//2878 2860//2860 2739//2739
f 2881//2881 2860//2860 2878//2878
f 2778//2778 2896//2896 2898//2898
f 2896//2896 2771//2771 2881//2881
f 2898//2898 2881//2881 2775//2775
f 2896//2896 2881//2881 2898//2898
f 2747//2747 2869//2869 2864//2864
f 2869//2869 2773//2773 2873//2873
f 2864//2864 2873//2873 2772//2772
f 2869//2869 2873//2873 2864//2864
f 2773//2773 2868//2868 2871//2871
f 2868//2868 2744//2744 2814//2814
f 2871//2871 2814//2814 2760//2760
f 2868//2868 2814//2814 2871//2871
f 2772//2772 2866//2866 2863//2863
f 2866//2866 2760//2760 2813//2813
f 2863//2863 2813//2813 2743//2743
f 2866//2866 2813//2813 2863//2863
f 2773//2773 2871//2871 2873//2873
f 2871//2871 2760//2760 2866//2866
f 2873//2873 2866//2866 2772//2772
f 2871//2871 2866//2866 2873//2873
f 2744//2744 2810//2810 2826//2826
f 2810//2810 2759//2759 2828//2828
f 2826//2826 2828//2828 2764//2764
f 2810//2810 2828//2828 2826//2826
f 2759//2759 2809//2809 2817//2817
f 2809//2809 2738//2738 2815//2815
f 2817//2817 2815//2815 2761//2761
f 2809//2809 2815//2815 2817//2817
f 2764//2764 2830//2830 2827//2827
f 2830//2830 2761//2761 2816//2816
f 2827//2827 2816//2816 2745//2745
f 2830//2830 2816//2816 2827//2827
f 2759//2759 2817//2817 2828//2828
f 2817//2817 2761//2761 2830//2830
f 2828//2828 2830//2830 2764//2764
f 2817//2817 2830//2830 2828//2828
f 2740//2740 2836//2836 2786//2786
f 2836//2836 2766//2766 2838//2838
f 2786//2786 2838//2838 2752//2752
f 2836//2836 2838//2838 2786//2786
f 2766//2766 2837//2837 2844//2844
f 2837//2837 2746//2746 2841//2841
f 2844//2844 2841//2841 2767//2767
f 2837//2837 2841//2841 2844//2844
f 2752//2752 2842//2842 2787//2787
f 2842//2842 2767//2767 2840//2840
f 2787//2787 2840//2840 2741//2741
f 2842//2842 2840//2840 2787//2787
f 2766//2766 2844//2844 2838//2838
f 2844//2844 2767//2767 2842//2842
f 2838//2838 2842//2842 2752//2752
f 2844//2844 2842//2842 2838//2838
f 2740//2740 2786//2786 2782//2782
f 2786//2786 2752//2752 2788//2788
f 2782//2782 2788//2788 2750//2750
f 2786//2786 2788//2788 2782//2782
f 2752//2752 2787//2787 2789//2789
f 2787//2787 2741//2741 2784//2784
f 2789//2789 2784//2784 2751//2751
f 2787//2787 2784//2784 2789//2789
f 2750//2750 2785//2785 2781//2781
f 2785//2785 2751//2751 2783//2783
f 2781//2781 2783//2783 2739//2739
f 2785//2785 2783//2783 2781//2781
f 2752//2752 2789//2789 2788//2788
f 2789//2789 2751//2751 2785//2785
f 2788//2788 2785//2785 2750//2750
f 2789//2789 2785//2785 2788//2788
f 2740//2740 2782//2782 2802//2802
f 2782//2782 2750//2750 2804//2804
f 2802//2802 2804//2804 2757//2757
f 2782//2782 2804//2804 2802//2802
f 2750//2750 2781//2781 2801//2801
f 2781//2781 2739//2739 2799//2799
f 2801//2801 2799//2799 2756//2756
f 2781//2781 2799//2799 2801//2801
f 2757//2757 2805//2805 2803//2803
f 2805//2805 2756//2756 2800//2800
f 2803//2803 2800//2800 2743//2743
f 2805//2805 2800//2800 2803//2803
f 2750//2750 2801//2801 2804//2804
f 2801//2801 2756//2756 2805//2805
f 2804//2804 2805//2805 2757//2757
f 2801//2801 2805//2805 2804//2804
f 2740//2740 2802//2802 2818//2818
f 2802//2802 2757//2757 2820//2820
f 2818//2818 2820//2820 2762//2762
f 2802//2802 2820//2820 2818//2818
f 2757//2757 2803//2803 2823//2823
f 2803//2803 2743//2743 2821//2821
f 2823//2823 2821//2821 2763//2763
f 2803//2803 2821//2821 2823//2823
f 2762//2762 2825//2825 2819//2819
f 2825//2825 2763//2763 2822//2822
f 2819//2819 2822//2822 2745//2745
f 2825//2825 2822//2822 2819//2819
f 2757//2757 2823//2823 2820//2820
f 2823//2823 2763//2763 2825//2825
f 2820//2820 2825//2825 2762//2762
f 2823//2823 2825//2825 2820//2820
f 2740//2740 2818//2818 2836//2836
f 2818//2818 2762//2762 2839//2839
f 2836//2836 2839//2839 2766//2766
f 2818//2818 2839//2839 2836//2836
f 2762//2762 2819//2819 2854//2854
f 2819//2819 2745//2745 2851//2851
f 2854//2854 2851//2851 2769//2769
f 2819//2819 2851//2851 2854//2854
f 2766//2766 2856//2856 2837//2837
f 2856//2856 2769//2769 2852//2852
f 2837//2837 2852//2852 2746//2746
f 2856//2856 2852//2852 2837//2837
f 2762//2762 2854//2854 2839//2839
f 2854//2854 2769//2769 2856//2856
f 2839//2839 2856//2856 2766//2766
f 2854//2854 2856//2856 2839//2839
f 2741//2741 2840//2840 2797//2797
f 2840//2840 2767//2767 2843//2843
f 2797//2797 2843//2843 2755//2755
f 2840//2840 2843//2843 2797//2797
f 2767//2767 2841//2841 2850//2850
f 2841//2841 2746//2746 2846//2846
f 2850//2850 2846//2846 2768//2768
f 2841//2841 2846//2846 2850//2850
f 2755//2755 2848//2848 2798//2798
f 2848//2848 2768//2768 2845//2845
f 2798//2798 2845//2845 2742//2742
f 2848//2848 2845//2845 2798//2798
f 2767//2767 2850//2850 2843//2843
f 2850//2850 2768//2768 2848//2848
f 2843//2843 2848//2848 2755//2755
f 2850//2850 2848//2848 2843//2843
f 2739//2739 2783//2783 2878//2878
f 2783//2783 2751//2751 2880//2880
f 2878//2878 2880//2880 2775//2775
f 2783//2783 2880//2880 2878//2878
f 2751//2751 2784//2784 2884//2884
f 2784//2784 2741//2741 2882//2882
f 2884//2884 2882//2882 2776//2776
f 2784//2784 2882//2882 2884//2884
f 2775//2775 2886//2886 2879//2879
f 2886//2886 2776//2776 2883//2883
f 2879//2879 2883//2883 2748//2748
f 2886//2886 2883//2883 2879//2879
f 2751//2751 2884//2884 2880//2880
f 2884//2884 2776//2776 2886//2886
f 2880//2880 2886//2886 2775//2775
f 2884//2884 2886//2886 2880//2880
f 2743//2743 2800//2800 2863//2863
f 2800//2800 2756//2756 2865//2865
f 2863//2863 2865//2865 2772//2772
f 2800//2800 2865//2865 2863//2863
f 2756//2756 2799//2799 2862//2862
f 2799//2799 2739//2739 2860//2860
f 2862//2862 2860//2860 2771//2771
f 2799//2799 2860//2860 2862//2862
f 2772//2772 2867//2867 2864//2864
f 2867//2867 2771//2771 2861//2861
f 2864//2864 2861//2861 2747//2747
f 2867//2867 2861//2861 2864//2864
f 2756//2756 2862//2862 2865//2865
f 2862//2862 2771//2771 2867//2867
f 2865//2865 2867//2867 2772//2772
f 2862//2862 2867//2867 2865//2865
f 2745//2745 2822//2822 2827//2827
f 2822//2822 2763//2763 2831//2831
f 2827//2827 2831//2831 2764//2764
f 2822//2822 2831//2831 2827//2827
f 2763//2763 2821//2821 2824//2824
f 2821//2821 2743//2743 2813//2813
f 2824//2824 2813//2813 2760//2760
f 2821//2821 2813//2813 2824//2824
f 2764//2764 2829//2829 2826//2826
f 2829//2829 2760//2760 2814//2814
f 2826//2826 2814//2814 2744//2744
f 2829//2829 2814//2814 2826//2826
f 2763//2763 2824//2824 2831//2831
f 2824//2824 2760//2760 2829//2829
f 2831//2831 2829//2829 2764//2764
f 2824//2824 2829//2829 2831//2831
f 2746//2746 2852//2852 2833//2833
f 2852//2852 2769//2769 2855//2855
f 2833//2833 2855//2855 2765//2765
f 2852//2852 2855//2855 2833//2833
f 2769//2769 2851//2851 2853//2853
f 2851//2851 2745//2745 2816//2816
f 2853//2853 2816//2816 2761//2761
f 2851//2851 2816//2816 2853//2853
f 2765//2765 2835//2835 2832//2832
f 2835//2835 2761//2761 2815//2815
f 2832//2832 2815//2815 2738//2738
f 2835//2835 2815//2815 2832//2832
f 2769//2769 2853//2853 2855//2855
f 2853//2853 2761//2761 2835//2835
f 2855//2855 2835//2835 2765//2765
f 2853//2853 2835//2835 2855//2855
o Beak
g Beak
usemtl PenguinBeak
v 13.5000 0.0000 52.0000
v 13.5000 0.0000 49.7600
v 22.5000 0.0000 52.0000
v 13.5000 0.8282 49.8363
v 13.5000 1.6000 50.0601
v 13.5000 2.2627 50.4161
v 13.5000 2.7713 50.8800
v 13.5000 3.0910 51.4202
v 13.5000 3.2000 52.0000
v 13.5000 3.0910 52.5798
v 13.5000 2.7713 53.1200
v 13.5000 2.2627 53.5839
v 13.5000 1.6000 53.9399
v 13.5000 0.8282 54.1637
v 13.5000 0.0000 54.2400
v 13.5000 -0.8282 54.1637
v 13.5000 -1.6000 53.9399
v 13.5000 -2.2627 53.5839
v 13.5000 -2.7713 53.1200
v 13.5000 -3.0910 52.5798
v 13.5000 -3.2000 52.0000
v 13.5000 -3.0910 51.4202
v 13.5000 -2.7713 50.8800
v 13.5000 -2.2627 50.4161
v 13.5000 -1.6000 50.0601
v 13.5000 -0.8282 49.8363
vn -1.0000 0.0000 0.0000
vn -0.5944 0.0000 -0.8042
vn 1.0000 0.0000 0.0000
vn -0.5920 0.1520 -0.7915
vn -0.5846 0.3105 -0.7495
vn -0.5723 0.4790 -0.6656
vn -0.5565 0.6490 -0.5188
vn -0.5417 0.7884 -0.2915
vn -0.5353 0.8447 -0.0000
vn -0.5417 0.7884 0.2915
vn -0.5565 0.6490 0.5188
vn -0.5723 0.4790 0.6656
vn -0.5846 0.3105 0.7495
vn -0.5920 0.1520 0.7915
vn -0.5944 -0.0000 0.8042
vn -0.5920 -0.1520 0.7915
vn -0.5846 -0.3105 0.7495
vn -0.5723 -0.4790 0.6656
vn -0.5565 -0.6490 0.5188
vn -0.5417 -0.7884 0.2915
vn -0.5353 -0.8447 0.0000
vn -0.5417 -0.7884 -0.2915
vn -0.5565 -0.6490 -0.5188
vn -0.5723 -0.4790 -0.6656
vn -0.5846 -0.3105 -0.7495
vn -0.5920 -0.1520 -0.7915
f 2900//2900 2899//2899 2902//2902
f 2900//2900 2902//2902 2901//2901
f 2902//2902 2899//2899 2903//2903
f 2902//2902 2903//2903 2901//2901
f 2903//2903 2899//2899 2904//2904
f 2903//2903 2904//2904 2901//2901
f 2904//2904 2899//2899 2905//2905
f 2904//2904 2905//2905 2901//2901
f 2905//2905 2899//2899 2906//2906
f 2905//2905 2906//2906 2901//2901
f 2906//2906 2899//2899 2907//2907
f 2906//2906 2907//2907 2901//2901
f 2907//2907 2899//2899 2908//2908
f 2907//2907 2908//2908 2901//2901
f 2908//2908 2899//2899 2909//2909
f 2908//2908 2909//2909 2901//2901
f 2909//2909 2899//2899 2910//2910
f 2909//2909 2910//2910 2901//2901
f 2910//2910 2899//2899 2911//2911
f 2910//2910 2911//2911 2901//2901
f 2911//2911 2899//2899 2912//2912
f 2911//2911 2912//2912 2901//2901
f 2912//2912 2899//2899 2913//2913
f 2912//2912 2913//2913 2901//2901
f 2913//2913 2899//2899 2914//2914
f 2913//2913 2914//2914 2901//2901
f 2914//2914 2899//2899 2915//2915
f 2914//2914 2915//2915 2901//2901
f 2915//2915 2899//2899 2916//2916
f 2915//2915 2916//2916 2901//2901
f 2916//2916 2899//2899 2917//2917
f 2916//2916 2917//2917 2901//2901
f 2917//2917 2899//2899 2918//2918
f 2917//2917 2918//2918 2901//2901
f 2918//2918 2899//2899 2919//2919
f 2918//2918 2919//2919 2901//2901
f 2919//2919 2899//2899 2920//2920
f 2919//2919 2920//2920 2901//2901
f 2920//2920 2899//2899 2921//2921
f 2920//2920 2921//2921 2901//2901
f 2921//2921 2899//2899 2922//2922
f 2921//2921 2922//2922 2901//2901
f 2922//2922 2899//2899 2923//2923
f 2922//2922 2923//2923 2901//2901
f 2923//2923 2899//2899 2924//2924
f 2923//2923 2924//2924 2901//2901
f 2924//2924 2899//2899 2900//2900
f 2924//2924 2900//2900 2901//2901
o Flipper_R
g Flipper_R
usemtl PenguinBody
v -3.8283 -17.9947 28.0051
v 1.8283 -17.7038 29.1717
v -3.8283 -21.2962 28.8283
v 1.8283 -21.0053 29.9949
v -3.6529 -17.5008 41.3646
v -3.6529 -15.4604 40.8558
v 1.6529 -23.5396 17.1442
v 1.6529 -21.4992 16.6354
v 5.2159 -21.1308 22.4593
v 1.9368 -17.3986 37.4283
v -3.9368 -21.6014 20.5717
v -7.2159 -17.8692 35.5407
v -1.0000 -17.5594 28.5162
v -1.0000 -21.4406 29.4838
v -4.2218 -19.3807 36.1668
v -0.8969 -19.2097 36.8525
v -4.2218 -16.2408 35.3839
v -0.8969 -16.0698 36.0696
v -4.1187 -15.9505 43.2364
v -1.1031 -22.9302 21.9304
v 2.2218 -22.7592 22.6161
v -1.1031 -19.7903 21.1475
v 2.2218 -19.6193 21.8332
v 2.1187 -23.0495 14.7636
v 4.3161 -19.4028 25.2564
v 4.3161 -21.3434 25.7403
v 4.2130 -22.8330 18.1868
v 4.2130 -21.6336 17.8878
v 2.3886 -17.2090 34.0550
v 2.3886 -19.1496 34.5388
v -0.8332 -17.0897 41.2218
v -0.8332 -15.8904 40.9227
v 4.3798 -19.2234 30.1095
v -4.3886 -19.8504 23.4612
v -4.3886 -21.7910 23.9450
v -1.1668 -23.1096 17.0773
v -1.1668 -21.9103 16.7782
v -6.3161 -17.6566 32.2597
v -6.3161 -19.5972 32.7436
v -6.2130 -17.3664 40.1122
v -6.2130 -16.1670 39.8132
v -6.3798 -19.7766 27.8905
v -2.4701 -17.7089 28.2314
v 0.4701 -17.5577 28.8378
v -2.4701 -21.4423 29.1622
v 0.4701 -21.2911 29.7686
v -4.1448 -20.3716 32.6359
v -4.0536 -18.3988 39.1521
v -2.6938 -20.4575 33.0222
v 0.5237 -20.1316 33.5987
v -2.3253 -18.3100 39.5085
v -0.9458 -20.3676 33.3827
v -2.6396 -19.2847 36.8961
v -4.1448 -17.0235 31.8011
v -4.0536 -15.7062 38.4807
v -2.6938 -16.7663 32.1018
v 0.5237 -16.7834 32.7639
v -2.3253 -15.6173 38.8371
v -0.9458 -16.6764 32.4623
v -2.6396 -15.9831 36.0729
v -4.0000 -16.6159 42.8267
v -4.0000 -15.5553 42.5623
v -2.5237 -22.2166 25.2361
v 0.3253 -23.3827 19.1629
v -1.0542 -22.3236 25.5377
v 2.1448 -21.9765 26.1989
v 2.0536 -23.2938 19.5193
v 0.6938 -22.2337 25.8982
v 0.6396 -23.0169 21.9271
v -2.5237 -18.8684 24.4013
v 0.3253 -20.6900 18.4915
v -1.0542 -18.6324 24.6173
v 2.1448 -18.6284 25.3641
v 2.0536 -20.6012 18.8479
v 0.6938 -18.5425 24.9778
v 0.6396 -19.7153 21.1039
v 2.0000 -23.4447 15.4377
v 2.0000 -22.3841 15.1733
v 3.2333 -18.5158 27.1434
v 4.9942 -20.2971 23.6544
v 3.4886 -19.5116 23.2641
v 3.2333 -21.2406 27.8228
v 4.9942 -21.3058 23.9059
v 3.4886 -22.1826 23.9301
v 3.0886 -23.3322 17.2170
v 4.9406 -22.0801 19.9797
v 3.4344 -22.9657 19.9590
v 3.3802 -23.1184 15.8307
v 4.5354 -22.2214 21.6014
v 3.0886 -21.6482 16.7971
v 4.9406 -21.4567 19.8243
v 3.4344 -20.6844 19.3902
v 3.3802 -22.4878 15.6734
v 4.5354 -20.5706 21.1899
v 4.4812 -22.3740 17.4731
v 2.2315 -17.3756 31.7168
v 2.2878 -17.2169 36.0084
v 0.8357 -16.4922 35.3743
v 3.5763 -18.2444 29.6895
v 2.2315 -20.1003 32.3961
v 2.2878 -18.2256 36.2599
v 0.8357 -19.1632 36.0402
v 3.5763 -20.2849 30.1982
v -2.2922 -17.2080 41.7796
v 0.6132 -17.1549 39.7336
v -0.8581 -18.0802 39.5537
v -2.5519 -16.3667 42.9099
v 0.8692 -18.0486 38.3373
v -2.2922 -15.5240 41.3597
v 0.6132 -16.5315 39.5782
v -0.8581 -15.7989 38.9849
v -2.5519 -15.7362 42.7527
v 0.8692 -16.3979 37.9257
v -0.8246 -16.3352 41.6935
v 5.0273 -20.2039 26.1770
v 3.3228 -18.2639 33.9576
v 4.6232 -19.3034 27.6152
v 4.6232 -20.3237 27.8696
v 3.6098 -18.1501 32.2409
v 3.6098 -19.1704 32.4953
v -4.2315 -18.8997 25.6039
v -4.2878 -20.7744 21.7401
v -2.8357 -19.8368 21.9598
v -4.2315 -21.6244 26.2832
v -4.2878 -21.7831 21.9916
v -2.8357 -22.5078 22.6257
v 0.2922 -23.4760 16.6403
v -2.6132 -22.4685 18.4218
v -1.1419 -23.2011 19.0151
v 0.5519 -23.2638 15.2473
v -2.8692 -22.6021 20.0743
v 0.2922 -21.7920 16.2204
v -2.6132 -21.8451 18.2664
v -1.1419 -20.9198 18.4463
v 0.5519 -22.6333 15.0901
v -2.8692 -20.9514 19.6627
v -1.1754 -22.6648 16.3065
v -5.2333 -17.7594 30.1772
v -6.9942 -17.6942 34.0941
v -5.4886 -16.8174 34.0699
v -5.5763 -18.7151 27.8018
v -5.2333 -20.4842 30.8566
v -6.9942 -18.7029 34.3456
v -5.4886 -19.4884 34.7359
v -5.5763 -20.7556 28.3105
v -5.0886 -17.3518 41.2029
v -6.9406 -17.5433 38.1757
v -5.4344 -18.3156 38.6098
v -5.3802 -16.5122 42.3266
v -6.5354 -18.4294 36.8101
v -5.0886 -15.6678 40.7830
v -6.9406 -16.9199 38.0203
v -5.4344 -16.0343 38.0410
v -5.3802 -15.8816 42.1693
v -6.5354 -16.7786 36.3986
v -6.4812 -16.6260 40.5269
v -5.3228 -20.7361 24.0424
v -7.0273 -18.7961 31.8230
v -5.6098 -19.8296 25.5047
v -5.6098 -20.8499 25.7591
v -6.6232 -18.6763 30.1304
v -6.6232 -19.6966 30.3848
v -3.1700 -17.8359 28.1097
v -1.7422 -17.6161 28.3677
v 1.1700 -17.6127 29.0048
v -0.2578 -17.5398 28.6738
v -3.1700 -21.3873 28.9952
v -1.7422 -21.4602 29.3262
v 1.1700 -21.1641 29.8903
v -0.2578 -21.3839 29.6323
v -4.0154 -20.8468 30.7488
v -4.2140 -19.8798 34.4535
v -3.3378 -20.9255 30.9240
v -3.8808 -17.9349 40.3670
v -4.1680 -18.8839 37.7430
v -1.8575 -20.9671 31.2811
v -3.4884 -19.9243 34.6642
v -2.5983 -20.9649 31.1138
v -3.4443 -20.4240 32.8686
v 1.1970 -20.5788 31.8238
v -0.1787 -19.6723 35.2857
v 0.5166 -20.7273 31.7190
v -3.0083 -17.8900 40.5469
v -1.6170 -18.7527 38.2691
v -3.2183 -18.3393 39.4662
v -0.9726 -20.9216 31.4636
v -0.9204 -19.7923 35.1938
v -0.2299 -20.8431 31.6023
v -1.8308 -20.4248 33.2590
v -0.2029 -20.2573 33.5372
v -3.4610 -19.3306 36.6253
v -1.7778 -19.2440 36.9725
v -3.3709 -18.8349 38.1174
v -2.6891 -19.8761 35.0394
v -2.4978 -18.7901 38.2975
v -1.8034 -19.8305 35.2220
v -4.0154 -17.4898 29.9118
v -4.2140 -16.6044 33.6368
v -3.3378 -17.3381 30.0296
v -3.8808 -15.5454 39.7712
v -4.1680 -15.9394 37.0089
v -1.8575 -17.1337 30.3253
v -3.4884 -16.4662 33.8020
v -2.5983 -17.2142 30.1787
v -3.4443 -16.8679 31.9820
v 1.1970 -17.2218 30.9868
v -0.1787 -16.3969 34.4691
v 0.5166 -17.1399 30.8245
v -3.0083 -15.5006 39.9512
v -1.6170 -15.8082 37.5350
v -3.2183 -15.6112 38.7860
v -0.9726 -17.0882 30.5078
v -0.9204 -16.3341 34.3316
v -0.2299 -17.0924 30.6671
v -1.8308 -16.6839 32.3263
v -0.2029 -16.7012 32.6505
v -3.4610 -16.0697 35.8123
v -1.7778 -15.9832 36.1594
v -3.3709 -15.8068 37.3624
v -2.6891 -16.3326 34.1559
v -2.4978 -15.7619 37.5425
v -1.8034 -16.2871 34.3386
v -3.8537 -17.0348 42.2221
v -4.0889 -16.2521 43.1670
v -3.8537 -15.4693 41.8318
v -4.0889 -15.7167 43.0335
v -3.1970 -21.7782 27.0132
v -1.8213 -22.6031 23.5309
v -2.5166 -21.8601 27.1755
v 1.0083 -23.4994 18.0488
v -0.3830 -23.1918 20.4650
v -1.0274 -21.9118 27.4922
v -1.0796 -22.6659 23.6684
v -1.7701 -21.9076 27.3329
v -1.7971 -22.2988 25.3495
v 2.0154 -21.5102 28.0882
v 2.2140 -22.3956 24.3632
v 1.3378 -21.6619 27.9704
v 1.8808 -23.4546 18.2288
v 2.1680 -23.0606 20.9911
v 1.2183 -23.3888 19.2140
v -0.1425 -21.8663 27.6747
v 1.4884 -22.5338 24.1980
v 0.5983 -21.7858 27.8213
v -0.1692 -22.3161 25.6737
v 1.4443 -22.1321 26.0180
v -0.2222 -23.0168 21.8406
v 1.4610 -22.9303 22.1877
v 0.4978 -23.2381 20.4575
v -0.1966 -22.7129 23.6614
v 1.3709 -23.1932 20.6376
v 0.6891 -22.6674 23.8441
v -3.1970 -18.4212 26.1762
v -1.8213 -19.3277 22.7143
v -2.5166 -18.2727 26.2810
v 1.0083 -21.1100 17.4531
v -0.3830 -20.2473 19.7309
v -1.0274 -18.0784 26.5364
v -1.0796 -19.2077 22.8062
v -1.7701 -18.1569 26.3977
v -1.7971 -18.7427 24.4628
v 2.0154 -18.1532 27.2512
v 2.2140 -19.1202 23.5465
v 1.3378 -18.0745 27.0760
v 1.8808 -21.0651 17.6330
v 2.1680 -20.1161 20.2570
v 1.2183 -20.6607 18.5338
v -0.1425 -18.0329 26.7189
v 1.4884 -19.0757 23.3358
v 0.5983 -18.0351 26.8862
v -0.1692 -18.5752 24.7410
v 1.4443 -18.5760 25.1314
v -0.2222 -19.7560 21.0275
v 1.4610 -19.6694 21.3747
v 0.4978 -20.2099 19.7025
v -0.1966 -19.1695 22.7780
v 1.3709 -20.1651 19.8826
v 0.6891 -19.1239 22.9606
v 1.8537 -23.5307 16.1682
v 2.0889 -23.2833 14.9665
v 1.8537 -21.9652 15.7779
v 2.0889 -22.7479 14.8330
v 2.5649 -18.0964 28.1495
v 3.8208 -18.9541 26.1729
v 2.7376 -18.5599 26.2176
v 5.1640 -20.7257 22.9995
v 4.7097 -19.8533 24.4116
v 2.9033 -19.5663 22.4683
v 3.9635 -19.4566 24.2012
v 2.8562 -19.0655 24.2656
v 3.4061 -19.0087 25.1645
v 2.5649 -21.1386 28.9080
v 3.8208 -21.3093 26.7601
v 2.7376 -21.6363 26.9847
v 5.1640 -21.2349 23.1265
v 4.7097 -21.3422 24.7828
v 2.9033 -22.5080 23.2017
v 3.9635 -21.7912 24.7833
v 2.8562 -22.1063 25.0238
v 3.4061 -21.7345 25.8441
v 2.4033 -23.4739 17.0665
v 3.6957 -23.1172 17.5928
v 2.6180 -23.3632 18.2283
v 2.5909 -23.4396 16.1606
v 5.1369 -21.6258 21.1444
v 4.6306 -22.4851 18.9875
v 5.0459 -21.7218 21.8500
v 2.8758 -22.9044 21.1914
v 3.8838 -22.9417 18.9491
v 2.7827 -23.1673 19.6433
v 3.5216 -22.6156 21.8495
v 3.3056 -23.1867 18.4803
v 2.7962 -23.1286 15.1263
v 3.8564 -23.0190 16.8593
v 2.7283 -23.3207 15.4959
v 3.2782 -23.2638 16.3948
v 4.4934 -21.8108 23.6044
v 4.4412 -22.5649 19.7806
v 4.8244 -21.7870 22.6891
v 4.0795 -22.2384 22.6818
v 4.7974 -22.1781 20.7057
v 4.0520 -22.6352 20.6695
v 2.4033 -21.5937 16.5977
v 3.6957 -21.6616 17.2299
v 2.6180 -21.1460 17.6755
v 2.5909 -22.0492 15.8140
v 5.1369 -21.3110 21.0660
v 4.6306 -21.5649 18.7581
v 5.0459 -20.8950 21.6439
v 5.0187 -21.7982 19.7823
v 2.8758 -20.1600 20.5071
v 3.8838 -21.1797 18.5098
v 2.7827 -20.6546 19.0168
v 3.5216 -20.1061 21.2238
v 3.3056 -21.1835 17.9808
v 2.7962 -22.8094 15.0467
v 3.8564 -22.0926 16.6283
v 2.7283 -22.4663 15.2829
v 3.4392 -22.8476 15.5737
v 3.2782 -22.0946 16.1032
v 4.4934 -19.9927 23.1511
v 4.4412 -21.1221 19.4209
v 4.8244 -20.4435 22.3541
v 4.0795 -20.0484 22.1358
v 4.7974 -21.0293 20.4192
v 4.0520 -20.6427 20.1727
v 4.4138 -22.6422 17.6907
v 4.4138 -22.0350 17.5394
v 4.7700 -22.2552 18.6202
v 3.9971 -22.7899 16.4856
v 4.7700 -21.9403 18.5416
v 3.9971 -22.4704 16.4060
v 2.0592 -17.5208 30.4582
v 2.3420 -17.2710 32.9234
v 1.4089 -17.0476 32.2830
v 2.7815 -17.9252 29.4358
v 2.1423 -17.2866 36.7929
v 2.3705 -17.1909 35.0899
v -0.0185 -16.2409 35.8057
v 1.6447 -16.8176 34.7859
v 0.6971 -16.6082 34.1216
v 1.5598 -16.9073 33.5926
v 4.0079 -18.8152 27.4539
v 3.0321 -17.7046 31.9080
v 3.4504 -18.3685 28.4104
v 2.9443 -17.7925 30.7207
v 2.0592 -20.5630 31.2167
v 2.3420 -19.6262 33.5106
v 1.4089 -20.1240 33.0500
v 2.7815 -20.6859 30.1241
v 2.1423 -17.7958 36.9199
v 2.3705 -18.6798 35.4612
v -0.0185 -19.1825 36.5392
v 1.6447 -19.1521 35.3679
v 0.6971 -19.6489 34.8797
v 1.5598 -19.6331 34.2722
v 4.0079 -20.8305 27.9564
v 3.0321 -19.7200 32.4105
v 3.4504 -20.7758 29.0106
v 2.9443 -20.1998 31.3209
v -2.9916 -17.3337 41.6934
v -1.5681 -17.1262 41.6213
v -2.3260 -17.7361 40.7972
v -3.1743 -16.8779 42.4782
v 1.2969 -17.2553 38.6735
v -0.1014 -17.0994 40.5885
v 1.4828 -17.6664 38.1151
v -0.8760 -18.6343 38.3178
v -0.8437 -17.5611 40.5297
v -1.5978 -18.1816 39.6400
v 0.0021 -18.6099 37.9154
v -1.5811 -17.6249 40.7873
v -3.3644 -16.1170 43.2486
v -1.7011 -16.6937 42.2287
v -3.2995 -16.4602 43.0118
v -2.4368 -16.7593 42.4828
v 1.6617 -18.5879 36.5308
v 0.0307 -17.5451 39.9139
v 1.6052 -18.1230 37.3845
v 0.8774 -18.5939 37.2990
v 0.7592 -17.5821 39.1393
v 0.0191 -18.0451 39.0794
v -2.9916 -15.4535 41.2246
v -1.5681 -15.6706 41.2584
v -2.3260 -15.5190 40.2444
v -3.1743 -15.4876 42.1315
v 1.2969 -16.9406 38.5950
v -0.1014 -16.1792 40.3591
v 1.4828 -16.8397 37.9090
v 0.6344 -16.8082 39.7961
v -0.8760 -15.8899 37.6335
v -0.8437 -15.7991 40.0903
v -1.5978 -15.6689 39.0135
v 0.0021 -16.1004 37.2897
v -1.5811 -15.6218 40.2879
v -3.3644 -15.7978 43.1690
v -1.7011 -15.7673 41.9977
v -3.2995 -15.6059 42.7988
v -2.5728 -16.0050 43.0175
v -2.4368 -15.5901 42.1913
v 1.6617 -16.7698 36.0775
v 0.0307 -16.1023 39.5542
v 1.6052 -16.7795 37.0495
v 0.8774 -16.4039 36.7530
v 0.7592 -16.4333 38.8528
v 0.0191 -16.0526 38.5826
v -0.8267 -16.6777 41.6129
v -0.8267 -16.0705 41.4615
v -0.0964 -16.7165 40.8347
v -1.6975 -16.3086 42.4808
v -0.0964 -16.4016 40.7562
v -1.6975 -15.9890 42.4011
v 5.1807 -20.6786 24.2730
v 4.7586 -19.7157 28.1350
v 5.0898 -20.2604 24.8620
v 5.0898 -20.7713 24.9894
v 2.6648 -17.8151 35.7576
v 3.8981 -18.7363 32.0629
v 2.8554 -17.7173 35.0617
v 2.8554 -18.2282 35.1891
v 4.5378 -19.3513 26.4039
v 4.5701 -19.2605 28.8607
v 4.8687 -19.8034 25.6000
v 4.1684 -18.7642 28.6477
v 4.8855 -19.7563 26.8743
v 4.5378 -20.8501 26.7776
v 4.5701 -19.7769 28.9894
v 4.8687 -20.8283 25.8556
v 4.1684 -20.3151 29.0344
v 4.8855 -20.2717 27.0028
v 3.0491 -17.6569 33.1997
v 4.0571 -18.6766 31.2023
v 2.9897 -17.6647 34.1777
v 3.6549 -18.1797 30.9916
v 3.5125 -18.1936 33.1417
v 4.1854 -18.7164 29.9406
v 3.0491 -19.1558 33.5734
v 4.0571 -19.1931 31.3311
v 2.9897 -18.6897 34.4332
v 3.6549 -19.7307 31.3783
v 3.5125 -18.7090 33.2702
v 4.1854 -19.7503 30.1983
v -4.0592 -18.4370 26.7833
v -4.3420 -19.3738 24.4894
v -3.4089 -18.8760 24.9500
v -4.1423 -21.2042 21.0801
v -4.3705 -20.3202 22.5388
v -1.9815 -19.8175 21.4608
v -3.6447 -19.8479 22.6321
v -2.6971 -19.3511 23.1203
v -3.5598 -19.3669 23.7278
v -4.0592 -21.4792 27.5418
v -4.3420 -21.7290 25.0766
v -3.4089 -21.9524 25.7170
v -4.1423 -21.7134 21.2071
v -4.3705 -21.8091 22.9101
v -1.9815 -22.7591 22.1943
v -3.6447 -22.1824 23.2141
v -2.6971 -22.3918 23.8784
v -3.5598 -22.0927 24.4074
v 0.9916 -23.5465 16.7754
v -0.4319 -23.3294 16.7416
v 0.3260 -23.4810 17.7556
v 1.1743 -23.5124 15.8685
v -3.2969 -22.0594 19.4050
v -1.8986 -22.8208 17.6409
v -3.4828 -22.1603 20.0910
v -1.1240 -23.1101 20.3665
v -1.1563 -23.2009 17.9097
v -0.4022 -23.3311 18.9865
v -2.0021 -22.8996 20.7103
v -0.4189 -23.3782 17.7121
v 1.3644 -23.2022 14.8310
v -0.2989 -23.2327 16.0023
v 1.2995 -23.3941 15.2012
v 0.4368 -23.4099 15.8087
v -3.6617 -22.2302 21.9225
v -2.0307 -22.8977 18.4458
v -3.6052 -22.2205 20.9505
v -2.8774 -22.5961 21.2470
v -2.7592 -22.5667 19.1472
v -2.0191 -22.9474 19.4174
v 0.9916 -21.6663 16.3066
v -0.4319 -21.8738 16.3787
v 0.3260 -21.2639 17.2028
v 1.1743 -22.1221 15.5218
v -3.2969 -21.7447 19.3265
v -1.8986 -21.9006 17.4115
v -3.4828 -21.3336 19.8849
v -2.6344 -22.1918 18.2039
v -1.1240 -20.3657 19.6822
v -1.1563 -21.4389 17.4703
v -0.4022 -20.8184 18.3600
v -2.0021 -20.3901 20.0846
v -0.4189 -21.3751 17.2127
v 1.3644 -22.8830 14.7514
v -0.2989 -22.3063 15.7713
v 1.2995 -22.5398 14.9882
v 0.5728 -22.9950 14.9825
v 0.4368 -22.2407 15.5172
v -3.6617 -20.4121 21.4692
v -2.0307 -21.4549 18.0861
v -3.6052 -20.8770 20.6155
v -2.8774 -20.4061 20.7010
v -2.7592 -21.4179 18.8607
v -2.0191 -20.9549 18.9206
v -1.1733 -22.9295 16.5385
v -1.1733 -22.3223 16.3871
v -1.9036 -22.5984 17.2438
v -0.3025 -23.0110 15.5989
v -1.9036 -22.2835 17.1653
v -0.3025 -22.6914 15.5192
v -4.5649 -17.8614 29.0920
v -5.8208 -17.6907 31.2399
v -4.7376 -17.3637 31.0153
v -4.7815 -18.3141 27.8759
v -7.1640 -17.7651 34.8735
v -6.7097 -17.6578 33.2172
v -4.9033 -16.4920 34.7983
v -5.9635 -17.2088 33.2167
v -4.8562 -16.8937 32.9762
v -5.4061 -17.2655 32.1559
v -5.0321 -19.2800 25.5895
v -6.0079 -18.1695 30.0436
v -4.9443 -18.8002 26.6791
v -5.4504 -18.2242 28.9894
v -4.5649 -20.9036 29.8505
v -5.8208 -20.0459 31.8271
v -4.7376 -20.4401 31.7824
v -4.7815 -21.0748 28.5642
v -7.1640 -18.2743 35.0005
v -6.7097 -19.1467 33.5884
v -4.9033 -19.4337 35.5317
v -5.9635 -19.5434 33.7988
v -4.8562 -19.9345 33.7344
v -5.4061 -19.9913 32.8355
v -5.0321 -21.2954 26.0920
v -6.0079 -20.1848 30.5461
v -4.9443 -21.2075 27.2793
v -5.4504 -20.6315 29.5896
v -4.4033 -17.4063 41.4023
v -5.6957 -17.3384 40.7701
v -4.6180 -17.8540 40.3245
v -4.5909 -16.9508 42.1860
v -7.1369 -17.6890 36.9340
v -6.6306 -17.4351 39.2419
v -7.0459 -18.1050 36.3561
v -4.8758 -18.8400 37.4929
v -5.8838 -17.8203 39.4902
v -4.7827 -18.3454 38.9832
v -5.5216 -18.8939 36.7762
v -5.3056 -17.8165 40.0192
v -4.7962 -16.1906 42.9533
v -5.8564 -16.9074 41.3717
v -4.7283 -16.5337 42.7171
v -5.2782 -16.9054 41.8968
v -6.4934 -19.0073 34.8489
v -6.4412 -17.8779 38.5791
v -6.8244 -18.5565 35.6459
v -6.0795 -18.9516 35.8642
v -6.7974 -17.9707 37.5808
v -6.0520 -18.3573 37.8273
v -4.4033 -15.5261 40.9335
v -5.6957 -15.8828 40.4072
v -4.6180 -15.6368 39.7717
v -4.5909 -15.5604 41.8394
v -7.1369 -17.3742 36.8556
v -6.6306 -16.5149 39.0125
v -7.0459 -17.2782 36.1500
v -7.0187 -17.2018 38.2177
v -4.8758 -16.0956 36.8086
v -5.8838 -16.0583 39.0509
v -4.7827 -15.8327 38.3567
v -5.5216 -16.3844 36.1505
v -5.3056 -15.8133 39.5197
v -4.7962 -15.8714 42.8737
v -5.8564 -15.9810 41.1407
v -4.7283 -15.6793 42.5041
v -5.4392 -16.1524 42.4263
v -5.2782 -15.7362 41.6052
v -6.4934 -17.1892 34.3956
v -6.4412 -16.4351 38.2194
v -6.8244 -17.2130 35.3109
v -6.0795 -16.7616 35.3182
v -6.7974 -16.8219 37.2943
v -6.0520 -16.3648 37.3305
v -6.4138 -16.9650 40.4606
v -6.4138 -16.3578 40.3093
v -6.7700 -17.0597 39.4584
v -5.9971 -16.5296 41.5940
v -6.7700 -16.7448 39.3798
v -5.9971 -16.2101 41.5144
v -4.6648 -21.1849 22.2424
v -5.8981 -20.2637 25.9371
v -4.8554 -20.7718 22.8109
v -4.8554 -21.2827 22.9383
v -7.1807 -18.3214 33.7270
v -6.7586 -19.2843 29.8650
v -7.0898 -18.2287 33.0106
v -7.0898 -18.7396 33.1380
v -5.0491 -19.8442 24.4266
v -6.0571 -19.8069 26.6689
v -4.9897 -20.3103 23.5668
v -5.6549 -19.2693 26.6217
v -5.5125 -20.2910 24.7298
v -5.0491 -21.3431 24.8003
v -6.0571 -20.3234 26.7977
v -4.9897 -21.3353 23.8223
v -5.6549 -20.8203 27.0084
v -5.5125 -20.8064 24.8583
v -6.5378 -18.1499 31.2224
v -6.5701 -19.2231 29.0106
v -6.8687 -18.1717 32.1444
v -6.1684 -18.6849 28.9656
v -6.8855 -18.7283 30.9972
v -6.1854 -19.2497 27.8017
v -6.5378 -19.6487 31.5961
v -6.5701 -19.7395 29.1393
v -6.8687 -19.1966 32.4000
v -6.1684 -20.2358 29.3523
v -6.8855 -19.2437 31.1257
v -6.1854 -20.2836 28.0594
vn -0.2176 0.9348 -0.2807
vn 0.2176 0.9572 -0.1910
vn -0.2176 -0.9572 0.1910
vn 0.2176 -0.9348 0.2807
vn -0.0447 -0.8967 0.4404
vn -0.0447 0.9985 -0.0321
vn 0.0447 -0.9985 0.0321
vn 0.0447 0.8967 -0.4404
vn 0.9998 -0.0052 -0.0209
vn 0.9046 0.1031 0.4137
vn -0.9046 -0.1031 -0.4137
vn -0.9998 0.0052 0.0209
vn -0.0000 0.9703 -0.2419
vn 0.0000 -0.9703 0.2419
vn -0.1528 -0.9451 0.2888
vn 0.1186 -0.9311 0.3448
vn -0.1528 0.9701 -0.1887
vn 0.1186 0.9840 -0.1327
vn -0.2079 0.2366 0.9491
vn -0.1186 -0.9840 0.1327
vn 0.1528 -0.9701 0.1887
vn -0.1186 0.9311 -0.3448
vn 0.1528 0.9451 -0.2888
vn 0.2079 -0.2366 -0.9491
vn 0.5162 0.8391 -0.1716
vn 0.5162 -0.8214 0.2425
vn 0.5512 -0.8342 0.0149
vn 0.5512 0.7436 -0.3785
vn 0.4865 0.8730 -0.0357
vn 0.4865 -0.7875 0.3784
vn 0.4273 -0.6932 0.5804
vn 0.4273 0.8846 0.1870
vn 0.9781 0.0503 0.2017
vn -0.4865 0.7875 -0.3784
vn -0.4865 -0.8730 0.0357
vn -0.4273 -0.8846 -0.1870
vn -0.4273 0.6932 -0.5804
vn -0.5162 0.8214 -0.2425
vn -0.5162 -0.8391 0.1716
vn -0.5512 -0.7436 0.3785
vn -0.5512 0.8342 -0.0149
vn -0.9781 -0.0503 -0.2017
vn -0.1011 0.9599 -0.2615
vn 0.1011 0.9703 -0.2198
vn -0.1011 -0.9703 0.2198
vn 0.1011 -0.9599 0.2615
vn -0.1868 -0.9530 0.2384
vn -0.1093 -0.9302 0.3504
vn -0.0669 -0.9621 0.2644
vn 0.1703 -0.9347 0.3120
vn 0.0531 -0.9218 0.3839
vn 0.0515 -0.9560 0.2888
vn -0.0170 -0.9477 0.3188
vn -0.1868 0.9534 -0.2369
vn -0.1093 0.9858 -0.1273
vn -0.0669 0.9736 -0.2182
vn 0.1703 0.9718 -0.1633
vn 0.0531 0.9942 -0.0938
vn 0.0515 0.9797 -0.1938
vn -0.0170 0.9864 -0.1634
vn -0.0931 -0.7615 0.6415
vn -0.0931 0.9735 0.2089
vn -0.1703 -0.9718 0.1633
vn -0.0531 -0.9942 0.0938
vn -0.0515 -0.9797 0.1938
vn 0.1868 -0.9534 0.2369
vn 0.1093 -0.9858 0.1273
vn 0.0669 -0.9736 0.2182
vn 0.0170 -0.9864 0.1634
vn -0.1703 0.9347 -0.3120
vn -0.0531 0.9218 -0.3839
vn -0.0515 0.9560 -0.2888
vn 0.1868 0.9530 -0.2384
vn 0.1093 0.9302 -0.3504
vn 0.0669 0.9621 -0.2644
vn 0.0170 0.9477 -0.3188
vn 0.0931 -0.9735 -0.2089
vn 0.0931 0.7615 -0.6415
vn 0.3398 0.9219 -0.1861
vn 0.7853 0.6056 -0.1285
vn 0.3111 0.9180 -0.2459
vn 0.3398 -0.9014 0.2685
vn 0.7853 -0.5950 0.1709
vn 0.3111 -0.9260 0.2139
vn 0.2604 -0.9652 0.0256
vn 0.8649 -0.5019 -0.0022
vn 0.2849 -0.9484 0.1391
vn 0.5659 -0.7597 -0.3203
vn 0.5290 -0.8341 0.1565
vn 0.2604 0.8642 -0.4305
vn 0.8649 0.4421 -0.2376
vn 0.2849 0.9027 -0.3224
vn 0.5659 0.5204 -0.6395
vn 0.5290 0.8099 -0.2534
vn 0.9413 -0.0817 -0.3276
vn 0.3277 0.9357 -0.1308
vn 0.7263 0.6728 0.1409
vn 0.2775 0.9563 -0.0925
vn 0.5064 0.8562 -0.1026
vn 0.3277 -0.8876 0.3238
vn 0.7263 -0.5279 0.4402
vn 0.2775 -0.8878 0.3673
vn 0.5064 -0.8041 0.3114
vn 0.1531 -0.8430 0.5157
vn 0.7398 -0.3596 0.5686
vn 0.2219 -0.8766 0.4269
vn 0.3158 -0.4751 0.8213
vn 0.4629 -0.7589 0.4580
vn 0.1531 0.9864 0.0596
vn 0.7398 0.5845 0.3332
vn 0.2219 0.9745 -0.0346
vn 0.3158 0.8051 0.5022
vn 0.4629 0.8851 0.0481
vn 0.7225 0.1672 0.6708
vn 0.9950 0.0242 0.0971
vn 0.9497 0.0758 0.3040
vn 0.7933 0.6081 -0.0287
vn 0.7933 -0.5505 0.2601
vn 0.7732 0.6310 0.0630
vn 0.7732 -0.5276 0.3518
vn -0.3277 0.8876 -0.3238
vn -0.7263 0.5279 -0.4402
vn -0.2775 0.8878 -0.3673
vn -0.3277 -0.9357 0.1308
vn -0.7263 -0.6728 -0.1409
vn -0.2775 -0.9563 0.0925
vn -0.1531 -0.9864 -0.0596
vn -0.7398 -0.5845 -0.3332
vn -0.2219 -0.9745 0.0346
vn -0.3158 -0.8051 -0.5022
vn -0.4629 -0.8851 -0.0481
vn -0.1531 0.8430 -0.5157
vn -0.7398 0.3596 -0.5686
vn -0.2219 0.8766 -0.4269
vn -0.3158 0.4751 -0.8213
vn -0.4629 0.7589 -0.4580
vn -0.7225 -0.1672 -0.6708
vn -0.3398 0.9014 -0.2685
vn -0.7853 0.5950 -0.1709
vn -0.3111 0.9260 -0.2139
vn -0.5064 0.8041 -0.3114
vn -0.3398 -0.9219 0.1861
vn -0.7853 -0.6056 0.1285
vn -0.3111 -0.9180 0.2459
vn -0.5064 -0.8562 0.1026
vn -0.2604 -0.8642 0.4305
vn -0.8649 -0.4421 0.2376
vn -0.2849 -0.9027 0.3224
vn -0.5659 -0.5204 0.6395
vn -0.5290 -0.8099 0.2534
vn -0.2604 0.9652 -0.0256
vn -0.8649 0.5019 0.0022
vn -0.2849 0.9484 -0.1391
vn -0.5659 0.7597 0.3203
vn -0.5290 0.8341 -0.1565
vn -0.9413 0.0817 0.3276
vn -0.9497 -0.0758 -0.3040
vn -0.9950 -0.0242 -0.0971
vn -0.7732 0.5276 -0.3518
vn -0.7732 -0.6310 -0.0630
vn -0.7933 0.5505 -0.2601
vn -0.7933 -0.6081 0.0287
vn -0.1557 0.9499 -0.2709
vn -0.0497 0.9665 -0.2519
vn 0.1557 0.9659 -0.2067
vn 0.0497 0.9716 -0.2314
vn -0.1557 -0.9659 0.2067
vn -0.0497 -0.9716 0.2314
vn 0.1557 -0.9499 0.2709
vn 0.0497 -0.9665 0.2519
vn -0.2022 -0.9555 0.2147
vn -0.1705 -0.9497 0.2628
vn -0.1407 -0.9631 0.2293
vn -0.0809 -0.9172 0.3901
vn -0.1322 -0.9390 0.3176
vn -0.0316 -0.9669 0.2534
vn -0.1058 -0.9553 0.2761
vn -0.0854 -0.9666 0.2417
vn -0.1247 -0.9596 0.2523
vn 0.1941 -0.9351 0.2964
vn 0.1455 -0.9334 0.3280
vn 0.1328 -0.9491 0.2857
vn 0.0102 -0.9125 0.4089
vn 0.0879 -0.9276 0.3630
vn -0.0281 -0.9295 0.3678
vn 0.0240 -0.9640 0.2648
vn 0.0817 -0.9456 0.3148
vn 0.0778 -0.9582 0.2754
vn -0.0078 -0.9607 0.2774
vn 0.1088 -0.9476 0.3004
vn -0.0832 -0.9489 0.3044
vn 0.0492 -0.9421 0.3317
vn -0.0588 -0.9408 0.3339
vn -0.0440 -0.9558 0.2907
vn 0.0145 -0.9370 0.3490
vn 0.0195 -0.9525 0.3038
vn -0.2022 0.9445 -0.2590
vn -0.1705 0.9619 -0.2138
vn -0.1407 0.9580 -0.2497
vn -0.0809 0.9930 -0.0862
vn -0.1322 0.9782 -0.1604
vn -0.0316 0.9726 -0.2302
vn -0.1058 0.9731 -0.2047
vn -0.0854 0.9669 -0.2404
vn -0.1247 0.9657 -0.2277
vn 0.1941 0.9648 -0.1773
vn 0.1455 0.9781 -0.1486
vn 0.1328 0.9721 -0.1933
vn 0.0102 0.9977 -0.0674
vn 0.0879 0.9895 -0.1150
vn -0.0281 0.9934 -0.1117
vn 0.0240 0.9755 -0.2187
vn 0.0817 0.9827 -0.1660
vn 0.0778 0.9753 -0.2067
vn -0.0078 0.9785 -0.2062
vn 0.1088 0.9777 -0.1796
vn -0.0832 0.9807 -0.1767
vn 0.0492 0.9875 -0.1494
vn -0.0588 0.9874 -0.1468
vn -0.0440 0.9804 -0.1920
vn 0.0145 0.9912 -0.1317
vn 0.0195 0.9837 -0.1790
vn -0.0620 -0.8555 0.5141
vn -0.1549 -0.4710 0.8684
vn -0.0620 0.9967 0.0523
vn -0.1549 0.8236 0.5456
vn -0.1941 -0.9648 0.1773
vn -0.1455 -0.9781 0.1486
vn -0.1328 -0.9721 0.1933
vn -0.0102 -0.9977 0.0674
vn -0.0879 -0.9895 0.1150
vn -0.0240 -0.9755 0.2187
vn -0.0817 -0.9827 0.1660
vn -0.0778 -0.9753 0.2067
vn -0.1088 -0.9777 0.1796
vn 0.2022 -0.9445 0.2590
vn 0.1705 -0.9619 0.2138
vn 0.1407 -0.9580 0.2497
vn 0.0809 -0.9930 0.0862
vn 0.1322 -0.9782 0.1604
vn 0.0281 -0.9934 0.1117
vn 0.0316 -0.9726 0.2302
vn 0.1058 -0.9731 0.2047
vn 0.0854 -0.9669 0.2404
vn 0.0078 -0.9785 0.2062
vn 0.1247 -0.9657 0.2277
vn -0.0492 -0.9875 0.1494
vn 0.0832 -0.9807 0.1767
vn -0.0145 -0.9912 0.1317
vn -0.0195 -0.9837 0.1790
vn 0.0588 -0.9874 0.1468
vn 0.0440 -0.9804 0.1920
vn -0.1941 0.9351 -0.2964
vn -0.1455 0.9334 -0.3280
vn -0.1328 0.9491 -0.2857
vn -0.0102 0.9125 -0.4089
vn -0.0879 0.9276 -0.3630
vn -0.0240 0.9640 -0.2648
vn -0.0817 0.9456 -0.3148
vn -0.0778 0.9582 -0.2754
vn -0.1088 0.9476 -0.3004
vn 0.2022 0.9555 -0.2147
vn 0.1705 0.9497 -0.2628
vn 0.1407 0.9631 -0.2293
vn 0.0809 0.9172 -0.3901
vn 0.1322 0.9390 -0.3176
vn 0.0281 0.9295 -0.3678
vn 0.0316 0.9669 -0.2534
vn 0.1058 0.9553 -0.2761
vn 0.0854 0.9666 -0.2417
vn 0.0078 0.9607 -0.2774
vn 0.1247 0.9596 -0.2523
vn -0.0492 0.9421 -0.3317
vn 0.0832 0.9489 -0.3044
vn -0.0145 0.9370 -0.3490
vn -0.0195 0.9525 -0.3038
vn 0.0588 0.9408 -0.3339
vn 0.0440 0.9558 -0.2907
vn 0.0620 -0.9967 -0.0523
vn 0.1549 -0.8236 -0.5456
vn 0.0620 0.8555 -0.5141
vn 0.1549 0.4710 -0.8684
vn 0.2736 0.9430 -0.1895
vn 0.4189 0.8899 -0.1806
vn 0.2577 0.9419 -0.2155
vn 0.9312 0.3553 -0.0817
vn 0.6382 0.7539 -0.1560
vn 0.2280 0.9354 -0.2702
vn 0.4070 0.8879 -0.2145
vn 0.2420 0.9396 -0.2419
vn 0.3242 0.9212 -0.2151
vn 0.2736 -0.9216 0.2754
vn 0.4189 -0.8705 0.2583
vn 0.2577 -0.9328 0.2519
vn 0.9312 -0.3521 0.0946
vn 0.6382 -0.7389 0.2163
vn 0.2280 -0.9528 0.2006
vn 0.4070 -0.8847 0.2274
vn 0.2420 -0.9432 0.2276
vn 0.3242 -0.9144 0.2425
vn 0.1440 -0.9892 0.0289
vn 0.3962 -0.9179 0.0217
vn 0.1704 -0.9814 0.0880
vn 0.1981 -0.9778 -0.0678
vn 0.9660 -0.2585 -0.0111
vn 0.7155 -0.6986 0.0076
vn 0.8231 -0.5594 0.0983
vn 0.2106 -0.9630 0.1680
vn 0.3916 -0.9152 0.0948
vn 0.1910 -0.9726 0.1325
vn 0.2982 -0.9374 0.1800
vn 0.2724 -0.9579 0.0906
vn 0.4811 -0.5756 -0.6612
vn 0.5665 -0.8169 -0.1088
vn 0.3022 -0.9169 -0.2609
vn 0.3660 -0.9267 -0.0858
vn 0.5209 -0.8290 0.2037
vn 0.5376 -0.8377 0.0968
vn 0.6582 -0.7346 0.1646
vn 0.4029 -0.8949 0.1919
vn 0.6833 -0.7234 0.0990
vn 0.3978 -0.9054 0.1481
vn 0.1440 0.8869 -0.4389
vn 0.3962 0.8206 -0.4117
vn 0.1704 0.9079 -0.3830
vn 0.1981 0.8315 -0.5189
vn 0.9660 0.2230 -0.1312
vn 0.7155 0.6204 -0.3213
vn 0.8231 0.5400 -0.1758
vn 0.9896 -0.0348 -0.1395
vn 0.2106 0.9292 -0.3038
vn 0.3916 0.8526 -0.3459
vn 0.1910 0.9210 -0.3396
vn 0.2982 0.9121 -0.2812
vn 0.2724 0.8883 -0.3697
vn 0.4811 0.1978 -0.8541
vn 0.5665 0.6702 -0.4795
vn 0.3022 0.6871 -0.6608
vn 0.7432 -0.1619 -0.6492
vn 0.3660 0.7779 -0.5108
vn 0.5209 0.8276 -0.2093
vn 0.5376 0.7850 -0.3078
vn 0.6582 0.7259 -0.1996
vn 0.4029 0.8803 -0.2507
vn 0.6833 0.6852 -0.2522
vn 0.3978 0.8690 -0.2943
vn 0.7861 -0.6034 -0.1340
vn 0.7861 0.4698 -0.4016
vn 0.9336 -0.3295 -0.1411
vn 0.8220 -0.4462 -0.3540
vn 0.9336 0.2247 -0.2792
vn 0.8220 0.2278 -0.5220
vn 0.2680 0.9494 -0.1637
vn 0.3989 0.9126 -0.0897
vn 0.2430 0.9586 -0.1487
vn 0.3346 0.9290 -0.1583
vn 0.8534 0.4439 0.2734
vn 0.5956 0.8023 0.0382
vn 0.1937 0.9745 -0.1137
vn 0.3745 0.9249 -0.0663
vn 0.2181 0.9669 -0.1327
vn 0.3020 0.9466 -0.1134
vn 0.5133 0.8473 -0.1366
vn 0.4984 0.8643 -0.0685
vn 0.4141 0.8978 -0.1497
vn 0.4075 0.9053 -0.1199
vn 0.2680 -0.9152 0.3012
vn 0.3989 -0.8479 0.3493
vn 0.2430 -0.9162 0.3187
vn 0.3346 -0.8946 0.2963
vn 0.8534 -0.2635 0.4498
vn 0.5956 -0.6905 0.4104
vn 0.1937 -0.9138 0.3571
vn 0.3745 -0.8477 0.3757
vn 0.2181 -0.9160 0.3368
vn 0.3020 -0.8890 0.3443
vn 0.5133 -0.8122 0.2772
vn 0.4984 -0.7953 0.3452
vn 0.4141 -0.8631 0.2893
vn 0.4075 -0.8556 0.3192
vn 0.0456 -0.8772 0.4780
vn 0.2802 -0.7859 0.5513
vn 0.0938 -0.8943 0.4375
vn 0.0580 -0.8184 0.5717
vn 0.8526 -0.1295 0.5063
vn 0.5879 -0.5534 0.5901
vn 0.7357 -0.4599 0.4973
vn 0.1639 -0.9099 0.3810
vn 0.3051 -0.8168 0.4896
vn 0.1311 -0.9044 0.4061
vn 0.2512 -0.8839 0.3945
vn 0.1904 -0.8645 0.4651
vn 0.1219 -0.1668 0.9784
vn 0.3942 -0.6208 0.6777
vn 0.0829 -0.6673 0.7402
vn 0.2093 -0.7483 0.6294
vn 0.4747 -0.7764 0.4146
vn 0.4468 -0.7344 0.5108
vn 0.5939 -0.6615 0.4578
vn 0.3557 -0.8412 0.4072
vn 0.5921 -0.6196 0.5153
vn 0.3327 -0.8314 0.4450
vn 0.0456 0.9989 0.0102
vn 0.2802 0.9527 0.1178
vn 0.0938 0.9950 -0.0335
vn 0.0580 0.9910 0.1206
vn 0.8526 0.3520 0.3862
vn 0.5879 0.7656 0.2612
vn 0.7357 0.6395 0.2232
vn 0.8456 0.1292 0.5180
vn 0.1639 0.9823 -0.0908
vn 0.3051 0.9511 0.0489
vn 0.1311 0.9892 -0.0661
vn 0.2512 0.9656 -0.0667
vn 0.1904 0.9817 0.0048
vn 0.1219 0.6066 0.7856
vn 0.3942 0.8663 0.3069
vn 0.0829 0.9367 0.3403
vn 0.4069 0.2210 0.8864
vn 0.2093 0.9562 0.2044
vn 0.4747 0.8802 0.0016
vn 0.4468 0.8883 0.1062
vn 0.5939 0.7990 0.0937
vn 0.3557 0.9339 -0.0354
vn 0.5921 0.7889 0.1641
vn 0.3327 0.9430 0.0026
vn 0.6059 -0.3982 0.6887
vn 0.6059 0.6749 0.4211
vn 0.7648 -0.1374 0.6295
vn 0.5673 -0.1563 0.8085
vn 0.7648 0.4168 0.4913
vn 0.5673 0.5176 0.6405
vn 0.9991 0.0102 0.0407
vn 0.9881 0.0372 0.1494
vn 0.9340 0.3566 -0.0224
vn 0.9340 -0.3254 0.1476
vn 0.9298 0.0890 0.3571
vn 0.9653 0.0632 0.2535
vn 0.8795 0.4186 0.2264
vn 0.8795 -0.2633 0.3964
vn 0.6460 0.7551 -0.1120
vn 0.9240 0.3737 0.0811
vn 0.7936 0.6036 -0.0768
vn 0.6408 0.7643 -0.0724
vn 0.9325 0.3598 0.0318
vn 0.6460 -0.7193 0.2556
vn 0.9240 -0.2919 0.2471
vn 0.7936 -0.5690 0.2156
vn 0.6408 -0.7088 0.2949
vn 0.9325 -0.3028 0.1970
vn 0.6202 0.7844 0.0055
vn 0.9129 0.3864 0.1318
vn 0.7541 0.6486 0.1036
vn 0.6320 0.7743 -0.0324
vn 0.8998 0.3970 0.1809
vn 0.7884 0.6149 0.0194
vn 0.6202 -0.6900 0.3731
vn 0.9129 -0.2793 0.2977
vn 0.7541 -0.5240 0.3960
vn 0.6320 -0.6988 0.3349
vn 0.8998 -0.2656 0.3461
vn 0.7884 -0.5338 0.3058
vn -0.2680 0.9152 -0.3012
vn -0.3989 0.8479 -0.3493
vn -0.2430 0.9162 -0.3187
vn -0.8534 0.2635 -0.4498
vn -0.5956 0.6905 -0.4104
vn -0.1937 0.9138 -0.3571
vn -0.3745 0.8477 -0.3757
vn -0.2181 0.9160 -0.3368
vn -0.3020 0.8890 -0.3443
vn -0.2680 -0.9494 0.1637
vn -0.3989 -0.9126 0.0897
vn -0.2430 -0.9586 0.1487
vn -0.8534 -0.4439 -0.2734
vn -0.5956 -0.8023 -0.0382
vn -0.1937 -0.9745 0.1137
vn -0.3745 -0.9249 0.0663
vn -0.2181 -0.9669 0.1327
vn -0.3020 -0.9466 0.1134
vn -0.0456 -0.9989 -0.0102
vn -0.2802 -0.9527 -0.1178
vn -0.0938 -0.9950 0.0335
vn -0.0580 -0.9910 -0.1206
vn -0.8526 -0.3520 -0.3862
vn -0.5879 -0.7656 -0.2612
vn -0.7357 -0.6395 -0.2232
vn -0.1639 -0.9823 0.0908
vn -0.3051 -0.9511 -0.0489
vn -0.1311 -0.9892 0.0661
vn -0.2512 -0.9656 0.0667
vn -0.1904 -0.9817 -0.0048
vn -0.1219 -0.6066 -0.7856
vn -0.3942 -0.8663 -0.3069
vn -0.0829 -0.9367 -0.3403
vn -0.2093 -0.9562 -0.2044
vn -0.4747 -0.8802 -0.0016
vn -0.4468 -0.8883 -0.1062
vn -0.5939 -0.7990 -0.0937
vn -0.3557 -0.9339 0.0354
vn -0.5921 -0.7889 -0.1641
vn -0.3327 -0.9430 -0.0026
vn -0.0456 0.8772 -0.4780
vn -0.2802 0.7859 -0.5513
vn -0.0938 0.8943 -0.4375
vn -0.0580 0.8184 -0.5717
vn -0.8526 0.1295 -0.5063
vn -0.5879 0.5534 -0.5901
vn -0.7357 0.4599 -0.4973
vn -0.8456 -0.1292 -0.5180
vn -0.1639 0.9099 -0.3810
vn -0.3051 0.8168 -0.4896
vn -0.1311 0.9044 -0.4061
vn -0.2512 0.8839 -0.3945
vn -0.1904 0.8645 -0.4651
vn -0.1219 0.1668 -0.9784
vn -0.3942 0.6208 -0.6777
vn -0.0829 0.6673 -0.7402
vn -0.4069 -0.2210 -0.8864
vn -0.2093 0.7483 -0.6294
vn -0.4747 0.7764 -0.4146
vn -0.4468 0.7344 -0.5108
vn -0.5939 0.6615 -0.4578
vn -0.3557 0.8412 -0.4072
vn -0.5921 0.6196 -0.5153
vn -0.3327 0.8314 -0.4450
vn -0.6059 -0.6749 -0.4211
vn -0.6059 0.3982 -0.6887
vn -0.7648 -0.4168 -0.4913
vn -0.5673 -0.5176 -0.6405
vn -0.7648 0.1374 -0.6295
vn -0.5673 0.1563 -0.8085
vn -0.2736 0.9216 -0.2754
vn -0.4189 0.8705 -0.2583
vn -0.2577 0.9328 -0.2519
vn -0.3346 0.8946 -0.2963
vn -0.9312 0.3521 -0.0946
vn -0.6382 0.7389 -0.2163
vn -0.2280 0.9528 -0.2006
vn -0.4070 0.8847 -0.2274
vn -0.2420 0.9432 -0.2276
vn -0.3242 0.9144 -0.2425
vn -0.4984 0.7953 -0.3452
vn -0.5133 0.8122 -0.2772
vn -0.4075 0.8556 -0.3192
vn -0.4141 0.8631 -0.2893
vn -0.2736 -0.9430 0.1895
vn -0.4189 -0.8899 0.1806
vn -0.2577 -0.9419 0.2155
vn -0.3346 -0.9290 0.1583
vn -0.9312 -0.3553 0.0817
vn -0.6382 -0.7539 0.1560
vn -0.2280 -0.9354 0.2702
vn -0.4070 -0.8879 0.2145
vn -0.2420 -0.9396 0.2419
vn -0.3242 -0.9212 0.2151
vn -0.4984 -0.8643 0.0685
vn -0.5133 -0.8473 0.1366
vn -0.4075 -0.9053 0.1199
vn -0.4141 -0.8978 0.1497
vn -0.1440 -0.8869 0.4389
vn -0.3962 -0.8206 0.4117
vn -0.1704 -0.9079 0.3830
vn -0.1981 -0.8315 0.5189
vn -0.9660 -0.2230 0.1312
vn -0.7155 -0.6204 0.3213
vn -0.8231 -0.5400 0.1758
vn -0.2106 -0.9292 0.3038
vn -0.3916 -0.8526 0.3459
vn -0.1910 -0.9210 0.3396
vn -0.2982 -0.9121 0.2812
vn -0.2724 -0.8883 0.3697
vn -0.4811 -0.1978 0.8541
vn -0.5665 -0.6702 0.4795
vn -0.3022 -0.6871 0.6608
vn -0.3660 -0.7779 0.5108
vn -0.5209 -0.8276 0.2093
vn -0.5376 -0.7850 0.3078
vn -0.6582 -0.7259 0.1996
vn -0.4029 -0.8803 0.2507
vn -0.6833 -0.6852 0.2522
vn -0.3978 -0.8690 0.2943
vn -0.1440 0.9892 -0.0289
vn -0.3962 0.9179 -0.0217
vn -0.1704 0.9814 -0.0880
vn -0.1981 0.9778 0.0678
vn -0.9660 0.2585 0.0111
vn -0.7155 0.6986 -0.0076
vn -0.8231 0.5594 -0.0983
vn -0.9896 0.0348 0.1395
vn -0.2106 0.9630 -0.1680
vn -0.3916 0.9152 -0.0948
vn -0.1910 0.9726 -0.1325
vn -0.2982 0.9374 -0.1800
vn -0.2724 0.9579 -0.0906
vn -0.4811 0.5756 0.6612
vn -0.5665 0.8169 0.1088
vn -0.3022 0.9169 0.2609
vn -0.7432 0.1619 0.6492
vn -0.3660 0.9267 0.0858
vn -0.5209 0.8290 -0.2037
vn -0.5376 0.8377 -0.0968
vn -0.6582 0.7346 -0.1646
vn -0.4029 0.8949 -0.1919
vn -0.6833 0.7234 -0.0990
vn -0.3978 0.9054 -0.1481
vn -0.7861 -0.4698 0.4016
vn -0.7861 0.6034 0.1340
vn -0.9336 -0.2247 0.2792
vn -0.8220 -0.2278 0.5220
vn -0.9336 0.3295 0.1411
vn -0.8220 0.4462 0.3540
vn -0.9298 -0.0890 -0.3571
vn -0.9653 -0.0632 -0.2535
vn -0.8795 0.2633 -0.3964
vn -0.8795 -0.4186 -0.2264
vn -0.9991 -0.0102 -0.0407
vn -0.9881 -0.0372 -0.1494
vn -0.9340 0.3254 -0.1476
vn -0.9340 -0.3566 0.0224
vn -0.6202 0.6900 -0.3731
vn -0.9129 0.2793 -0.2977
vn -0.7541 0.5240 -0.3960
vn -0.6320 0.6988 -0.3349
vn -0.8998 0.2656 -0.3461
vn -0.6202 -0.7844 -0.0055
vn -0.9129 -0.3864 -0.1318
vn -0.7541 -0.6486 -0.1036
vn -0.6320 -0.7743 0.0324
vn -0.8998 -0.3970 -0.1809
vn -0.6460 0.7193 -0.2556
vn -0.9240 0.2919 -0.2471
vn -0.7936 0.5690 -0.2156
vn -0.6408 0.7088 -0.2949
vn -0.9325 0.3028 -0.1970
vn -0.7884 0.5338 -0.3058
vn -0.6460 -0.7551 0.1120
vn -0.9240 -0.3737 -0.0811
vn -0.7936 -0.6036 0.0768
vn -0.6408 -0.7643 0.0724
vn -0.9325 -0.3598 -0.0318
vn -0.7884 -0.6149 -0.0194
f 2925//2925 3457//3457 3121//3121
f 3457//3457 3062//3062 3459//3459
f 3121//3121 3459//3459 2978//2978
f 3457//3457 3459//3459 3121//3121
f 3062//3062 3458//3458 3466//3466
f 3458//3458 2962//2962 3464//3464
f 3466//3466 3464//3464 3064//3064
f 3458//3458 3464//3464 3466//3466
f 2978//2978 3465//3465 3122//3122
f 3465//3465 3064//3064 3463//3463
f 3122//3122 3463//3463 2941//2941
f 3465//3465 3463//3463 3122//3122
f 3062//3062 3466//3466 3459//3459
f 3466//3466 3064//3064 3465//3465
f 3459//3459 3465//3465 2978//2978
f 3466//3466 3465//3465 3459//3459
f 2962//2962 3462//3462 3525//3525
f 3462//3462 3063//3063 3527//3527
f 3525//3525 3527//3527 3079//3079
f 3462//3462 3527//3527 3525//3525
f 3063//3063 3461//3461 3513//3513
f 3461//3461 2936//2936 3511//3511
f 3513//3513 3511//3511 3076//3076
f 3461//3461 3511//3511 3513//3513
f 3079//3079 3529//3529 3526//3526
f 3529//3529 3076//3076 3512//3512
f 3526//3526 3512//3512 2965//2965
f 3529//3529 3512//3512 3526//3526
f 3063//3063 3513//3513 3527//3527
f 3513//3513 3076//3076 3529//3529
f 3527//3527 3529//3529 3079//3079
f 3513//3513 3529//3529 3527//3527
f 2941//2941 3515//3515 3125//3125
f 3515//3515 3077//3077 3517//3517
f 3125//3125 3517//3517 2979//2979
f 3515//3515 3517//3517 3125//3125
f 3077//3077 3516//3516 3519//3519
f 3516//3516 2965//2965 3508//3508
f 3519//3519 3508//3508 3075//3075
f 3516//3516 3508//3508 3519//3519
f 2979//2979 3509//3509 3124//3124
f 3509//3509 3075//3075 3507//3507
f 3124//3124 3507//3507 2930//2930
f 3509//3509 3507//3507 3124//3124
f 3077//3077 3519//3519 3517//3517
f 3519//3519 3075//3075 3509//3509
f 3517//3517 3509//3509 2979//2979
f 3519//3519 3509//3509 3517//3517
f 2962//2962 3525//3525 3464//3464
f 3525//3525 3079//3079 3528//3528
f 3464//3464 3528//3528 3064//3064
f 3525//3525 3528//3528 3464//3464
f 3079//3079 3526//3526 3530//3530
f 3526//3526 2965//2965 3516//3516
f 3530//3530 3516//3516 3077//3077
f 3526//3526 3516//3516 3530//3530
f 3064//3064 3518//3518 3463//3463
f 3518//3518 3077//3077 3515//3515
f 3463//3463 3515//3515 2941//2941
f 3518//3518 3515//3515 3463//3463
f 3079//3079 3530//3530 3528//3528
f 3530//3530 3077//3077 3518//3518
f 3528//3528 3518//3518 3064//3064
f 3530//3530 3518//3518 3528//3528
f 2925//2925 3121//3121 3087//3087
f 3121//3121 2978//2978 3123//3123
f 3087//3087 3123//3123 2967//2967
f 3121//3121 3123//3123 3087//3087
f 2978//2978 3122//3122 3129//3129
f 3122//3122 2941//2941 3127//3127
f 3129//3129 3127//3127 2980//2980
f 3122//3122 3127//3127 3129//3129
f 2967//2967 3128//3128 3088//3088
f 3128//3128 2980//2980 3126//3126
f 3088//3088 3126//3126 2937//2937
f 3128//3128 3126//3126 3088//3088
f 2978//2978 3129//3129 3123//3123
f 3129//3129 2980//2980 3128//3128
f 3123//3123 3128//3128 2967//2967
f 3129//3129 3128//3128 3123//3123
f 2941//2941 3125//3125 3141//3141
f 3125//3125 2979//2979 3143//3143
f 3141//3141 3143//3143 2984//2984
f 3125//3125 3143//3143 3141//3141
f 2979//2979 3124//3124 3135//3135
f 3124//3124 2930//2930 3133//3133
f 3135//3135 3133//3133 2982//2982
f 3124//3124 3133//3133 3135//3135
f 2984//2984 3145//3145 3142//3142
f 3145//3145 2982//2982 3134//3134
f 3142//3142 3134//3134 2942//2942
f 3145//3145 3134//3134 3142//3142
f 2979//2979 3135//3135 3143//3143
f 3135//3135 2982//2982 3145//3145
f 3143//3143 3145//3145 2984//2984
f 3135//3135 3145//3145 3143//3143
f 2937//2937 3136//3136 3090//3090
f 3136//3136 2983//2983 3138//3138
f 3090//3090 3138//3138 2968//2968
f 3136//3136 3138//3138 3090//3090
f 2983//2983 3137//3137 3140//3140
f 3137//3137 2942//2942 3131//3131
f 3140//3140 3131//3131 2981//2981
f 3137//3137 3131//3131 3140//3140
f 2968//2968 3132//3132 3089//3089
f 3132//3132 2981//2981 3130//3130
f 3089//3089 3130//3130 2926//2926
f 3132//3132 3130//3130 3089//3089
f 2983//2983 3140//3140 3138//3138
f 3140//3140 2981//2981 3132//3132
f 3138//3138 3132//3132 2968//2968
f 3140//3140 3132//3132 3138//3138
f 2941//2941 3141//3141 3127//3127
f 3141//3141 2984//2984 3144//3144
f 3127//3127 3144//3144 2980//2980
f 3141//3141 3144//3144 3127//3127
f 2984//2984 3142//3142 3146//3146
f 3142//3142 2942//2942 3137//3137
f 3146//3146 3137//3137 2983//2983
f 3142//3142 3137//3137 3146//3146
f 2980//2980 3139//3139 3126//3126
f 3139//3139 2983//2983 3136//3136
f 3126//3126 3136//3136 2937//2937
f 3139//3139 3136//3136 3126//3126
f 2984//2984 3146//3146 3144//3144
f 3146//3146 2983//2983 3139//3139
f 3144//3144 3139//3139 2980//2980
f 3146//3146 3139//3139 3144//3144
f 2925//2925 3087//3087 3177//3177
f 3087//3087 2967//2967 3179//3179
f 3177//3177 3179//3179 2994//2994
f 3087//3087 3179//3179 3177//3177
f 2967//2967 3088//3088 3184//3184
f 3088//3088 2937//2937 3182//3182
f 3184//3184 3182//3182 2996//2996
f 3088//3088 3182//3182 3184//3184
f 2994//2994 3185//3185 3178//3178
f 3185//3185 2996//2996 3183//3183
f 3178//3178 3183//3183 2946//2946
f 3185//3185 3183//3183 3178//3178
f 2967//2967 3184//3184 3179//3179
f 3184//3184 2996//2996 3185//3185
f 3179//3179 3185//3185 2994//2994
f 3184//3184 3185//3185 3179//3179
f 2937//2937 3090//3090 3192//3192
f 3090//3090 2968//2968 3194//3194
f 3192//3192 3194//3194 2999//2999
f 3090//3090 3194//3194 3192//3192
f 2968//2968 3089//3089 3188//3188
f 3089//3089 2926//2926 3186//3186
f 3188//3188 3186//3186 2997//2997
f 3089//3089 3186//3186 3188//3188
f 2999//2999 3196//3196 3193//3193
f 3196//3196 2997//2997 3187//3187
f 3193//3193 3187//3187 2947//2947
f 3196//3196 3187//3187 3193//3193
f 2968//2968 3188//3188 3194//3194
f 3188//3188 2997//2997 3196//3196
f 3194//3194 3196//3196 2999//2999
f 3188//3188 3196//3196 3194//3194
f 2946//2946 3197//3197 3181//3181
f 3197//3197 3000//3000 3199//3199
f 3181//3181 3199//3199 2995//2995
f 3197//3197 3199//3199 3181//3181
f 3000//3000 3198//3198 3201//3201
f 3198//3198 2947//2947 3190//3190
f 3201//3201 3190//3190 2998//2998
f 3198//3198 3190//3190 3201//3201
f 2995//2995 3191//3191 3180//3180
f 3191//3191 2998//2998 3189//3189
f 3180//3180 3189//3189 2932//2932
f 3191//3191 3189//3189 3180//3180
f 3000//3000 3201//3201 3199//3199
f 3201//3201 2998//2998 3191//3191
f 3199//3199 3191//3191 2995//2995
f 3201//3201 3191//3191 3199//3199
f 2937//2937 3192//3192 3182//3182
f 3192//3192 2999//2999 3195//3195
f 3182//3182 3195//3195 2996//2996
f 3192//3192 3195//3195 3182//3182
f 2999//2999 3193//3193 3202//3202
f 3193//3193 2947//2947 3198//3198
f 3202//3202 3198//3198 3000//3000
f 3193//3193 3198//3198 3202//3202
f 2996//2996 3200//3200 3183//3183
f 3200//3200 3000//3000 3197//3197
f 3183//3183 3197//3197 2946//2946
f 3200//3200 3197//3197 3183//3183
f 2999//2999 3202//3202 3195//3195
f 3202//3202 3000//3000 3200//3200
f 3195//3195 3200//3200 2996//2996
f 3202//3202 3200//3200 3195//3195
f 2925//2925 3177//3177 3387//3387
f 3177//3177 2994//2994 3389//3389
f 3387//3387 3389//3389 3045//3045
f 3177//3177 3389//3389 3387//3387
f 2994//2994 3178//3178 3394//3394
f 3178//3178 2946//2946 3392//3392
f 3394//3394 3392//3392 3047//3047
f 3178//3178 3392//3392 3394//3394
f 3045//3045 3395//3395 3388//3388
f 3395//3395 3047//3047 3393//3393
f 3388//3388 3393//3393 2958//2958
f 3395//3395 3393//3393 3388//3388
f 2994//2994 3394//3394 3389//3389
f 3394//3394 3047//3047 3395//3395
f 3389//3389 3395//3395 3045//3045
f 3394//3394 3395//3395 3389//3389
f 2946//2946 3181//3181 3435//3435
f 3181//3181 2995//2995 3437//3437
f 3435//3435 3437//3437 3058//3058
f 3181//3181 3437//3437 3435//3435
f 2995//2995 3180//3180 3429//3429
f 3180//3180 2932//2932 3427//3427
f 3429//3429 3427//3427 3056//3056
f 3180//3180 3427//3427 3429//3429
f 3058//3058 3439//3439 3436//3436
f 3439//3439 3056//3056 3428//3428
f 3436//3436 3428//3428 2961//2961
f 3439//3439 3428//3428 3436//3436
f 2995//2995 3429//3429 3437//3437
f 3429//3429 3056//3056 3439//3439
f 3437//3437 3439//3439 3058//3058
f 3429//3429 3439//3439 3437//3437
f 2958//2958 3445//3445 3391//3391
f 3445//3445 3060//3060 3447//3447
f 3391//3391 3447//3447 3046//3046
f 3445//3445 3447//3447 3391//3391
f 3060//3060 3446//3446 3449//3449
f 3446//3446 2961//2961 3432//3432
f 3449//3449 3432//3432 3057//3057
f 3446//3446 3432//3432 3449//3449
f 3046//3046 3433//3433 3390//3390
f 3433//3433 3057//3057 3431//3431
f 3390//3390 3431//3431 2935//2935
f 3433//3433 3431//3431 3390//3390
f 3060//3060 3449//3449 3447//3447
f 3449//3449 3057//3057 3433//3433
f 3447//3447 3433//3433 3046//3046
f 3449//3449 3433//3433 3447//3447
f 2946//2946 3435//3435 3392//3392
f 3435//3435 3058//3058 3438//3438
f 3392//3392 3438//3438 3047//3047
f 3435//3435 3438//3438 3392//3392
f 3058//3058 3436//3436 3450//3450
f 3436//3436 2961//2961 3446//3446
f 3450//3450 3446//3446 3060//3060
f 3436//3436 3446//3446 3450//3450
f 3047//3047 3448//3448 3393//3393
f 3448//3448 3060//3060 3445//3445
f 3393//3393 3445//3445 2958//2958
f 3448//3448 3445//3445 3393//3393
f 3058//3058 3450//3450 3438//3438
f 3450//3450 3060//3060 3448//3448
f 3438//3438 3448//3448 3047//3047
f 3450//3450 3448//3448 3438//3438
f 2925//2925 3387//3387 3457//3457
f 3387//3387 3045//3045 3460//3460
f 3457//3457 3460//3460 3062//3062
f 3387//3387 3460//3460 3457//3457
f 3045//3045 3388//3388 3469//3469
f 3388//3388 2958//2958 3467//3467
f 3469//3469 3467//3467 3065//3065
f 3388//3388 3467//3467 3469//3469
f 3062//3062 3470//3470 3458//3458
f 3470//3470 3065//3065 3468//3468
f 3458//3458 3468//3468 2962//2962
f 3470//3470 3468//3468 3458//3458
f 3045//3045 3469//3469 3460//3460
f 3469//3469 3065//3065 3470//3470
f 3460//3460 3470//3470 3062//3062
f 3469//3469 3470//3470 3460//3460
f 2958//2958 3391//3391 3545//3545
f 3391//3391 3046//3046 3547//3547
f 3545//3545 3547//3547 3083//3083
f 3391//3391 3547//3547 3545//3545
f 3046//3046 3390//3390 3539//3539
f 3390//3390 2935//2935 3537//3537
f 3539//3539 3537//3537 3081//3081
f 3390//3390 3537//3537 3539//3539
f 3083//3083 3549//3549 3546//3546
f 3549//3549 3081//3081 3538//3538
f 3546//3546 3538//3538 2966//2966
f 3549//3549 3538//3538 3546//3546
f 3046//3046 3539//3539 3547//3547
f 3539//3539 3081//3081 3549//3549
f 3547//3547 3549//3549 3083//3083
f 3539//3539 3549//3549 3547//3547
f 2962//2962 3555//3555 3462//3462
f 3555//3555 3085//3085 3557//3557
f 3462//3462 3557//3557 3063//3063
f 3555//3555 3557//3557 3462//3462
f 3085//3085 3556//3556 3559//3559
f 3556//3556 2966//2966 3542//3542
f 3559//3559 3542//3542 3082//3082
f 3556//3556 3542//3542 3559//3559
f 3063//3063 3543//3543 3461//3461
f 3543//3543 3082//3082 3541//3541
f 3461//3461 3541//3541 2936//2936
f 3543//3543 3541//3541 3461//3461
f 3085//3085 3559//3559 3557//3557
f 3559//3559 3082//3082 3543//3543
f 3557//3557 3543//3543 3063//3063
f 3559//3559 3543//3543 3557//3557
f 2958//2958 3545//3545 3467//3467
f 3545//3545 3083//3083 3548//3548
f 3467//3467 3548//3548 3065//3065
f 3545//3545 3548//3548 3467//3467
f 3083//3083 3546//3546 3560//3560
f 3546//3546 2966//2966 3556//3556
f 3560//3560 3556//3556 3085//3085
f 3546//3546 3556//3556 3560//3560
f 3065//3065 3558//3558 3468//3468
f 3558//3558 3085//3085 3555//3555
f 3468//3468 3555//3555 2962//2962
f 3558//3558 3555//3555 3468//3468
f 3083//3083 3560//3560 3548//3548
f 3560//3560 3085//3085 3558//3558
f 3548//3548 3558//3558 3065//3065
f 3560//3560 3558//3558 3548//3548
f 2926//2926 3130//3130 3277//3277
f 3130//3130 2981//2981 3279//3279
f 3277//3277 3279//3279 3020//3020
f 3130//3130 3279//3279 3277//3277
f 2981//2981 3131//3131 3285//3285
f 3131//3131 2942//2942 3283//3283
f 3285//3285 3283//3283 3022//3022
f 3131//3131 3283//3283 3285//3285
f 3020//3020 3286//3286 3278//3278
f 3286//3286 3022//3022 3284//3284
f 3278//3278 3284//3284 2953//2953
f 3286//3286 3284//3284 3278//3278
f 2981//2981 3285//3285 3279//3279
f 3285//3285 3022//3022 3286//3286
f 3279//3279 3286//3286 3020//3020
f 3285//3285 3286//3286 3279//3279
f 2942//2942 3134//3134 3335//3335
f 3134//3134 2982//2982 3337//3337
f 3335//3335 3337//3337 3035//3035
f 3134//3134 3337//3337 3335//3335
f 2982//2982 3133//3133 3329//3329
f 3133//3133 2930//2930 3327//3327
f 3329//3329 3327//3327 3033//3033
f 3133//3133 3327//3327 3329//3329
f 3035//3035 3339//3339 3336//3336
f 3339//3339 3033//3033 3328//3328
f 3336//3336 3328//3328 2956//2956
f 3339//3339 3328//3328 3336//3336
f 2982//2982 3329//3329 3337//3337
f 3329//3329 3033//3033 3339//3339
f 3337//3337 3339//3339 3035//3035
f 3329//3329 3339//3339 3337//3337
f 2953//2953 3345//3345 3282//3282
f 3345//3345 3037//3037 3347//3347
f 3282//3282 3347//3347 3021//3021
f 3345//3345 3347//3347 3282//3282
f 3037//3037 3346//3346 3349//3349
f 3346//3346 2956//2956 3332//3332
f 3349//3349 3332//3332 3034//3034
f 3346//3346 3332//3332 3349//3349
f 3021//3021 3333//3333 3281//3281
f 3333//3333 3034//3034 3331//3331
f 3281//3281 3331//3331 2934//2934
f 3333//3333 3331//3331 3281//3281
f 3037//3037 3349//3349 3347//3347
f 3349//3349 3034//3034 3333//3333
f 3347//3347 3333//3333 3021//3021
f 3349//3349 3333//3333 3347//3347
f 2942//2942 3335//3335 3283//3283
f 3335//3335 3035//3035 3338//3338
f 3283//3283 3338//3338 3022//3022
f 3335//3335 3338//3338 3283//3283
f 3035//3035 3336//3336 3350//3350
f 3336//3336 2956//2956 3346//3346
f 3350//3350 3346//3346 3037//3037
f 3336//3336 3346//3346 3350//3350
f 3022//3022 3348//3348 3284//3284
f 3348//3348 3037//3037 3345//3345
f 3284//3284 3345//3345 2953//2953
f 3348//3348 3345//3345 3284//3284
f 3035//3035 3350//3350 3338//3338
f 3350//3350 3037//3037 3348//3348
f 3338//3338 3348//3348 3022//3022
f 3350//3350 3348//3348 3338//3338
f 2930//2930 3507//3507 3149//3149
f 3507//3507 3075//3075 3510//3510
f 3149//3149 3510//3510 2986//2986
f 3507//3507 3510//3510 3149//3149
f 3075//3075 3508//3508 3524//3524
f 3508//3508 2965//2965 3521//3521
f 3524//3524 3521//3521 3078//3078
f 3508//3508 3521//3521 3524//3524
f 2986//2986 3522//3522 3150//3150
f 3522//3522 3078//3078 3520//3520
f 3150//3150 3520//3520 2943//2943
f 3522//3522 3520//3520 3150//3150
f 3075//3075 3524//3524 3510//3510
f 3524//3524 3078//3078 3522//3522
f 3510//3510 3522//3522 2986//2986
f 3524//3524 3522//3522 3510//3510
f 2965//2965 3512//3512 3532//3532
f 3512//3512 3076//3076 3535//3535
f 3532//3532 3535//3535 3080//3080
f 3512//3512 3535//3535 3532//3532
f 3076//3076 3511//3511 3514//3514
f 3511//3511 2936//2936 3489//3489
f 3514//3514 3489//3489 3071//3071
f 3511//3511 3489//3489 3514//3514
f 3080//3080 3533//3533 3531//3531
f 3533//3533 3071//3071 3490//3490
f 3531//3531 3490//3490 2964//2964
f 3533//3533 3490//3490 3531//3531
f 3076//3076 3514//3514 3535//3535
f 3514//3514 3071//3071 3533//3533
f 3535//3535 3533//3533 3080//3080
f 3514//3514 3533//3533 3535//3535
f 2943//2943 3497//3497 3148//3148
f 3497//3497 3073//3073 3499//3499
f 3148//3148 3499//3499 2985//2985
f 3497//3497 3499//3499 3148//3148
f 3073//3073 3498//3498 3500//3500
f 3498//3498 2964//2964 3486//3486
f 3500//3500 3486//3486 3070//3070
f 3498//3498 3486//3486 3500//3500
f 2985//2985 3488//3488 3147//3147
f 3488//3488 3070//3070 3485//3485
f 3147//3147 3485//3485 2929//2929
f 3488//3488 3485//3485 3147//3147
f 3073//3073 3500//3500 3499//3499
f 3500//3500 3070//3070 3488//3488
f 3499//3499 3488//3488 2985//2985
f 3500//3500 3488//3488 3499//3499
f 2965//2965 3532//3532 3521//3521
f 3532//3532 3080//3080 3536//3536
f 3521//3521 3536//3536 3078//3078
f 3532//3532 3536//3536 3521//3521
f 3080//3080 3531//3531 3534//3534
f 3531//3531 2964//2964 3498//3498
f 3534//3534 3498//3498 3073//3073
f 3531//3531 3498//3498 3534//3534
f 3078//3078 3523//3523 3520//3520
f 3523//3523 3073//3073 3497//3497
f 3520//3520 3497//3497 2943//2943
f 3523//3523 3497//3497 3520//3520
f 3080//3080 3534//3534 3536//3536
f 3534//3534 3073//3073 3523//3523
f 3536//3536 3523//3523 3078//3078
f 3534//3534 3523//3523 3536//3536
f 2936//2936 3541//3541 3475//3475
f 3541//3541 3082//3082 3544//3544
f 3475//3475 3544//3544 3067//3067
f 3541//3541 3544//3544 3475//3475
f 3082//3082 3542//3542 3565//3565
f 3542//3542 2966//2966 3562//3562
f 3565//3565 3562//3562 3086//3086
f 3542//3542 3562//3562 3565//3565
f 3067//3067 3563//3563 3476//3476
f 3563//3563 3086//3086 3561//3561
f 3476//3476 3561//3561 2963//2963
f 3563//3563 3561//3561 3476//3476
f 3082//3082 3565//3565 3544//3544
f 3565//3565 3086//3086 3563//3563
f 3544//3544 3563//3563 3067//3067
f 3565//3565 3563//3563 3544//3544
f 2966//2966 3538//3538 3551//3551
f 3538//3538 3081//3081 3554//3554
f 3551//3551 3554//3554 3084//3084
f 3538//3538 3554//3554 3551//3551
f 3081//3081 3537//3537 3540//3540
f 3537//3537 2935//2935 3399//3399
f 3540//3540 3399//3399 3049//3049
f 3537//3537 3399//3399 3540//3540
f 3084//3084 3552//3552 3550//3550
f 3552//3552 3049//3049 3400//3400
f 3550//3550 3400//3400 2959//2959
f 3552//3552 3400//3400 3550//3550
f 3081//3081 3540//3540 3554//3554
f 3540//3540 3049//3049 3552//3552
f 3554//3554 3552//3552 3084//3084
f 3540//3540 3552//3552 3554//3554
f 2963//2963 3482//3482 3472//3472
f 3482//3482 3069//3069 3484//3484
f 3472//3472 3484//3484 3066//3066
f 3482//3482 3484//3484 3472//3472
f 3069//3069 3481//3481 3483//3483
f 3481//3481 2959//2959 3397//3397
f 3483//3483 3397//3397 3048//3048
f 3481//3481 3397//3397 3483//3483
f 3066//3066 3474//3474 3471//3471
f 3474//3474 3048//3048 3396//3396
f 3471//3471 3396//3396 2927//2927
f 3474//3474 3396//3396 3471//3471
f 3069//3069 3483//3483 3484//3484
f 3483//3483 3048//3048 3474//3474
f 3484//3484 3474//3474 3066//3066
f 3483//3483 3474//3474 3484//3484
f 2966//2966 3551//3551 3562//3562
f 3551//3551 3084//3084 3566//3566
f 3562//3562 3566//3566 3086//3086
f 3551//3551 3566//3566 3562//3562
f 3084//3084 3550//3550 3553//3553
f 3550//3550 2959//2959 3481//3481
f 3553//3553 3481//3481 3069//3069
f 3550//3550 3481//3481 3553//3553
f 3086//3086 3564//3564 3561//3561
f 3564//3564 3069//3069 3482//3482
f 3561//3561 3482//3482 2963//2963
f 3564//3564 3482//3482 3561//3561
f 3084//3084 3553//3553 3566//3566
f 3553//3553 3069//3069 3564//3564
f 3566//3566 3564//3564 3086//3086
f 3553//3553 3564//3564 3566//3566
f 2935//2935 3431//3431 3409//3409
f 3431//3431 3057//3057 3434//3434
f 3409//3409 3434//3434 3052//3052
f 3431//3431 3434//3434 3409//3409
f 3057//3057 3432//3432 3455//3455
f 3432//3432 2961//2961 3452//3452
f 3455//3455 3452//3452 3061//3061
f 3432//3432 3452//3452 3455//3455
f 3052//3052 3453//3453 3410//3410
f 3453//3453 3061//3061 3451//3451
f 3410//3410 3451//3451 2960//2960
f 3453//3453 3451//3451 3410//3410
f 3057//3057 3455//3455 3434//3434
f 3455//3455 3061//3061 3453//3453
f 3434//3434 3453//3453 3052//3052
f 3455//3455 3453//3453 3434//3434
f 2961//2961 3428//3428 3441//3441
f 3428//3428 3056//3056 3444//3444
f 3441//3441 3444//3444 3059//3059
f 3428//3428 3444//3444 3441//3441
f 3056//3056 3427//3427 3430//3430
f 3427//3427 2932//2932 3205//3205
f 3430//3430 3205//3205 3002//3002
f 3427//3427 3205//3205 3430//3430
f 3059//3059 3442//3442 3440//3440
f 3442//3442 3002//3002 3206//3206
f 3440//3440 3206//3206 2948//2948
f 3442//3442 3206//3206 3440//3440
f 3056//3056 3430//3430 3444//3444
f 3430//3430 3002//3002 3442//3442
f 3444//3444 3442//3442 3059//3059
f 3430//3430 3442//3442 3444//3444
f 2960//2960 3418//3418 3406//3406
f 3418//3418 3054//3054 3420//3420
f 3406//3406 3420//3420 3051//3051
f 3418//3418 3420//3420 3406//3406
f 3054//3054 3417//3417 3419//3419
f 3417//3417 2948//2948 3204//3204
f 3419//3419 3204//3204 3001//3001
f 3417//3417 3204//3204 3419//3419
f 3051//3051 3408//3408 3405//3405
f 3408//3408 3001//3001 3203//3203
f 3405//3405 3203//3203 2931//2931
f 3408//3408 3203//3203 3405//3405
f 3054//3054 3419//3419 3420//3420
f 3419//3419 3001//3001 3408//3408
f 3420//3420 3408//3408 3051//3051
f 3419//3419 3408//3408 3420//3420
f 2961//2961 3441//3441 3452//3452
f 3441//3441 3059//3059 3456//3456
f 3452//3452 3456//3456 3061//3061
f 3441//3441 3456//3456 3452//3452
f 3059//3059 3440//3440 3443//3443
f 3440//3440 2948//2948 3417//3417
f 3443//3443 3417//3417 3054//3054
f 3440//3440 3417//3417 3443//3443
f 3061//3061 3454//3454 3451//3451
f 3454//3454 3054//3054 3418//3418
f 3451//3451 3418//3418 2960//2960
f 3454//3454 3418//3418 3451//3451
f 3059//3059 3443//3443 3456//3456
f 3443//3443 3054//3054 3454//3454
f 3456//3456 3454//3454 3061//3061
f 3443//3443 3454//3454 3456//3456
f 2932//2932 3189//3189 3247//3247
f 3189//3189 2998//2998 3249//3249
f 3247//3247 3249//3249 3014//3014
f 3189//3189 3249//3249 3247//3247
f 2998//2998 3190//3190 3257//3257
f 3190//3190 2947//2947 3255//3255
f 3257//3257 3255//3255 3016//3016
f 3190//3190 3255//3255 3257//3257
f 3014//3014 3259//3259 3248//3248
f 3259//3259 3016//3016 3256//3256
f 3248//3248 3256//3256 2952//2952
f 3259//3259 3256//3256 3248//3248
f 2998//2998 3257//3257 3249//3249
f 3257//3257 3016//3016 3259//3259
f 3249//3249 3259//3259 3014//3014
f 3257//3257 3259//3259 3249//3249
f 2947//2947 3187//3187 3212//3212
f 3187//3187 2997//2997 3214//3214
f 3212//3212 3214//3214 3005//3005
f 3187//3187 3214//3214 3212//3212
f 2997//2997 3186//3186 3209//3209
f 3186//3186 2926//2926 3207//3207
f 3209//3209 3207//3207 3003//3003
f 3186//3186 3207//3207 3209//3209
f 3005//3005 3215//3215 3213//3213
f 3215//3215 3003//3003 3208//3208
f 3213//3213 3208//3208 2949//2949
f 3215//3215 3208//3208 3213//3213
f 2997//2997 3209//3209 3214//3214
f 3209//3209 3003//3003 3215//3215
f 3214//3214 3215//3215 3005//3005
f 3209//3209 3215//3215 3214//3214
f 2952//2952 3266//3266 3252//3252
f 3266//3266 3018//3018 3269//3269
f 3252//3252 3269//3269 3015//3015
f 3266//3266 3269//3269 3252//3252
f 3018//3018 3265//3265 3267//3267
f 3265//3265 2949//2949 3211//3211
f 3267//3267 3211//3211 3004//3004
f 3265//3265 3211//3211 3267//3267
f 3015//3015 3253//3253 3251//3251
f 3253//3253 3004//3004 3210//3210
f 3251//3251 3210//3210 2933//2933
f 3253//3253 3210//3210 3251//3251
f 3018//3018 3267//3267 3269//3269
f 3267//3267 3004//3004 3253//3253
f 3269//3269 3253//3253 3015//3015
f 3267//3267 3253//3253 3269//3269
f 2947//2947 3212//3212 3255//3255
f 3212//3212 3005//3005 3258//3258
f 3255//3255 3258//3258 3016//3016
f 3212//3212 3258//3258 3255//3255
f 3005//3005 3213//3213 3268//3268
f 3213//3213 2949//2949 3265//3265
f 3268//3268 3265//3265 3018//3018
f 3213//3213 3265//3265 3268//3268
f 3016//3016 3270//3270 3256//3256
f 3270//3270 3018//3018 3266//3266
f 3256//3256 3266//3266 2952//2952
f 3270//3270 3266//3266 3256//3256
f 3005//3005 3268//3268 3258//3258
f 3268//3268 3018//3018 3270//3270
f 3258//3258 3270//3270 3016//3016
f 3268//3268 3270//3270 3258//3258
f 2928//2928 3291//3291 3104//3104
f 3291//3291 3024//3024 3293//3293
f 3104//3104 3293//3293 2974//2974
f 3291//3291 3293//3293 3104//3104
f 3024//3024 3292//3292 3300//3300
f 3292//3292 2954//2954 3298//3298
f 3300//3300 3298//3298 3026//3026
f 3292//3292 3298//3298 3300//3300
f 2974//2974 3299//3299 3105//3105
f 3299//3299 3026//3026 3297//3297
f 3105//3105 3297//3297 2940//2940
f 3299//3299 3297//3297 3105//3105
f 3024//3024 3300//3300 3293//3293
f 3300//3300 3026//3026 3299//3299
f 3293//3293 3299//3299 2974//2974
f 3300//3300 3299//3299 3293//3293
f 2954//2954 3296//3296 3321//3321
f 3296//3296 3025//3025 3323//3323
f 3321//3321 3323//3323 3032//3032
f 3296//3296 3323//3323 3321//3321
f 3025//3025 3295//3295 3311//3311
f 3295//3295 2934//2934 3309//3309
f 3311//3311 3309//3309 3029//3029
f 3295//3295 3309//3309 3311//3311
f 3032//3032 3325//3325 3322//3322
f 3325//3325 3029//3029 3310//3310
f 3322//3322 3310//3310 2955//2955
f 3325//3325 3310//3310 3322//3322
f 3025//3025 3311//3311 3323//3323
f 3311//3311 3029//3029 3325//3325
f 3323//3323 3325//3325 3032//3032
f 3311//3311 3325//3325 3323//3323
f 2940//2940 3312//3312 3108//3108
f 3312//3312 3030//3030 3314//3314
f 3108//3108 3314//3314 2975//2975
f 3312//3312 3314//3314 3108//3108
f 3030//3030 3313//3313 3316//3316
f 3313//3313 2955//2955 3306//3306
f 3316//3316 3306//3306 3028//3028
f 3313//3313 3306//3306 3316//3316
f 2975//2975 3307//3307 3107//3107
f 3307//3307 3028//3028 3305//3305
f 3107//3107 3305//3305 2929//2929
f 3307//3307 3305//3305 3107//3107
f 3030//3030 3316//3316 3314//3314
f 3316//3316 3028//3028 3307//3307
f 3314//3314 3307//3307 2975//2975
f 3316//3316 3307//3307 3314//3314
f 2954//2954 3321//3321 3298//3298
f 3321//3321 3032//3032 3324//3324
f 3298//3298 3324//3324 3026//3026
f 3321//3321 3324//3324 3298//3298
f 3032//3032 3322//3322 3326//3326
f 3322//3322 2955//2955 3313//3313
f 3326//3326 3313//3313 3030//3030
f 3322//3322 3313//3313 3326//3326
f 3026//3026 3315//3315 3297//3297
f 3315//3315 3030//3030 3312//3312
f 3297//3297 3312//3312 2940//2940
f 3315//3315 3312//3312 3297//3297
f 3032//3032 3326//3326 3324//3324
f 3326//3326 3030//3030 3315//3315
f 3324//3324 3315//3315 3026//3026
f 3326//3326 3315//3315 3324//3324
f 2928//2928 3104//3104 3093//3093
f 3104//3104 2974//2974 3106//3106
f 3093//3093 3106//3106 2970//2970
f 3104//3104 3106//3106 3093//3093
f 2974//2974 3105//3105 3114//3114
f 3105//3105 2940//2940 3111//3111
f 3114//3114 3111//3111 2976//2976
f 3105//3105 3111//3111 3114//3114
f 2970//2970 3112//3112 3094//3094
f 3112//3112 2976//2976 3110//3110
f 3094//3094 3110//3110 2938//2938
f 3112//3112 3110//3110 3094//3094
f 2974//2974 3114//3114 3106//3106
f 3114//3114 2976//2976 3112//3112
f 3106//3106 3112//3112 2970//2970
f 3114//3114 3112//3112 3106//3106
f 2940//2940 3108//3108 3116//3116
f 3108//3108 2975//2975 3119//3119
f 3116//3116 3119//3119 2977//2977
f 3108//3108 3119//3119 3116//3116
f 2975//2975 3107//3107 3109//3109
f 3107//3107 2929//2929 3098//3098
f 3109//3109 3098//3098 2972//2972
f 3107//3107 3098//3098 3109//3109
f 2977//2977 3117//3117 3115//3115
f 3117//3117 2972//2972 3099//3099
f 3115//3115 3099//3099 2939//2939
f 3117//3117 3099//3099 3115//3115
f 2975//2975 3109//3109 3119//3119
f 3109//3109 2972//2972 3117//3117
f 3119//3119 3117//3117 2977//2977
f 3109//3109 3117//3117 3119//3119
f 2938//2938 3100//3100 3092//3092
f 3100//3100 2973//2973 3102//3102
f 3092//3092 3102//3102 2969//2969
f 3100//3100 3102//3102 3092//3092
f 2973//2973 3101//3101 3103//3103
f 3101//3101 2939//2939 3096//3096
f 3103//3103 3096//3096 2971//2971
f 3101//3101 3096//3096 3103//3103
f 2969//2969 3097//3097 3091//3091
f 3097//3097 2971//2971 3095//3095
f 3091//3091 3095//3095 2927//2927
f 3097//3097 3095//3095 3091//3091
f 2973//2973 3103//3103 3102//3102
f 3103//3103 2971//2971 3097//3097
f 3102//3102 3097//3097 2969//2969
f 3103//3103 3097//3097 3102//3102
f 2940//2940 3116//3116 3111//3111
f 3116//3116 2977//2977 3120//3120
f 3111//3111 3120//3120 2976//2976
f 3116//3116 3120//3120 3111//3111
f 2977//2977 3115//3115 3118//3118
f 3115//3115 2939//2939 3101//3101
f 3118//3118 3101//3101 2973//2973
f 3115//3115 3101//3101 3118//3118
f 2976//2976 3113//3113 3110//3110
f 3113//3113 2973//2973 3100//3100
f 3110//3110 3100//3100 2938//2938
f 3113//3113 3100//3100 3110//3110
f 2977//2977 3118//3118 3120//3120
f 3118//3118 2973//2973 3113//3113
f 3120//3120 3113//3113 2976//2976
f 3118//3118 3113//3113 3120//3120
f 2928//2928 3093//3093 3160//3160
f 3093//3093 2970//2970 3162//3162
f 3160//3160 3162//3162 2990//2990
f 3093//3093 3162//3162 3160//3160
f 2970//2970 3094//3094 3168//3168
f 3094//3094 2938//2938 3166//3166
f 3168//3168 3166//3166 2992//2992
f 3094//3094 3166//3166 3168//3168
f 2990//2990 3170//3170 3161//3161
f 3170//3170 2992//2992 3167//3167
f 3161//3161 3167//3167 2945//2945
f 3170//3170 3167//3167 3161//3161
f 2970//2970 3168//3168 3162//3162
f 3168//3168 2992//2992 3170//3170
f 3162//3162 3170//3170 2990//2990
f 3168//3168 3170//3170 3162//3162
f 2938//2938 3092//3092 3156//3156
f 3092//3092 2969//2969 3158//3158
f 3156//3156 3158//3158 2989//2989
f 3092//3092 3158//3158 3156//3156
f 2969//2969 3091//3091 3153//3153
f 3091//3091 2927//2927 3151//3151
f 3153//3153 3151//3151 2987//2987
f 3091//3091 3151//3151 3153//3153
f 2989//2989 3159//3159 3157//3157
f 3159//3159 2987//2987 3152//3152
f 3157//3157 3152//3152 2944//2944
f 3159//3159 3152//3152 3157//3157
f 2969//2969 3153//3153 3158//3158
f 3153//3153 2987//2987 3159//3159
f 3158//3158 3159//3159 2989//2989
f 3153//3153 3159//3159 3158//3158
f 2945//2945 3172//3172 3164//3164
f 3172//3172 2993//2993 3175//3175
f 3164//3164 3175//3175 2991//2991
f 3172//3172 3175//3175 3164//3164
f 2993//2993 3171//3171 3173//3173
f 3171//3171 2944//2944 3155//3155
f 3173//3173 3155//3155 2988//2988
f 3171//3171 3155//3155 3173//3173
f 2991//2991 3165//3165 3163//3163
f 3165//3165 2988//2988 3154//3154
f 3163//3163 3154//3154 2931//2931
f 3165//3165 3154//3154 3163//3163
f 2993//2993 3173//3173 3175//3175
f 3173//3173 2988//2988 3165//3165
f 3175//3175 3165//3165 2991//2991
f 3173//3173 3165//3165 3175//3175
f 2938//2938 3156//3156 3166//3166
f 3156//3156 2989//2989 3169//3169
f 3166//3166 3169//3169 2992//2992
f 3156//3156 3169//3169 3166//3166
f 2989//2989 3157//3157 3174//3174
f 3157//3157 2944//2944 3171//3171
f 3174//3174 3171//3171 2993//2993
f 3157//3157 3171//3171 3174//3174
f 2992//2992 3176//3176 3167//3167
f 3176//3176 2993//2993 3172//3172
f 3167//3167 3172//3172 2945//2945
f 3176//3176 3172//3172 3167//3167
f 2989//2989 3174//3174 3169//3169
f 3174//3174 2993//2993 3176//3176
f 3169//3169 3176//3176 2992//2992
f 3174//3174 3176//3176 3169//3169
f 2928//2928 3160//3160 3216//3216
f 3160//3160 2990//2990 3218//3218
f 3216//3216 3218//3218 3006//3006
f 3160//3160 3218//3218 3216//3216
f 2990//2990 3161//3161 3223//3223
f 3161//3161 2945//2945 3221//3221
f 3223//3223 3221//3221 3008//3008
f 3161//3161 3221//3221 3223//3223
f 3006//3006 3224//3224 3217//3217
f 3224//3224 3008//3008 3222//3222
f 3217//3217 3222//3222 2950//2950
f 3224//3224 3222//3222 3217//3217
f 2990//2990 3223//3223 3218//3218
f 3223//3223 3008//3008 3224//3224
f 3218//3218 3224//3224 3006//3006
f 3223//3223 3224//3224 3218//3218
f 2945//2945 3164//3164 3232//3232
f 3164//3164 2991//2991 3234//3234
f 3232//3232 3234//3234 3011//3011
f 3164//3164 3234//3234 3232//3232
f 2991//2991 3163//3163 3227//3227
f 3163//3163 2931//2931 3225//3225
f 3227//3227 3225//3225 3009//3009
f 3163//3163 3225//3225 3227//3227
f 3011//3011 3236//3236 3233//3233
f 3236//3236 3009//3009 3226//3226
f 3233//3233 3226//3226 2951//2951
f 3236//3236 3226//3226 3233//3233
f 2991//2991 3227//3227 3234//3234
f 3227//3227 3009//3009 3236//3236
f 3234//3234 3236//3236 3011//3011
f 3227//3227 3236//3236 3234//3234
f 2950//2950 3241//3241 3220//3220
f 3241//3241 3013//3013 3243//3243
f 3220//3220 3243//3243 3007//3007
f 3241//3241 3243//3243 3220//3220
f 3013//3013 3242//3242 3245//3245
f 3242//3242 2951//2951 3230//3230
f 3245//3245 3230//3230 3010//3010
f 3242//3242 3230//3230 3245//3245
f 3007//3007 3231//3231 3219//3219
f 3231//3231 3010//3010 3229//3229
f 3219//3219 3229//3229 2933//2933
f 3231//3231 3229//3229 3219//3219
f 3013//3013 3245//3245 3243//3243
f 3245//3245 3010//3010 3231//3231
f 3243//3243 3231//3231 3007//3007
f 3245//3245 3231//3231 3243//3243
f 2945//2945 3232//3232 3221//3221
f 3232//3232 3011//3011 3235//3235
f 3221//3221 3235//3235 3008//3008
f 3232//3232 3235//3235 3221//3221
f 3011//3011 3233//3233 3246//3246
f 3233//3233 2951//2951 3242//3242
f 3246//3246 3242//3242 3013//3013
f 3233//3233 3242//3242 3246//3246
f 3008//3008 3244//3244 3222//3222
f 3244//3244 3013//3013 3241//3241
f 3222//3222 3241//3241 2950//2950
f 3244//3244 3241//3241 3222//3222
f 3011//3011 3246//3246 3235//3235
f 3246//3246 3013//3013 3244//3244
f 3235//3235 3244//3244 3008//3008
f 3246//3246 3244//3244 3235//3235
f 2928//2928 3216//3216 3291//3291
f 3216//3216 3006//3006 3294//3294
f 3291//3291 3294//3294 3024//3024
f 3216//3216 3294//3294 3291//3291
f 3006//3006 3217//3217 3303//3303
f 3217//3217 2950//2950 3301//3301
f 3303//3303 3301//3301 3027//3027
f 3217//3217 3301//3301 3303//3303
f 3024//3024 3304//3304 3292//3292
f 3304//3304 3027//3027 3302//3302
f 3292//3292 3302//3302 2954//2954
f 3304//3304 3302//3302 3292//3292
f 3006//3006 3303//3303 3294//3294
f 3303//3303 3027//3027 3304//3304
f 3294//3294 3304//3304 3024//3024
f 3303//3303 3304//3304 3294//3294
f 2950//2950 3220//3220 3370//3370
f 3220//3220 3007//3007 3372//3372
f 3370//3370 3372//3372 3042//3042
f 3220//3220 3372//3372 3370//3370
f 3007//3007 3219//3219 3360//3360
f 3219//3219 2933//2933 3357//3357
f 3360//3360 3357//3357 3039//3039
f 3219//3219 3357//3357 3360//3360
f 3042//3042 3374//3374 3371//3371
f 3374//3374 3039//3039 3358//3358
f 3371//3371 3358//3358 2957//2957
f 3374//3374 3358//3358 3371//3371
f 3007//3007 3360//3360 3372//3372
f 3360//3360 3039//3039 3374//3374
f 3372//3372 3374//3374 3042//3042
f 3360//3360 3374//3374 3372//3372
f 2954//2954 3381//3381 3296//3296
f 3381//3381 3044//3044 3383//3383
f 3296//3296 3383//3383 3025//3025
f 3381//3381 3383//3383 3296//3296
f 3044//3044 3382//3382 3385//3385
f 3382//3382 2957//2957 3362//3362
f 3385//3385 3362//3362 3040//3040
f 3382//3382 3362//3362 3385//3385
f 3025//3025 3364//3364 3295//3295
f 3364//3364 3040//3040 3361//3361
f 3295//3295 3361//3361 2934//2934
f 3364//3364 3361//3361 3295//3295
f 3044//3044 3385//3385 3383//3383
f 3385//3385 3040//3040 3364//3364
f 3383//3383 3364//3364 3025//3025
f 3385//3385 3364//3364 3383//3383
f 2950//2950 3370//3370 3301//3301
f 3370//3370 3042//3042 3373//3373
f 3301//3301 3373//3373 3027//3027
f 3370//3370 3373//3373 3301//3301
f 3042//3042 3371//3371 3386//3386
f 3371//3371 2957//2957 3382//3382
f 3386//3386 3382//3382 3044//3044
f 3371//3371 3382//3382 3386//3386
f 3027//3027 3384//3384 3302//3302
f 3384//3384 3044//3044 3381//3381
f 3302//3302 3381//3381 2954//2954
f 3384//3384 3381//3381 3302//3302
f 3042//3042 3386//3386 3373//3373
f 3386//3386 3044//3044 3384//3384
f 3373//3373 3384//3384 3027//3027
f 3386//3386 3384//3384 3373//3373
f 2929//2929 3305//3305 3147//3147
f 3305//3305 3028//3028 3308//3308
f 3147//3147 3308//3308 2985//2985
f 3305//3305 3308//3308 3147//3147
f 3028//3028 3306//3306 3320//3320
f 3306//3306 2955//2955 3318//3318
f 3320//3320 3318//3318 3031//3031
f 3306//3306 3318//3318 3320//3320
f 2985//2985 3319//3319 3148//3148
f 3319//3319 3031//3031 3317//3317
f 3148//3148 3317//3317 2943//2943
f 3319//3319 3317//3317 3148//3148
f 3028//3028 3320//3320 3308//3308
f 3320//3320 3031//3031 3319//3319
f 3308//3308 3319//3319 2985//2985
f 3320//3320 3319//3319 3308//3308
f 2955//2955 3310//3310 3351//3351
f 3310//3310 3029//3029 3353//3353
f 3351//3351 3353//3353 3038//3038
f 3310//3310 3353//3353 3351//3351
f 3029//3029 3309//3309 3334//3334
f 3309//3309 2934//2934 3331//3331
f 3334//3334 3331//3331 3034//3034
f 3309//3309 3331//3331 3334//3334
f 3038//3038 3355//3355 3352//3352
f 3355//3355 3034//3034 3332//3332
f 3352//3352 3332//3332 2956//2956
f 3355//3355 3332//3332 3352//3352
f 3029//3029 3334//3334 3353//3353
f 3334//3334 3034//3034 3355//3355
f 3353//3353 3355//3355 3038//3038
f 3334//3334 3355//3355 3353//3353
f 2943//2943 3340//3340 3150//3150
f 3340//3340 3036//3036 3342//3342
f 3150//3150 3342//3342 2986//2986
f 3340//3340 3342//3342 3150//3150
f 3036//3036 3341//3341 3344//3344
f 3341//3341 2956//2956 3328//3328
f 3344//3344 3328//3328 3033//3033
f 3341//3341 3328//3328 3344//3344
f 2986//2986 3330//3330 3149//3149
f 3330//3330 3033//3033 3327//3327
f 3149//3149 3327//3327 2930//2930
f 3330//3330 3327//3327 3149//3149
f 3036//3036 3344//3344 3342//3342
f 3344//3344 3033//3033 3330//3330
f 3342//3342 3330//3330 2986//2986
f 3344//3344 3330//3330 3342//3342
f 2955//2955 3351//3351 3318//3318
f 3351//3351 3038//3038 3354//3354
f 3318//3318 3354//3354 3031//3031
f 3351//3351 3354//3354 3318//3318
f 3038//3038 3352//3352 3356//3356
f 3352//3352 2956//2956 3341//3341
f 3356//3356 3341//3341 3036//3036
f 3352//3352 3341//3341 3356//3356
f 3031//3031 3343//3343 3317//3317
f 3343//3343 3036//3036 3340//3340
f 3317//3317 3340//3340 2943//2943
f 3343//3343 3340//3340 3317//3317
f 3038//3038 3356//3356 3354//3354
f 3356//3356 3036//3036 3343//3343
f 3354//3354 3343//3343 3031//3031
f 3356//3356 3343//3343 3354//3354
f 2927//2927 3095//3095 3471//3471
f 3095//3095 2971//2971 3473//3473
f 3471//3471 3473//3473 3066//3066
f 3095//3095 3473//3473 3471//3471
f 2971//2971 3096//3096 3479//3479
f 3096//3096 2939//2939 3477//3477
f 3479//3479 3477//3477 3068//3068
f 3096//3096 3477//3477 3479//3479
f 3066//3066 3480//3480 3472//3472
f 3480//3480 3068//3068 3478//3478
f 3472//3472 3478//3478 2963//2963
f 3480//3480 3478//3478 3472//3472
f 2971//2971 3479//3479 3473//3473
f 3479//3479 3068//3068 3480//3480
f 3473//3473 3480//3480 3066//3066
f 3479//3479 3480//3480 3473//3473
f 2939//2939 3099//3099 3492//3492
f 3099//3099 2972//2972 3494//3494
f 3492//3492 3494//3494 3072//3072
f 3099//3099 3494//3494 3492//3492
f 2972//2972 3098//3098 3487//3487
f 3098//3098 2929//2929 3485//3485
f 3487//3487 3485//3485 3070//3070
f 3098//3098 3485//3485 3487//3487
f 3072//3072 3496//3496 3493//3493
f 3496//3496 3070//3070 3486//3486
f 3493//3493 3486//3486 2964//2964
f 3496//3496 3486//3486 3493//3493
f 2972//2972 3487//3487 3494//3494
f 3487//3487 3070//3070 3496//3496
f 3494//3494 3496//3496 3072//3072
f 3487//3487 3496//3496 3494//3494
f 2963//2963 3501//3501 3476//3476
f 3501//3501 3074//3074 3503//3503
f 3476//3476 3503//3503 3067//3067
f 3501//3501 3503//3503 3476//3476
f 3074//3074 3502//3502 3505//3505
f 3502//3502 2964//2964 3490//3490
f 3505//3505 3490//3490 3071//3071
f 3502//3502 3490//3490 3505//3505
f 3067//3067 3491//3491 3475//3475
f 3491//3491 3071//3071 3489//3489
f 3475//3475 3489//3489 2936//2936
f 3491//3491 3489//3489 3475//3475
f 3074//3074 3505//3505 3503//3503
f 3505//3505 3071//3071 3491//3491
f 3503//3503 3491//3491 3067//3067
f 3505//3505 3491//3491 3503//3503
f 2939//2939 3492//3492 3477//3477
f 3492//3492 3072//3072 3495//3495
f 3477//3477 3495//3495 3068//3068
f 3492//3492 3495//3495 3477//3477
f 3072//3072 3493//3493 3506//3506
f 3493//3493 2964//2964 3502//3502
f 3506//3506 3502//3502 3074//3074
f 3493//3493 3502//3502 3506//3506
f 3068//3068 3504//3504 3478//3478
f 3504//3504 3074//3074 3501//3501
f 3478//3478 3501//3501 2963//2963
f 3504//3504 3501//3501 3478//3478
f 3072//3072 3506//3506 3495//3495
f 3506//3506 3074//3074 3504//3504
f 3495//3495 3504//3504 3068//3068
f 3506//3506 3504//3504 3495//3495
f 2931//2931 3154//3154 3405//3405
f 3154//3154 2988//2988 3407//3407
f 3405//3405 3407//3407 3051//3051
f 3154//3154 3407//3407 3405//3405
f 2988//2988 3155//3155 3414//3414
f 3155//3155 2944//2944 3412//3412
f 3414//3414 3412//3412 3053//3053
f 3155//3155 3412//3412 3414//3414
f 3051//3051 3416//3416 3406//3406
f 3416//3416 3053//3053 3413//3413
f 3406//3406 3413//3413 2960//2960
f 3416//3416 3413//3413 3406//3406
f 2988//2988 3414//3414 3407//3407
f 3414//3414 3053//3053 3416//3416
f 3407//3407 3416//3416 3051//3051
f 3414//3414 3416//3416 3407//3407
f 2944//2944 3152//3152 3401//3401
f 3152//3152 2987//2987 3403//3403
f 3401//3401 3403//3403 3050//3050
f 3152//3152 3403//3403 3401//3401
f 2987//2987 3151//3151 3398//3398
f 3151//3151 2927//2927 3396//3396
f 3398//3398 3396//3396 3048//3048
f 3151//3151 3396//3396 3398//3398
f 3050//3050 3404//3404 3402//3402
f 3404//3404 3048//3048 3397//3397
f 3402//3402 3397//3397 2959//2959
f 3404//3404 3397//3397 3402//3402
f 2987//2987 3398//3398 3403//3403
f 3398//3398 3048//3048 3404//3404
f 3403//3403 3404//3404 3050//3050
f 3398//3398 3404//3404 3403//3403
f 2960//2960 3422//3422 3410//3410
f 3422//3422 3055//3055 3425//3425
f 3410//3410 3425//3425 3052//3052
f 3422//3422 3425//3425 3410//3410
f 3055//3055 3421//3421 3423//3423
f 3421//3421 2959//2959 3400//3400
f 3423//3423 3400//3400 3049//3049
f 3421//3421 3400//3400 3423//3423
f 3052//3052 3411//3411 3409//3409
f 3411//3411 3049//3049 3399//3399
f 3409//3409 3399//3399 2935//2935
f 3411//3411 3399//3399 3409//3409
f 3055//3055 3423//3423 3425//3425
f 3423//3423 3049//3049 3411//3411
f 3425//3425 3411//3411 3052//3052
f 3423//3423 3411//3411 3425//3425
f 2944//2944 3401//3401 3412//3412
f 3401//3401 3050//3050 3415//3415
f 3412//3412 3415//3415 3053//3053
f 3401//3401 3415//3415 3412//3412
f 3050//3050 3402//3402 3424//3424
f 3402//3402 2959//2959 3421//3421
f 3424//3424 3421//3421 3055//3055
f 3402//3402 3421//3421 3424//3424
f 3053//3053 3426//3426 3413//3413
f 3426//3426 3055//3055 3422//3422
f 3413//3413 3422//3422 2960//2960
f 3426//3426 3422//3422 3413//3413
f 3050//3050 3424//3424 3415//3415
f 3424//3424 3055//3055 3426//3426
f 3415//3415 3426//3426 3053//3053
f 3424//3424 3426//3426 3415//3415
f 2933//2933 3229//3229 3251//3251
f 3229//3229 3010//3010 3254//3254
f 3251//3251 3254//3254 3015//3015
f 3229//3229 3254//3254 3251//3251
f 3010//3010 3230//3230 3273//3273
f 3230//3230 2951//2951 3271//3271
f 3273//3273 3271//3271 3019//3019
f 3230//3230 3271//3271 3273//3273
f 3015//3015 3275//3275 3252//3252
f 3275//3275 3019//3019 3272//3272
f 3252//3252 3272//3272 2952//2952
f 3275//3275 3272//3272 3252//3252
f 3010//3010 3273//3273 3254//3254
f 3273//3273 3019//3019 3275//3275
f 3254//3254 3275//3275 3015//3015
f 3273//3273 3275//3275 3254//3254
f 2951//2951 3226//3226 3238//3238
f 3226//3226 3009//3009 3240//3240
f 3238//3238 3240//3240 3012//3012
f 3226//3226 3240//3240 3238//3238
f 3009//3009 3225//3225 3228//3228
f 3225//3225 2931//2931 3203//3203
f 3228//3228 3203//3203 3001//3001
f 3225//3225 3203//3203 3228//3228
f 3012//3012 3239//3239 3237//3237
f 3239//3239 3001//3001 3204//3204
f 3237//3237 3204//3204 2948//2948
f 3239//3239 3204//3204 3237//3237
f 3009//3009 3228//3228 3240//3240
f 3228//3228 3001//3001 3239//3239
f 3240//3240 3239//3239 3012//3012
f 3228//3228 3239//3239 3240//3240
f 2952//2952 3261//3261 3248//3248
f 3261//3261 3017//3017 3264//3264
f 3248//3248 3264//3264 3014//3014
f 3261//3261 3264//3264 3248//3248
f 3017//3017 3260//3260 3262//3262
f 3260//3260 2948//2948 3206//3206
f 3262//3262 3206//3206 3002//3002
f 3260//3260 3206//3206 3262//3262
f 3014//3014 3250//3250 3247//3247
f 3250//3250 3002//3002 3205//3205
f 3247//3247 3205//3205 2932//2932
f 3250//3250 3205//3205 3247//3247
f 3017//3017 3262//3262 3264//3264
f 3262//3262 3002//3002 3250//3250
f 3264//3264 3250//3250 3014//3014
f 3262//3262 3250//3250 3264//3264
f 2951//2951 3238//3238 3271//3271
f 3238//3238 3012//3012 3274//3274
f 3271//3271 3274//3274 3019//3019
f 3238//3238 3274//3274 3271//3271
f 3012//3012 3237//3237 3263//3263
f 3237//3237 2948//2948 3260//3260
f 3263//3263 3260//3260 3017//3017
f 3237//3237 3260//3260 3263//3263
f 3019//3019 3276//3276 3272//3272
f 3276//3276 3017//3017 3261//3261
f 3272//3272 3261//3261 2952//2952
f 3276//3276 3261//3261 3272//3272
f 3012//3012 3263//3263 3274//3274
f 3263//3263 3017//3017 3276//3276
f 3274//3274 3276//3276 3019//3019
f 3263//3263 3276//3276 3274//3274
f 2934//2934 3361//3361 3281//3281
f 3361//3361 3040//3040 3363//3363
f 3281//3281 3363//3363 3021//3021
f 3361//3361 3363//3363 3281//3281
f 3040//3040 3362//3362 3379//3379
f 3362//3362 2957//2957 3376//3376
f 3379//3379 3376//3376 3043//3043
f 3362//3362 3376//3376 3379//3379
f 3021//3021 3377//3377 3282//3282
f 3377//3377 3043//3043 3375//3375
f 3282//3282 3375//3375 2953//2953
f 3377//3377 3375//3375 3282//3282
f 3040//3040 3379//3379 3363//3363
f 3379//3379 3043//3043 3377//3377
f 3363//3363 3377//3377 3021//3021
f 3379//3379 3377//3377 3363//3363
f 2957//2957 3358//3358 3366//3366
f 3358//3358 3039//3039 3369//3369
f 3366//3366 3369//3369 3041//3041
f 3358//3358 3369//3369 3366//3366
f 3039//3039 3357//3357 3359//3359
f 3357//3357 2933//2933 3210//3210
f 3359//3359 3210//3210 3004//3004
f 3357//3357 3210//3210 3359//3359
f 3041//3041 3367//3367 3365//3365
f 3367//3367 3004//3004 3211//3211
f 3365//3365 3211//3211 2949//2949
f 3367//3367 3211//3211 3365//3365
f 3039//3039 3359//3359 3369//3369
f 3359//3359 3004//3004 3367//3367
f 3369//3369 3367//3367 3041//3041
f 3359//3359 3367//3367 3369//3369
f 2953//2953 3288//3288 3278//3278
f 3288//3288 3023//3023 3290//3290
f 3278//3278 3290//3290 3020//3020
f 3288//3288 3290//3290 3278//3278
f 3023//3023 3287//3287 3289//3289
f 3287//3287 2949//2949 3208//3208
f 3289//3289 3208//3208 3003//3003
f 3287//3287 3208//3208 3289//3289
f 3020//3020 3280//3280 3277//3277
f 3280//3280 3003//3003 3207//3207
f 3277//3277 3207//3207 2926//2926
f 3280//3280 3207//3207 3277//3277
f 3023//3023 3289//3289 3290//3290
f 3289//3289 3003//3003 3280//3280
f 3290//3290 3280//3280 3020//3020
f 3289//3289 3280//3280 3290//3290
f 2957//2957 3366//3366 3376//3376
f 3366//3366 3041//3041 3380//3380
f 3376//3376 3380//3380 3043//3043
f 3366//3366 3380//3380 3376//3376
f 3041//3041 3365//3365 3368//3368
f 3365//3365 2949//2949 3287//3287
f 3368//3368 3287//3287 3023//3023
f 3365//3365 3287//3287 3368//3368
f 3043//3043 3378//3378 3375//3375
f 3378//3378 3023//3023 3288//3288
f 3375//3375 3288//3288 2953//2953
f 3378//3378 3288//3288 3375//3375
f 3041//3041 3368//3368 3380//3380
f 3368//3368 3023//3023 3378//3378
f 3380//3380 3378//3378 3043//3043
f 3368//3368 3378//3378 3380//3380
o Flipper_L
g Flipper_L
usemtl PenguinBody
v -3.8283 21.2962 28.8283
v 1.8283 21.0053 29.9949
v -3.8283 17.9947 28.0051
v 1.8283 17.7038 29.1717
v -3.6529 15.4604 40.8558
v -3.6529 17.5008 41.3646
v 1.6529 21.4992 16.6354
v 1.6529 23.5396 17.1442
v 5.2159 21.1308 22.4593
v 1.9368 17.3986 37.4283
v -3.9368 21.6014 20.5717
v -7.2159 17.8692 35.5407
v -1.0000 21.4406 29.4838
v -1.0000 17.5594 28.5162
v -4.2218 16.2408 35.3839
v -0.8969 16.0698 36.0696
v -4.2218 19.3807 36.1668
v -0.8969 19.2097 36.8525
v -4.1187 15.9505 43.2364
v -1.1031 19.7903 21.1475
v 2.2218 19.6193 21.8332
v -1.1031 22.9302 21.9304
v 2.2218 22.7592 22.6161
v 2.1187 23.0495 14.7636
v 4.3161 21.3434 25.7403
v 4.3161 19.4028 25.2564
v 4.2130 21.6336 17.8878
v 4.2130 22.8330 18.1868
v 2.3886 19.1496 34.5388
v 2.3886 17.2090 34.0550
v -0.8332 15.8904 40.9227
v -0.8332 17.0897 41.2218
v 4.3798 19.2234 30.1095
v -4.3886 21.7910 23.9450
v -4.3886 19.8504 23.4612
v -1.1668 21.9103 16.7782
v -1.1668 23.1096 17.0773
v -6.3161 19.5972 32.7436
v -6.3161 17.6566 32.2597
v -6.2130 16.1670 39.8132
v -6.2130 17.3664 40.1122
v -6.3798 19.7766 27.8905
v -2.4701 21.4423 29.1622
v 0.4701 21.2911 29.7686
v -2.4701 17.7089 28.2314
v 0.4701 17.5577 28.8378
v -4.1448 17.0235 31.8011
v -4.0536 15.7062 38.4807
v -2.6938 16.7663 32.1018
v 0.5237 16.7834 32.7639
v -2.3253 15.6173 38.8371
v -0.9458 16.6764 32.4623
v -2.6396 15.9831 36.0729
v -4.1448 20.3716 32.6359
v -4.0536 18.3988 39.1521
v -2.6938 20.4575 33.0222
v 0.5237 20.1316 33.5987
v -2.3253 18.3100 39.5085
v -0.9458 20.3676 33.3827
v -2.6396 19.2847 36.8961
v -4.0000 15.5553 42.5623
v -4.0000 16.6159 42.8267
v -2.5237 18.8684 24.4013
v 0.3253 20.6900 18.4915
v -1.0542 18.6324 24.6173
v 2.1448 18.6284 25.3641
v 2.0536 20.6012 18.8479
v 0.6938 18.5425 24.9778
v 0.6396 19.7153 21.1039
v -2.5237 22.2166 25.2361
v 0.3253 23.3827 19.1629
v -1.0542 22.3236 25.5377
v 2.1448 21.9765 26.1989
v 2.0536 23.2938 19.5193
v 0.6938 22.2337 25.8982
v 0.6396 23.0169 21.9271
v 2.0000 22.3841 15.1733
v 2.0000 23.4447 15.4377
v 3.2333 21.2406 27.8228
v 4.9942 21.3058 23.9059
v 3.4886 22.1826 23.9301
v 3.2333 18.5158 27.1434
v 4.9942 20.2971 23.6544
v 3.4886 19.5116 23.2641
v 3.0886 21.6482 16.7971
v 4.9406 21.4567 19.8243
v 3.4344 20.6844 19.3902
v 3.3802 22.4878 15.6734
v 4.5354 20.5706 21.1899
v 3.0886 23.3322 17.2170
v 4.9406 22.0801 19.9797
v 3.4344 22.9657 19.9590
v 3.3802 23.1184 15.8307
v 4.5354 22.2214 21.6014
v 4.4812 22.3740 17.4731
v 2.2315 20.1003 32.3961
v 2.2878 18.2256 36.2599
v 0.8357 19.1632 36.0402
v 3.5763 20.2849 30.1982
v 2.2315 17.3756 31.7168
v 2.2878 17.2169 36.0084
v 0.8357 16.4922 35.3743
v 3.5763 18.2444 29.6895
v -2.2922 15.5240 41.3597
v 0.6132 16.5315 39.5782
v -0.8581 15.7989 38.9849
v -2.5519 15.7362 42.7527
v 0.8692 16.3979 37.9257
v -2.2922 17.2080 41.7796
v 0.6132 17.1549 39.7336
v -0.8581 18.0802 39.5537
v -2.5519 16.3667 42.9099
v 0.8692 18.0486 38.3373
v -0.8246 16.3352 41.6935
v 5.0273 20.2039 26.1770
v 3.3228 18.2639 33.9576
v 4.6232 20.3237 27.8696
v 4.6232 19.3034 27.6152
v 3.6098 19.1704 32.4953
v 3.6098 18.1501 32.2409
v -4.2315 21.6244 26.2832
v -4.2878 21.7831 21.9916
v -2.8357 22.5078 22.6257
v -4.2315 18.8997 25.6039
v -4.2878 20.7744 21.7401
v -2.8357 19.8368 21.9598
v 0.2922 21.7920 16.2204
v -2.6132 21.8451 18.2664
v -1.1419 20.9198 18.4463
v 0.5519 22.6333 15.0901
v -2.8692 20.9514 19.6627
v 0.2922 23.4760 16.6403
v -2.6132 22.4685 18.4218
v -1.1419 23.2011 19.0151
v 0.5519 23.2638 15.2473
v -2.8692 22.6021 20.0743
v -1.1754 22.6648 16.3065
v -5.2333 20.4842 30.8566
v -6.9942 18.7029 34.3456
v -5.4886 19.4884 34.7359
v -5.5763 20.7556 28.3105
v -5.2333 17.7594 30.1772
v -6.9942 17.6942 34.0941
v -5.4886 16.8174 34.0699
v -5.5763 18.7151 27.8018
v -5.0886 15.6678 40.7830
v -6.9406 16.9199 38.0203
v -5.4344 16.0343 38.0410
v -5.3802 15.8816 42.1693
v -6.5354 16.7786 36.3986
v -5.0886 17.3518 41.2029
v -6.9406 17.5433 38.1757
v -5.4344 18.3156 38.6098
v -5.3802 16.5122 42.3266
v -6.5354 18.4294 36.8101
v -6.4812 16.6260 40.5269
v -5.3228 20.7361 24.0424
v -7.0273 18.7961 31.8230
v -5.6098 20.8499 25.7591
v -5.6098 19.8296 25.5047
v -6.6232 19.6966 30.3848
v -6.6232 18.6763 30.1304
v -3.1700 21.3873 28.9952
v -1.7422 21.4602 29.3262
v 1.1700 21.1641 29.8903
v -0.2578 21.3839 29.6323
v -3.1700 17.8359 28.1097
v -1.7422 17.6161 28.3677
v 1.1700 17.6127 29.0048
v -0.2578 17.5398 28.6738
v -4.0154 17.4898 29.9118
v -4.2140 16.6044 33.6368
v -3.3378 17.3381 30.0296
v -3.8808 15.5454 39.7712
v -4.1680 15.9394 37.0089
v -1.8575 17.1337 30.3253
v -3.4884 16.4662 33.8020
v -2.5983 17.2142 30.1787
v -3.4443 16.8679 31.9820
v 1.1970 17.2218 30.9868
v -0.1787 16.3969 34.4691
v 0.5166 17.1399 30.8245
v -3.0083 15.5006 39.9512
v -1.6170 15.8082 37.5350
v -3.2183 15.6112 38.7860
v -0.9726 17.0882 30.5078
v -0.9204 16.3341 34.3316
v -0.2299 17.0924 30.6671
v -1.8308 16.6839 32.3263
v -0.2029 16.7012 32.6505
v -3.4610 16.0697 35.8123
v -1.7778 15.9832 36.1594
v -3.3709 15.8068 37.3624
v -2.6891 16.3326 34.1559
v -2.4978 15.7619 37.5425
v -1.8034 16.2871 34.3386
v -4.0154 20.8468 30.7488
v -4.2140 19.8798 34.4535
v -3.3378 20.9255 30.9240
v -3.8808 17.9349 40.3670
v -4.1680 18.8839 37.7430
v -1.8575 20.9671 31.2811
v -3.4884 19.9243 34.6642
v -2.5983 20.9649 31.1138
v -3.4443 20.4240 32.8686
v 1.1970 20.5788 31.8238
v -0.1787 19.6723 35.2857
v 0.5166 20.7273 31.7190
v -3.0083 17.8900 40.5469
v -1.6170 18.7527 38.2691
v -3.2183 18.3393 39.4662
v -0.9726 20.9216 31.4636
v -0.9204 19.7923 35.1938
v -0.2299 20.8431 31.6023
v -1.8308 20.4248 33.2590
v -0.2029 20.2573 33.5372
v -3.4610 19.3306 36.6253
v -1.7778 19.2440 36.9725
v -3.3709 18.8349 38.1174
v -2.6891 19.8761 35.0394
v -2.4978 18.7901 38.2975
v -1.8034 19.8305 35.2220
v -3.8537 15.4693 41.8318
v -4.0889 15.7167 43.0335
v -3.8537 17.0348 42.2221
v -4.0889 16.2521 43.1670
v -3.1970 18.4212 26.1762
v -1.8213 19.3277 22.7143
v -2.5166 18.2727 26.2810
v 1.0083 21.1100 17.4531
v -0.3830 20.2473 19.7309
v -1.0274 18.0784 26.5364
v -1.0796 19.2077 22.8062
v -1.7701 18.1569 26.3977
v -1.7971 18.7427 24.4628
v 2.0154 18.1532 27.2512
v 2.2140 19.1202 23.5465
v 1.3378 18.0745 27.0760
v 1.8808 21.0651 17.6330
v 2.1680 20.1161 20.2570
v 1.2183 20.6607 18.5338
v -0.1425 18.0329 26.7189
v 1.4884 19.0757 23.3358
v 0.5983 18.0351 26.8862
v -0.1692 18.5752 24.7410
v 1.4443 18.5760 25.1314
v -0.2222 19.7560 21.0275
v 1.4610 19.6694 21.3747
v 0.4978 20.2099 19.7025
v -0.1966 19.1695 22.7780
v 1.3709 20.1651 19.8826
v 0.6891 19.1239 22.9606
v -3.1970 21.7782 27.0132
v -1.8213 22.6031 23.5309
v -2.5166 21.8601 27.1755
v 1.0083 23.4994 18.0488
v -0.3830 23.1918 20.4650
v -1.0274 21.9118 27.4922
v -1.0796 22.6659 23.6684
v -1.7701 21.9076 27.3329
v -1.7971 22.2988 25.3495
v 2.0154 21.5102 28.0882
v 2.2140 22.3956 24.3632
v 1.3378 21.6619 27.9704
v 1.8808 23.4546 18.2288
v 2.1680 23.0606 20.9911
v 1.2183 23.3888 19.2140
v -0.1425 21.8663 27.6747
v 1.4884 22.5338 24.1980
v 0.5983 21.7858 27.8213
v -0.1692 22.3161 25.6737
v 1.4443 22.1321 26.0180
v -0.2222 23.0168 21.8406
v 1.4610 22.9303 22.1877
v 0.4978 23.2381 20.4575
v -0.1966 22.7129 23.6614
v 1.3709 23.1932 20.6376
v 0.6891 22.6674 23.8441
v 1.8537 21.9652 15.7779
v 2.0889 22.7479 14.8330
v 1.8537 23.5307 16.1682
v 2.0889 23.2833 14.9665
v 2.5649 21.1386 28.9080
v 3.8208 21.3093 26.7601
v 2.7376 21.6363 26.9847
v 5.1640 21.2349 23.1265
v 4.7097 21.3422 24.7828
v 2.9033 22.5080 23.2017
v 3.9635 21.7912 24.7833
v 2.8562 22.1063 25.0238
v 3.4061 21.7345 25.8441
v 2.5649 18.0964 28.1495
v 3.8208 18.9541 26.1729
v 2.7376 18.5599 26.2176
v 5.1640 20.7257 22.9995
v 4.7097 19.8533 24.4116
v 2.9033 19.5663 22.4683
v 3.9635 19.4566 24.2012
v 2.8562 19.0655 24.2656
v 3.4061 19.0087 25.1645
v 2.4033 21.5937 16.5977
v 3.6957 21.6616 17.2299
v 2.6180 21.1460 17.6755
v 2.5909 22.0492 15.8140
v 5.1369 21.3110 21.0660
v 4.6306 21.5649 18.7581
v 5.0459 20.8950 21.6439
v 2.8758 20.1600 20.5071
v 3.8838 21.1797 18.5098
v 2.7827 20.6546 19.0168
v 3.5216 20.1061 21.2238
v 3.3056 21.1835 17.9808
v 2.7962 22.8094 15.0467
v 3.8564 22.0926 16.6283
v 2.7283 22.4663 15.2829
v 3.2782 22.0946 16.1032
v 4.4934 19.9927 23.1511
v 4.4412 21.1221 19.4209
v 4.8244 20.4435 22.3541
v 4.0795 20.0484 22.1358
v 4.7974 21.0293 20.4192
v 4.0520 20.6427 20.1727
v 2.4033 23.4739 17.0665
v 3.6957 23.1172 17.5928
v 2.6180 23.3632 18.2283
v 2.5909 23.4396 16.1606
v 5.1369 21.6258 21.1444
v 4.6306 22.4851 18.9875
v 5.0459 21.7218 21.8500
v 5.0187 21.7982 19.7823
v 2.8758 22.9044 21.1914
v 3.8838 22.9417 18.9491
v 2.7827 23.1673 19.6433
v 3.5216 22.6156 21.8495
v 3.3056 23.1867 18.4803
v 2.7962 23.1286 15.1263
v 3.8564 23.0190 16.8593
v 2.7283 23.3207 15.4959
v 3.4392 22.8476 15.5737
v 3.2782 23.2638 16.3948
v 4.4934 21.8108 23.6044
v 4.4412 22.5649 19.7806
v 4.8244 21.7870 22.6891
v 4.0795 22.2384 22.6818
v 4.7974 22.1781 20.7057
v 4.0520 22.6352 20.6695
v 4.4138 22.0350 17.5394
v 4.4138 22.6422 17.6907
v 4.7700 21.9403 18.5416
v 3.9971 22.4704 16.4060
v 4.7700 22.2552 18.6202
v 3.9971 22.7899 16.4856
v 2.0592 20.5630 31.2167
v 2.3420 19.6262 33.5106
v 1.4089 20.1240 33.0500
v 2.7815 20.6859 30.1241
v 2.1423 17.7958 36.9199
v 2.3705 18.6798 35.4612
v -0.0185 19.1825 36.5392
v 1.6447 19.1521 35.3679
v 0.6971 19.6489 34.8797
v 1.5598 19.6331 34.2722
v 4.0079 20.8305 27.9564
v 3.0321 19.7200 32.4105
v 3.4504 20.7758 29.0106
v 2.9443 20.1998 31.3209
v 2.0592 17.5208 30.4582
v 2.3420 17.2710 32.9234
v 1.4089 17.0476 32.2830
v 2.7815 17.9252 29.4358
v 2.1423 17.2866 36.7929
v 2.3705 17.1909 35.0899
v -0.0185 16.2409 35.8057
v 1.6447 16.8176 34.7859
v 0.6971 16.6082 34.1216
v 1.5598 16.9073 33.5926
v 4.0079 18.8152 27.4539
v 3.0321 17.7046 31.9080
v 3.4504 18.3685 28.4104
v 2.9443 17.7925 30.7207
v -2.9916 15.4535 41.2246
v -1.5681 15.6706 41.2584
v -2.3260 15.5190 40.2444
v -3.1743 15.4876 42.1315
v 1.2969 16.9406 38.5950
v -0.1014 16.1792 40.3591
v 1.4828 16.8397 37.9090
v -0.8760 15.8899 37.6335
v -0.8437 15.7991 40.0903
v -1.5978 15.6689 39.0135
v 0.0021 16.1004 37.2897
v -1.5811 15.6218 40.2879
v -3.3644 15.7978 43.1690
v -1.7011 15.7673 41.9977
v -3.2995 15.6059 42.7988
v -2.4368 15.5901 42.1913
v 1.6617 16.7698 36.0775
v 0.0307 16.1023 39.5542
v 1.6052 16.7795 37.0495
v 0.8774 16.4039 36.7530
v 0.7592 16.4333 38.8528
v 0.0191 16.0526 38.5826
v -2.9916 17.3337 41.6934
v -1.5681 17.1262 41.6213
v -2.3260 17.7361 40.7972
v -3.1743 16.8779 42.4782
v 1.2969 17.2553 38.6735
v -0.1014 17.0994 40.5885
v 1.4828 17.6664 38.1151
v 0.6344 16.8082 39.7961
v -0.8760 18.6343 38.3178
v -0.8437 17.5611 40.5297
v -1.5978 18.1816 39.6400
v 0.0021 18.6099 37.9154
v -1.5811 17.6249 40.7873
v -3.3644 16.1170 43.2486
v -1.7011 16.6937 42.2287
v -3.2995 16.4602 43.0118
v -2.5728 16.0050 43.0175
v -2.4368 16.7593 42.4828
v 1.6617 18.5879 36.5308
v 0.0307 17.5451 39.9139
v 1.6052 18.1230 37.3845
v 0.8774 18.5939 37.2990
v 0.7592 17.5821 39.1393
v 0.0191 18.0451 39.0794
v -0.8267 16.0705 41.4615
v -0.8267 16.6777 41.6129
v -0.0964 16.4016 40.7562
v -1.6975 15.9890 42.4011
v -0.0964 16.7165 40.8347
v -1.6975 16.3086 42.4808
v 5.1807 20.6786 24.2730
v 4.7586 19.7157 28.1350
v 5.0898 20.7713 24.9894
v 5.0898 20.2604 24.8620
v 2.6648 17.8151 35.7576
v 3.8981 18.7363 32.0629
v 2.8554 18.2282 35.1891
v 2.8554 17.7173 35.0617
v 4.5378 20.8501 26.7776
v 4.5701 19.7769 28.9894
v 4.8687 20.8283 25.8556
v 4.1684 20.3151 29.0344
v 4.8855 20.2717 27.0028
v 4.5378 19.3513 26.4039
v 4.5701 19.2605 28.8607
v 4.8687 19.8034 25.6000
v 4.1684 18.7642 28.6477
v 4.8855 19.7563 26.8743
v 3.0491 19.1558 33.5734
v 4.0571 19.1931 31.3311
v 2.9897 18.6897 34.4332
v 3.6549 19.7307 31.3783
v 3.5125 18.7090 33.2702
v 4.1854 19.7503 30.1983
v 3.0491 17.6569 33.1997
v 4.0571 18.6766 31.2023
v 2.9897 17.6647 34.1777
v 3.6549 18.1797 30.9916
v 3.5125 18.1936 33.1417
v 4.1854 18.7164 29.9406
v -4.0592 21.4792 27.5418
v -4.3420 21.7290 25.0766
v -3.4089 21.9524 25.7170
v -4.1423 21.7134 21.2071
v -4.3705 21.8091 22.9101
v -1.9815 22.7591 22.1943
v -3.6447 22.1824 23.2141
v -2.6971 22.3918 23.8784
v -3.5598 22.0927 24.4074
v -4.0592 18.4370 26.7833
v -4.3420 19.3738 24.4894
v -3.4089 18.8760 24.9500
v -4.1423 21.2042 21.0801
v -4.3705 20.3202 22.5388
v -1.9815 19.8175 21.4608
v -3.6447 19.8479 22.6321
v -2.6971 19.3511 23.1203
v -3.5598 19.3669 23.7278
v 0.9916 21.6663 16.3066
v -0.4319 21.8738 16.3787
v 0.3260 21.2639 17.2028
v 1.1743 22.1221 15.5218
v -3.2969 21.7447 19.3265
v -1.8986 21.9006 17.4115
v -3.4828 21.3336 19.8849
v -1.1240 20.3657 19.6822
v -1.1563 21.4389 17.4703
v -0.4022 20.8184 18.3600
v -2.0021 20.3901 20.0846
v -0.4189 21.3751 17.2127
v 1.3644 22.8830 14.7514
v -0.2989 22.3063 15.7713
v 1.2995 22.5398 14.9882
v 0.4368 22.2407 15.5172
v -3.6617 20.4121 21.4692
v -2.0307 21.4549 18.0861
v -3.6052 20.8770 20.6155
v -2.8774 20.4061 20.7010
v -2.7592 21.4179 18.8607
v -2.0191 20.9549 18.9206
v 0.9916 23.5465 16.7754
v -0.4319 23.3294 16.7416
v 0.3260 23.4810 17.7556
v 1.1743 23.5124 15.8685
v -3.2969 22.0594 19.4050
v -1.8986 22.8208 17.6409
v -3.4828 22.1603 20.0910
v -2.6344 22.1918 18.2039
v -1.1240 23.1101 20.3665
v -1.1563 23.2009 17.9097
v -0.4022 23.3311 18.9865
v -2.0021 22.8996 20.7103
v -0.4189 23.3782 17.7121
v 1.3644 23.2022 14.8310
v -0.2989 23.2327 16.0023
v 1.2995 23.3941 15.2012
v 0.5728 22.9950 14.9825
v 0.4368 23.4099 15.8087
v -3.6617 22.2302 21.9225
v -2.0307 22.8977 18.4458
v -3.6052 22.2205 20.9505
v -2.8774 22.5961 21.2470
v -2.7592 22.5667 19.1472
v -2.0191 22.9474 19.4174
v -1.1733 22.3223 16.3871
v -1.1733 22.9295 16.5385
v -1.9036 22.2835 17.1653
v -0.3025 22.6914 15.5192
v -1.9036 22.5984 17.2438
v -0.3025 23.0110 15.5989
v -4.5649 20.9036 29.8505
v -5.8208 20.0459 31.8271
v -4.7376 20.4401 31.7824
v -4.7815 21.0748 28.5642
v -7.1640 18.2743 35.0005
v -6.7097 19.1467 33.5884
v -4.9033 19.4337 35.5317
v -5.9635 19.5434 33.7988
v -4.8562 19.9345 33.7344
v -5.4061 19.9913 32.8355
v -5.0321 21.2954 26.0920
v -6.0079 20.1848 30.5461
v -4.9443 21.2075 27.2793
v -5.4504 20.6315 29.5896
v -4.5649 17.8614 29.0920
v -5.8208 17.6907 31.2399
v -4.7376 17.3637 31.0153
v -4.7815 18.3141 27.8759
v -7.1640 17.7651 34.8735
v -6.7097 17.6578 33.2172
v -4.9033 16.4920 34.7983
v -5.9635 17.2088 33.2167
v -4.8562 16.8937 32.9762
v -5.4061 17.2655 32.1559
v -5.0321 19.2800 25.5895
v -6.0079 18.1695 30.0436
v -4.9443 18.8002 26.6791
v -5.4504 18.2242 28.9894
v -4.4033 15.5261 40.9335
v -5.6957 15.8828 40.4072
v -4.6180 15.6368 39.7717
v -4.5909 15.5604 41.8394
v -7.1369 17.3742 36.8556
v -6.6306 16.5149 39.0125
v -7.0459 17.2782 36.1500
v -4.8758 16.0956 36.8086
v -5.8838 16.0583 39.0509
v -4.7827 15.8327 38.3567
v -5.5216 16.3844 36.1505
v -5.3056 15.8133 39.5197
v -4.7962 15.8714 42.8737
v -5.8564 15.9810 41.1407
v -4.7283 15.6793 42.5041
v -5.2782 15.7362 41.6052
v -6.4934 17.1892 34.3956
v -6.4412 16.4351 38.2194
v -6.8244 17.2130 35.3109
v -6.0795 16.7616 35.3182
v -6.7974 16.8219 37.2943
v -6.0520 16.3648 37.3305
v -4.4033 17.4063 41.4023
v -5.6957 17.3384 40.7701
v -4.6180 17.8540 40.3245
v -4.5909 16.9508 42.1860
v -7.1369 17.6890 36.9340
v -6.6306 17.4351 39.2419
v -7.0459 18.1050 36.3561
v -7.0187 17.2018 38.2177
v -4.8758 18.8400 37.4929
v -5.8838 17.8203 39.4902
v -4.7827 18.3454 38.9832
v -5.5216 18.8939 36.7762
v -5.3056 17.8165 40.0192
v -4.7962 16.1906 42.9533
v -5.8564 16.9074 41.3717
v -4.7283 16.5337 42.7171
v -5.4392 16.1524 42.4263
v -5.2782 16.9054 41.8968
v -6.4934 19.0073 34.8489
v -6.4412 17.8779 38.5791
v -6.8244 18.5565 35.6459
v -6.0795 18.9516 35.8642
v -6.7974 17.9707 37.5808
v -6.0520 18.3573 37.8273
v -6.4138 16.3578 40.3093
v -6.4138 16.9650 40.4606
v -6.7700 16.7448 39.3798
v -5.9971 16.2101 41.5144
v -6.7700 17.0597 39.4584
v -5.9971 16.5296 41.5940
v -4.6648 21.1849 22.2424
v -5.8981 20.2637 25.9371
v -4.8554 21.2827 22.9383
v -4.8554 20.7718 22.8109
v -7.1807 18.3214 33.7270
v -6.7586 19.2843 29.8650
v -7.0898 18.7396 33.1380
v -7.0898 18.2287 33.0106
v -5.0491 21.3431 24.8003
v -6.0571 20.3234 26.7977
v -4.9897 21.3353 23.8223
v -5.6549 20.8203 27.0084
v -5.5125 20.8064 24.8583
v -5.0491 19.8442 24.4266
v -6.0571 19.8069 26.6689
v -4.9897 20.3103 23.5668
v -5.6549 19.2693 26.6217
v -5.5125 20.2910 24.7298
v -6.5378 19.6487 31.5961
v -6.5701 19.7395 29.1393
v -6.8687 19.1966 32.4000
v -6.1684 20.2358 29.3523
v -6.8855 19.2437 31.1257
v -6.1854 20.2836 28.0594
v -6.5378 18.1499 31.2224
v -6.5701 19.2231 29.0106
v -6.8687 18.1717 32.1444
v -6.1684 18.6849 28.9656
v -6.8855 18.7283 30.9972
v -6.1854 19.2497 27.8017
vn -0.2176 0.9572 0.1910
vn 0.2176 0.9348 0.2807
vn -0.2176 -0.9348 -0.2807
vn 0.2176 -0.9572 -0.1910
vn -0.0447 -0.9985 -0.0321
vn -0.0447 0.8967 0.4404
vn 0.0447 -0.8967 -0.4404
vn 0.0447 0.9985 0.0321
vn 0.9998 0.0052 -0.0209
vn 0.9046 -0.1031 0.4137
vn -0.9046 0.1031 -0.4137
vn -0.9998 -0.0052 0.0209
vn 0.0000 0.9703 0.2419
vn -0.0000 -0.9703 -0.2419
vn -0.1528 -0.9701 -0.1887
vn 0.1186 -0.9840 -0.1327
vn -0.1528 0.9451 0.2888
vn 0.1186 0.9311 0.3448
vn -0.2079 -0.2366 0.9491
vn -0.1186 -0.9311 -0.3448
vn 0.1528 -0.9451 -0.2888
vn -0.1186 0.9840 0.1327
vn 0.1528 0.9701 0.1887
vn 0.2079 0.2366 -0.9491
vn 0.5162 0.8214 0.2425
vn 0.5162 -0.8391 -0.1716
vn 0.5512 -0.7436 -0.3785
vn 0.5512 0.8342 0.0149
vn 0.4865 0.7875 0.3784
vn 0.4865 -0.8730 -0.0357
vn 0.4273 -0.8846 0.1870
vn 0.4273 0.6932 0.5804
vn 0.9781 -0.0503 0.2017
vn -0.4865 0.8730 0.0357
vn -0.4865 -0.7875 -0.3784
vn -0.4273 -0.6932 -0.5804
vn -0.4273 0.8846 -0.1870
vn -0.5162 0.8391 0.1716
vn -0.5162 -0.8214 -0.2425
vn -0.5512 -0.8342 -0.0149
vn -0.5512 0.7436 0.3785
vn -0.9781 0.0503 -0.2017
vn -0.1011 0.9703 0.2198
vn 0.1011 0.9599 0.2615
vn -0.1011 -0.9599 -0.2615
vn 0.1011 -0.9703 -0.2198
vn -0.1868 -0.9534 -0.2369
vn -0.1093 -0.9858 -0.1273
vn -0.0669 -0.9736 -0.2182
vn 0.1703 -0.9718 -0.1633
vn 0.0531 -0.9942 -0.0938
vn 0.0515 -0.9797 -0.1938
vn -0.0170 -0.9864 -0.1634
vn -0.1868 0.9530 0.2384
vn -0.1093 0.9302 0.3504
vn -0.0669 0.9621 0.2644
vn 0.1703 0.9347 0.3120
vn 0.0531 0.9218 0.3839
vn 0.0515 0.9560 0.2888
vn -0.0170 0.9477 0.3188
vn -0.0931 -0.9735 0.2089
vn -0.0931 0.7615 0.6415
vn -0.1703 -0.9347 -0.3120
vn -0.0531 -0.9218 -0.3839
vn -0.0515 -0.9560 -0.2888
vn 0.1868 -0.9530 -0.2384
vn 0.1093 -0.9302 -0.3504
vn 0.0669 -0.9621 -0.2644
vn 0.0170 -0.9477 -0.3188
vn -0.1703 0.9718 0.1633
vn -0.0531 0.9942 0.0938
vn -0.0515 0.9797 0.1938
vn 0.1868 0.9534 0.2369
vn 0.1093 0.9858 0.1273
vn 0.0669 0.9736 0.2182
vn 0.0170 0.9864 0.1634
vn 0.0931 -0.7615 -0.6415
vn 0.0931 0.9735 -0.2089
vn 0.3398 0.9014 0.2685
vn 0.7853 0.5950 0.1709
vn 0.3111 0.9260 0.2139
vn 0.3398 -0.9219 -0.1861
vn 0.7853 -0.6056 -0.1285
vn 0.3111 -0.9180 -0.2459
vn 0.2604 -0.8642 -0.4305
vn 0.8649 -0.4421 -0.2376
vn 0.2849 -0.9027 -0.3224
vn 0.5659 -0.5204 -0.6395
vn 0.5290 -0.8099 -0.2534
vn 0.2604 0.9652 0.0256
vn 0.8649 0.5019 -0.0022
vn 0.2849 0.9484 0.1391
vn 0.5659 0.7597 -0.3203
vn 0.5290 0.8341 0.1565
vn 0.9413 0.0817 -0.3276
vn 0.3277 0.8876 0.3238
vn 0.7263 0.5279 0.4402
vn 0.2775 0.8878 0.3673
vn 0.5064 0.8041 0.3114
vn 0.3277 -0.9357 -0.1308
vn 0.7263 -0.6728 0.1409
vn 0.2775 -0.9563 -0.0925
vn 0.5064 -0.8562 -0.1026
vn 0.1531 -0.9864 0.0596
vn 0.7398 -0.5845 0.3332
vn 0.2219 -0.9745 -0.0346
vn 0.3158 -0.8051 0.5022
vn 0.4629 -0.8851 0.0481
vn 0.1531 0.8430 0.5157
vn 0.7398 0.3596 0.5686
vn 0.2219 0.8766 0.4269
vn 0.3158 0.4751 0.8213
vn 0.4629 0.7589 0.4580
vn 0.7225 -0.1672 0.6708
vn 0.9950 -0.0242 0.0971
vn 0.9497 -0.0758 0.3040
vn 0.7933 0.5505 0.2601
vn 0.7933 -0.6081 -0.0287
vn 0.7732 0.5276 0.3518
vn 0.7732 -0.6310 0.0630
vn -0.3277 0.9357 0.1308
vn -0.7263 0.6728 -0.1409
vn -0.2775 0.9563 0.0925
vn -0.3277 -0.8876 -0.3238
vn -0.7263 -0.5279 -0.4402
vn -0.2775 -0.8878 -0.3673
vn -0.1531 -0.8430 -0.5157
vn -0.7398 -0.3596 -0.5686
vn -0.2219 -0.8766 -0.4269
vn -0.3158 -0.4751 -0.8213
vn -0.4629 -0.7589 -0.4580
vn -0.1531 0.9864 -0.0596
vn -0.7398 0.5845 -0.3332
vn -0.2219 0.9745 0.0346
vn -0.3158 0.8051 -0.5022
vn -0.4629 0.8851 -0.0481
vn -0.7225 0.1672 -0.6708
vn -0.3398 0.9219 0.1861
vn -0.7853 0.6056 0.1285
vn -0.3111 0.9180 0.2459
vn -0.5064 0.8562 0.1026
vn -0.3398 -0.9014 -0.2685
vn -0.7853 -0.5950 -0.1709
vn -0.3111 -0.9260 -0.2139
vn -0.5064 -0.8041 -0.3114
vn -0.2604 -0.9652 -0.0256
vn -0.8649 -0.5019 0.0022
vn -0.2849 -0.9484 -0.1391
vn -0.5659 -0.7597 0.3203
vn -0.5290 -0.8341 -0.1565
vn -0.2604 0.8642 0.4305
vn -0.8649 0.4421 0.2376
vn -0.2849 0.9027 0.3224
vn -0.5659 0.5204 0.6395
vn -0.5290 0.8099 0.2534
vn -0.9413 -0.0817 0.3276
vn -0.9497 0.0758 -0.3040
vn -0.9950 0.0242 -0.0971
vn -0.7732 0.6310 -0.0630
vn -0.7732 -0.5276 -0.3518
vn -0.7933 0.6081 0.0287
vn -0.7933 -0.5505 -0.2601
vn -0.1557 0.9659 0.2067
vn -0.0497 0.9716 0.2314
vn 0.1557 0.9499 0.2709
vn 0.0497 0.9665 0.2519
vn -0.1557 -0.9499 -0.2709
vn -0.0497 -0.9665 -0.2519
vn 0.1557 -0.9659 -0.2067
vn 0.0497 -0.9716 -0.2314
vn -0.2022 -0.9445 -0.2590
vn -0.1705 -0.9619 -0.2138
vn -0.1407 -0.9580 -0.2497
vn -0.0809 -0.9930 -0.0862
vn -0.1322 -0.9782 -0.1604
vn -0.0316 -0.9726 -0.2302
vn -0.1058 -0.9731 -0.2047
vn -0.0854 -0.9669 -0.2404
vn -0.1247 -0.9657 -0.2277
vn 0.1941 -0.9648 -0.1773
vn 0.1455 -0.9781 -0.1486
vn 0.1328 -0.9721 -0.1933
vn 0.0102 -0.9977 -0.0674
vn 0.0879 -0.9895 -0.1150
vn -0.0281 -0.9934 -0.1117
vn 0.0240 -0.9755 -0.2187
vn 0.0817 -0.9827 -0.1660
vn 0.0778 -0.9753 -0.2067
vn -0.0078 -0.9785 -0.2062
vn 0.1088 -0.9777 -0.1796
vn -0.0832 -0.9807 -0.1767
vn 0.0492 -0.9875 -0.1494
vn -0.0588 -0.9874 -0.1468
vn -0.0440 -0.9804 -0.1920
vn 0.0145 -0.9912 -0.1317
vn 0.0195 -0.9837 -0.1790
vn -0.2022 0.9555 0.2147
vn -0.1705 0.9497 0.2628
vn -0.1407 0.9631 0.2293
vn -0.0809 0.9172 0.3901
vn -0.1322 0.9390 0.3176
vn -0.0316 0.9669 0.2534
vn -0.1058 0.9553 0.2761
vn -0.0854 0.9666 0.2417
vn -0.1247 0.9596 0.2523
vn 0.1941 0.9351 0.2964
vn 0.1455 0.9334 0.3280
vn 0.1328 0.9491 0.2857
vn 0.0102 0.9125 0.4089
vn 0.0879 0.9276 0.3630
vn -0.0281 0.9295 0.3678
vn 0.0240 0.9640 0.2648
vn 0.0817 0.9456 0.3148
vn 0.0778 0.9582 0.2754
vn -0.0078 0.9607 0.2774
vn 0.1088 0.9476 0.3004
vn -0.0832 0.9489 0.3044
vn 0.0492 0.9421 0.3317
vn -0.0588 0.9408 0.3339
vn -0.0440 0.9558 0.2907
vn 0.0145 0.9370 0.3490
vn 0.0195 0.9525 0.3038
vn -0.0620 -0.9967 0.0523
vn -0.1549 -0.8236 0.5456
vn -0.0620 0.8555 0.5141
vn -0.1549 0.4710 0.8684
vn -0.1941 -0.9351 -0.2964
vn -0.1455 -0.9334 -0.3280
vn -0.1328 -0.9491 -0.2857
vn -0.0102 -0.9125 -0.4089
vn -0.0879 -0.9276 -0.3630
vn -0.0240 -0.9640 -0.2648
vn -0.0817 -0.9456 -0.3148
vn -0.0778 -0.9582 -0.2754
vn -0.1088 -0.9476 -0.3004
vn 0.2022 -0.9555 -0.2147
vn 0.1705 -0.9497 -0.2628
vn 0.1407 -0.9631 -0.2293
vn 0.0809 -0.9172 -0.3901
vn 0.1322 -0.9390 -0.3176
vn 0.0281 -0.9295 -0.3678
vn 0.0316 -0.9669 -0.2534
vn 0.1058 -0.9553 -0.2761
vn 0.0854 -0.9666 -0.2417
vn 0.0078 -0.9607 -0.2774
vn 0.1247 -0.9596 -0.2523
vn -0.0492 -0.9421 -0.3317
vn 0.0832 -0.9489 -0.3044
vn -0.0145 -0.9370 -0.3490
vn -0.0195 -0.9525 -0.3038
vn 0.0588 -0.9408 -0.3339
vn 0.0440 -0.9558 -0.2907
vn -0.1941 0.9648 0.1773
vn -0.1455 0.9781 0.1486
vn -0.1328 0.9721 0.1933
vn -0.0102 0.9977 0.0674
vn -0.0879 0.9895 0.1150
vn -0.0240 0.9755 0.2187
vn -0.0817 0.9827 0.1660
vn -0.0778 0.9753 0.2067
vn -0.1088 0.9777 0.1796
vn 0.2022 0.9445 0.2590
vn 0.1705 0.9619 0.2138
vn 0.1407 0.9580 0.2497
vn 0.0809 0.9930 0.0862
vn 0.1322 0.9782 0.1604
vn 0.0281 0.9934 0.1117
vn 0.0316 0.9726 0.2302
vn 0.1058 0.9731 0.2047
vn 0.0854 0.9669 0.2404
vn 0.0078 0.9785 0.2062
vn 0.1247 0.9657 0.2277
vn -0.0492 0.9875 0.1494
vn 0.0832 0.9807 0.1767
vn -0.0145 0.9912 0.1317
vn -0.0195 0.9837 0.1790
vn 0.0588 0.9874 0.1468
vn 0.0440 0.9804 0.1920
vn 0.0620 -0.8555 -0.5141
vn 0.1549 -0.4710 -0.8684
vn 0.0620 0.9967 -0.0523
vn 0.1549 0.8236 -0.5456
vn 0.2736 0.9216 0.2754
vn 0.4189 0.8705 0.2583
vn 0.2577 0.9328 0.2519
vn 0.9312 0.3521 0.0946
vn 0.6382 0.7389 0.2163
vn 0.2280 0.9528 0.2006
vn 0.4070 0.8847 0.2274
vn 0.2420 0.9432 0.2276
vn 0.3242 0.9144 0.2425
vn 0.2736 -0.9430 -0.1895
vn 0.4189 -0.8899 -0.1806
vn 0.2577 -0.9419 -0.2155
vn 0.9312 -0.3553 -0.0817
vn 0.6382 -0.7539 -0.1560
vn 0.2280 -0.9354 -0.2702
vn 0.4070 -0.8879 -0.2145
vn 0.2420 -0.9396 -0.2419
vn 0.3242 -0.9212 -0.2151
vn 0.1440 -0.8869 -0.4389
vn 0.3962 -0.8206 -0.4117
vn 0.1704 -0.9079 -0.3830
vn 0.1981 -0.8315 -0.5189
vn 0.9660 -0.2230 -0.1312
vn 0.7155 -0.6204 -0.3213
vn 0.8231 -0.5400 -0.1758
vn 0.2106 -0.9292 -0.3038
vn 0.3916 -0.8526 -0.3459
vn 0.1910 -0.9210 -0.3396
vn 0.2982 -0.9121 -0.2812
vn 0.2724 -0.8883 -0.3697
vn 0.4811 -0.1978 -0.8541
vn 0.5665 -0.6702 -0.4795
vn 0.3022 -0.6871 -0.6608
vn 0.3660 -0.7779 -0.5108
vn 0.5209 -0.8276 -0.2093
vn 0.5376 -0.7850 -0.3078
vn 0.6582 -0.7259 -0.1996
vn 0.4029 -0.8803 -0.2507
vn 0.6833 -0.6852 -0.2522
vn 0.3978 -0.8690 -0.2943
vn 0.1440 0.9892 0.0289
vn 0.3962 0.9179 0.0217
vn 0.1704 0.9814 0.0880
vn 0.1981 0.9778 -0.0678
vn 0.9660 0.2585 -0.0111
vn 0.7155 0.6986 0.0076
vn 0.8231 0.5594 0.0983
vn 0.9896 0.0348 -0.1395
vn 0.2106 0.9630 0.1680
vn 0.3916 0.9152 0.0948
vn 0.1910 0.9726 0.1325
vn 0.2982 0.9374 0.1800
vn 0.2724 0.9579 0.0906
vn 0.4811 0.5756 -0.6612
vn 0.5665 0.8169 -0.1088
vn 0.3022 0.9169 -0.2609
vn 0.7432 0.1619 -0.6492
vn 0.3660 0.9267 -0.0858
vn 0.5209 0.8290 0.2037
vn 0.5376 0.8377 0.0968
vn 0.6582 0.7346 0.1646
vn 0.4029 0.8949 0.1919
vn 0.6833 0.7234 0.0990
vn 0.3978 0.9054 0.1481
vn 0.7861 -0.4698 -0.4016
vn 0.7861 0.6034 -0.1340
vn 0.9336 -0.2247 -0.2792
vn 0.8220 -0.2278 -0.5220
vn 0.9336 0.3295 -0.1411
vn 0.8220 0.4462 -0.3540
vn 0.2680 0.9152 0.3012
vn 0.3989 0.8479 0.3493
vn 0.2430 0.9162 0.3187
vn 0.3346 0.8946 0.2963
vn 0.8534 0.2635 0.4498
vn 0.5956 0.6905 0.4104
vn 0.1937 0.9138 0.3571
vn 0.3745 0.8477 0.3757
vn 0.2181 0.9160 0.3368
vn 0.3020 0.8890 0.3443
vn 0.5133 0.8122 0.2772
vn 0.4984 0.7953 0.3452
vn 0.4141 0.8631 0.2893
vn 0.4075 0.8556 0.3192
vn 0.2680 -0.9494 -0.1637
vn 0.3989 -0.9126 -0.0897
vn 0.2430 -0.9586 -0.1487
vn 0.3346 -0.9290 -0.1583
vn 0.8534 -0.4439 0.2734
vn 0.5956 -0.8023 0.0382
vn 0.1937 -0.9745 -0.1137
vn 0.3745 -0.9249 -0.0663
vn 0.2181 -0.9669 -0.1327
vn 0.3020 -0.9466 -0.1134
vn 0.5133 -0.8473 -0.1366
vn 0.4984 -0.8643 -0.0685
vn 0.4141 -0.8978 -0.1497
vn 0.4075 -0.9053 -0.1199
vn 0.0456 -0.9989 0.0102
vn 0.2802 -0.9527 0.1178
vn 0.0938 -0.9950 -0.0335
vn 0.0580 -0.9910 0.1206
vn 0.8526 -0.3520 0.3862
vn 0.5879 -0.7656 0.2612
vn 0.7357 -0.6395 0.2232
vn 0.1639 -0.9823 -0.0908
vn 0.3051 -0.9511 0.0489
vn 0.1311 -0.9892 -0.0661
vn 0.2512 -0.9656 -0.0667
vn 0.1904 -0.9817 0.0048
vn 0.1219 -0.6066 0.7856
vn 0.3942 -0.8663 0.3069
vn 0.0829 -0.9367 0.3403
vn 0.2093 -0.9562 0.2044
vn 0.4747 -0.8802 0.0016
vn 0.4468 -0.8883 0.1062
vn 0.5939 -0.7990 0.0937
vn 0.3557 -0.9339 -0.0354
vn 0.5921 -0.7889 0.1641
vn 0.3327 -0.9430 0.0026
vn 0.0456 0.8772 0.4780
vn 0.2802 0.7859 0.5513
vn 0.0938 0.8943 0.4375
vn 0.0580 0.8184 0.5717
vn 0.8526 0.1295 0.5063
vn 0.5879 0.5534 0.5901
vn 0.7357 0.4599 0.4973
vn 0.8456 -0.1292 0.5180
vn 0.1639 0.9099 0.3810
vn 0.3051 0.8168 0.4896
vn 0.1311 0.9044 0.4061
vn 0.2512 0.8839 0.3945
vn 0.1904 0.8645 0.4651
vn 0.1219 0.1668 0.9784
vn 0.3942 0.6208 0.6777
vn 0.0829 0.6673 0.7402
vn 0.4069 -0.2210 0.8864
vn 0.2093 0.7483 0.6294
vn 0.4747 0.7764 0.4146
vn 0.4468 0.7344 0.5108
vn 0.5939 0.6615 0.4578
vn 0.3557 0.8412 0.4072
vn 0.5921 0.6196 0.5153
vn 0.3327 0.8314 0.4450
vn 0.6059 -0.6749 0.4211
vn 0.6059 0.3982 0.6887
vn 0.7648 -0.4168 0.4913
vn 0.5673 -0.5176 0.6405
vn 0.7648 0.1374 0.6295
vn 0.5673 0.1563 0.8085
vn 0.9991 -0.0102 0.0407
vn 0.9881 -0.0372 0.1494
vn 0.9340 0.3254 0.1476
vn 0.9340 -0.3566 -0.0224
vn 0.9298 -0.0890 0.3571
vn 0.9653 -0.0632 0.2535
vn 0.8795 0.2633 0.3964
vn 0.8795 -0.4186 0.2264
vn 0.6460 0.7193 0.2556
vn 0.9240 0.2919 0.2471
vn 0.7936 0.5690 0.2156
vn 0.6408 0.7088 0.2949
vn 0.9325 0.3028 0.1970
vn 0.6460 -0.7551 -0.1120
vn 0.9240 -0.3737 0.0811
vn 0.7936 -0.6036 -0.0768
vn 0.6408 -0.7643 -0.0724
vn 0.9325 -0.3598 0.0318
vn 0.6202 0.6900 0.3731
vn 0.9129 0.2793 0.2977
vn 0.7541 0.5240 0.3960
vn 0.6320 0.6988 0.3349
vn 0.8998 0.2656 0.3461
vn 0.7884 0.5338 0.3058
vn 0.6202 -0.7844 0.0055
vn 0.9129 -0.3864 0.1318
vn 0.7541 -0.6486 0.1036
vn 0.6320 -0.7743 -0.0324
vn 0.8998 -0.3970 0.1809
vn 0.7884 -0.6149 0.0194
vn -0.2680 0.9494 0.1637
vn -0.3989 0.9126 0.0897
vn -0.2430 0.9586 0.1487
vn -0.8534 0.4439 -0.2734
vn -0.5956 0.8023 -0.0382
vn -0.1937 0.9745 0.1137
vn -0.3745 0.9249 0.0663
vn -0.2181 0.9669 0.1327
vn -0.3020 0.9466 0.1134
vn -0.2680 -0.9152 -0.3012
vn -0.3989 -0.8479 -0.3493
vn -0.2430 -0.9162 -0.3187
vn -0.8534 -0.2635 -0.4498
vn -0.5956 -0.6905 -0.4104
vn -0.1937 -0.9138 -0.3571
vn -0.3745 -0.8477 -0.3757
vn -0.2181 -0.9160 -0.3368
vn -0.3020 -0.8890 -0.3443
vn -0.0456 -0.8772 -0.4780
vn -0.2802 -0.7859 -0.5513
vn -0.0938 -0.8943 -0.4375
vn -0.0580 -0.8184 -0.5717
vn -0.8526 -0.1295 -0.5063
vn -0.5879 -0.5534 -0.5901
vn -0.7357 -0.4599 -0.4973
vn -0.1639 -0.9099 -0.3810
vn -0.3051 -0.8168 -0.4896
vn -0.1311 -0.9044 -0.4061
vn -0.2512 -0.8839 -0.3945
vn -0.1904 -0.8645 -0.4651
vn -0.1219 -0.1668 -0.9784
vn -0.3942 -0.6208 -0.6777
vn -0.0829 -0.6673 -0.7402
vn -0.2093 -0.7483 -0.6294
vn -0.4747 -0.7764 -0.4146
vn -0.4468 -0.7344 -0.5108
vn -0.5939 -0.6615 -0.4578
vn -0.3557 -0.8412 -0.4072
vn -0.5921 -0.6196 -0.5153
vn -0.3327 -0.8314 -0.4450
vn -0.0456 0.9989 -0.0102
vn -0.2802 0.9527 -0.1178
vn -0.0938 0.9950 0.0335
vn -0.0580 0.9910 -0.1206
vn -0.8526 0.3520 -0.3862
vn -0.5879 0.7656 -0.2612
vn -0.7357 0.6395 -0.2232
vn -0.8456 0.1292 -0.5180
vn -0.1639 0.9823 0.0908
vn -0.3051 0.9511 -0.0489
vn -0.1311 0.9892 0.0661
vn -0.2512 0.9656 0.0667
vn -0.1904 0.9817 -0.0048
vn -0.1219 0.6066 -0.7856
vn -0.3942 0.8663 -0.3069
vn -0.0829 0.9367 -0.3403
vn -0.4069 0.2210 -0.8864
vn -0.2093 0.9562 -0.2044
vn -0.4747 0.8802 -0.0016
vn -0.4468 0.8883 -0.1062
vn -0.5939 0.7990 -0.0937
vn -0.3557 0.9339 0.0354
vn -0.5921 0.7889 -0.1641
vn -0.3327 0.9430 -0.0026
vn -0.6059 -0.3982 -0.6887
vn -0.6059 0.6749 -0.4211
vn -0.7648 -0.1374 -0.6295
vn -0.5673 -0.1563 -0.8085
vn -0.7648 0.4168 -0.4913
vn -0.5673 0.5176 -0.6405
vn -0.2736 0.9430 0.1895
vn -0.4189 0.8899 0.1806
vn -0.2577 0.9419 0.2155
vn -0.3346 0.9290 0.1583
vn -0.9312 0.3553 0.0817
vn -0.6382 0.7539 0.1560
vn -0.2280 0.9354 0.2702
vn -0.4070 0.8879 0.2145
vn -0.2420 0.9396 0.2419
vn -0.3242 0.9212 0.2151
vn -0.4984 0.8643 0.0685
vn -0.5133 0.8473 0.1366
vn -0.4075 0.9053 0.1199
vn -0.4141 0.8978 0.1497
vn -0.2736 -0.9216 -0.2754
vn -0.4189 -0.8705 -0.2583
vn -0.2577 -0.9328 -0.2519
vn -0.3346 -0.8946 -0.2963
vn -0.9312 -0.3521 -0.0946
vn -0.6382 -0.7389 -0.2163
vn -0.2280 -0.9528 -0.2006
vn -0.4070 -0.8847 -0.2274
vn -0.2420 -0.9432 -0.2276
vn -0.3242 -0.9144 -0.2425
vn -0.4984 -0.7953 -0.3452
vn -0.5133 -0.8122 -0.2772
vn -0.4075 -0.8556 -0.3192
vn -0.4141 -0.8631 -0.2893
vn -0.1440 -0.9892 -0.0289
vn -0.3962 -0.9179 -0.0217
vn -0.1704 -0.9814 -0.0880
vn -0.1981 -0.9778 0.0678
vn -0.9660 -0.2585 0.0111
vn -0.7155 -0.6986 -0.0076
vn -0.8231 -0.5594 -0.0983
vn -0.2106 -0.9630 -0.1680
vn -0.3916 -0.9152 -0.0948
vn -0.1910 -0.9726 -0.1325
vn -0.2982 -0.9374 -0.1800
vn -0.2724 -0.9579 -0.0906
vn -0.4811 -0.5756 0.6612
vn -0.5665 -0.8169 0.1088
vn -0.3022 -0.9169 0.2609
vn -0.3660 -0.9267 0.0858
vn -0.5209 -0.8290 -0.2037
vn -0.5376 -0.8377 -0.0968
vn -0.6582 -0.7346 -0.1646
vn -0.4029 -0.8949 -0.1919
vn -0.6833 -0.7234 -0.0990
vn -0.3978 -0.9054 -0.1481
vn -0.1440 0.8869 0.4389
vn -0.3962 0.8206 0.4117
vn -0.1704 0.9079 0.3830
vn -0.1981 0.8315 0.5189
vn -0.9660 0.2230 0.1312
vn -0.7155 0.6204 0.3213
vn -0.8231 0.5400 0.1758
vn -0.9896 -0.0348 0.1395
vn -0.2106 0.9292 0.3038
vn -0.3916 0.8526 0.3459
vn -0.1910 0.9210 0.3396
vn -0.2982 0.9121 0.2812
vn -0.2724 0.8883 0.3697
vn -0.4811 0.1978 0.8541
vn -0.5665 0.6702 0.4795
vn -0.3022 0.6871 0.6608
vn -0.7432 -0.1619 0.6492
vn -0.3660 0.7779 0.5108
vn -0.5209 0.8276 0.2093
vn -0.5376 0.7850 0.3078
vn -0.6582 0.7259 0.1996
vn -0.4029 0.8803 0.2507
vn -0.6833 0.6852 0.2522
vn -0.3978 0.8690 0.2943
vn -0.7861 -0.6034 0.1340
vn -0.7861 0.4698 0.4016
vn -0.9336 -0.3295 0.1411
vn -0.8220 -0.4462 0.3540
vn -0.9336 0.2247 0.2792
vn -0.8220 0.2278 0.5220
vn -0.9298 0.0890 -0.3571
vn -0.9653 0.0632 -0.2535
vn -0.8795 0.4186 -0.2264
vn -0.8795 -0.2633 -0.3964
vn -0.9991 0.0102 -0.0407
vn -0.9881 0.0372 -0.1494
vn -0.9340 0.3566 0.0224
vn -0.9340 -0.3254 -0.1476
vn -0.6202 0.7844 -0.0055
vn -0.9129 0.3864 -0.1318
vn -0.7541 0.6486 -0.1036
vn -0.6320 0.7743 0.0324
vn -0.8998 0.3970 -0.1809
vn -0.6202 -0.6900 -0.3731
vn -0.9129 -0.2793 -0.2977
vn -0.7541 -0.5240 -0.3960
vn -0.6320 -0.6988 -0.3349
vn -0.8998 -0.2656 -0.3461
vn -0.6460 0.7551 0.1120
vn -0.9240 0.3737 -0.0811
vn -0.7936 0.6036 0.0768
vn -0.6408 0.7643 0.0724
vn -0.9325 0.3598 -0.0318
vn -0.7884 0.6149 -0.0194
vn -0.6460 -0.7193 -0.2556
vn -0.9240 -0.2919 -0.2471
vn -0.7936 -0.5690 -0.2156
vn -0.6408 -0.7088 -0.2949
vn -0.9325 -0.3028 -0.1970
vn -0.7884 -0.5338 -0.3058
f 3567//3567 4099//4099 3763//3763
f 4099//4099 3704//3704 4101//4101
f 3763//3763 4101//4101 3620//3620
f 4099//4099 4101//4101 3763//3763
f 3704//3704 4100//4100 4108//4108
f 4100//4100 3604//3604 4106//4106
f 4108//4108 4106//4106 3706//3706
f 4100//4100 4106//4106 4108//4108
f 3620//3620 4107//4107 3764//3764
f 4107//4107 3706//3706 4105//4105
f 3764//3764 4105//4105 3583//3583
f 4107//4107 4105//4105 3764//3764
f 3704//3704 4108//4108 4101//4101
f 4108//4108 3706//3706 4107//4107
f 4101//4101 4107//4107 3620//3620
f 4108//4108 4107//4107 4101//4101
f 3604//3604 4104//4104 4167//4167
f 4104//4104 3705//3705 4169//4169
f 4167//4167 4169//4169 3721//3721
f 4104//4104 4169//4169 4167//4167
f 3705//3705 4103//4103 4155//4155
f 4103//4103 3578//3578 4153//4153
f 4155//4155 4153//4153 3718//3718
f 4103//4103 4153//4153 4155//4155
f 3721//3721 4171//4171 4168//4168
f 4171//4171 3718//3718 4154//4154
f 4168//4168 4154//4154 3607//3607
f 4171//4171 4154//4154 4168//4168
f 3705//3705 4155//4155 4169//4169
f 4155//4155 3718//3718 4171//4171
f 4169//4169 4171//4171 3721//3721
f 4155//4155 4171//4171 4169//4169
f 3583//3583 4157//4157 3767//3767
f 4157//4157 3719//3719 4159//4159
f 3767//3767 4159//4159 3621//3621
f 4157//4157 4159//4159 3767//3767
f 3719//3719 4158//4158 4161//4161
f 4158//4158 3607//3607 4150//4150
f 4161//4161 4150//4150 3717//3717
f 4158//4158 4150//4150 4161//4161
f 3621//3621 4151//4151 3766//3766
f 4151//4151 3717//3717 4149//4149
f 3766//3766 4149//4149 3572//3572
f 4151//4151 4149//4149 3766//3766
f 3719//3719 4161//4161 4159//4159
f 4161//4161 3717//3717 4151//4151
f 4159//4159 4151//4151 3621//3621
f 4161//4161 4151//4151 4159//4159
f 3604//3604 4167//4167 4106//4106
f 4167//4167 3721//3721 4170//4170
f 4106//4106 4170//4170 3706//3706
f 4167//4167 4170//4170 4106//4106
f 3721//3721 4168//4168 4172//4172
f 4168//4168 3607//3607 4158//4158
f 4172//4172 4158//4158 3719//3719
f 4168//4168 4158//4158 4172//4172
f 3706//3706 4160//4160 4105//4105
f 4160//4160 3719//3719 4157//4157
f 4105//4105 4157//4157 3583//3583
f 4160//4160 4157//4157 4105//4105
f 3721//3721 4172//4172 4170//4170
f 4172//4172 3719//3719 4160//4160
f 4170//4170 4160//4160 3706//3706
f 4172//4172 4160//4160 4170//4170
f 3567//3567 3763//3763 3729//3729
f 3763//3763 3620//3620 3765//3765
f 3729//3729 3765//3765 3609//3609
f 3763//3763 3765//3765 3729//3729
f 3620//3620 3764//3764 3771//3771
f 3764//3764 3583//3583 3769//3769
f 3771//3771 3769//3769 3622//3622
f 3764//3764 3769//3769 3771//3771
f 3609//3609 3770//3770 3730//3730
f 3770//3770 3622//3622 3768//3768
f 3730//3730 3768//3768 3579//3579
f 3770//3770 3768//3768 3730//3730
f 3620//3620 3771//3771 3765//3765
f 3771//3771 3622//3622 3770//3770
f 3765//3765 3770//3770 3609//3609
f 3771//3771 3770//3770 3765//3765
f 3583//3583 3767//3767 3783//3783
f 3767//3767 3621//3621 3785//3785
f 3783//3783 3785//3785 3626//3626
f 3767//3767 3785//3785 3783//3783
f 3621//3621 3766//3766 3777//3777
f 3766//3766 3572//3572 3775//3775
f 3777//3777 3775//3775 3624//3624
f 3766//3766 3775//3775 3777//3777
f 3626//3626 3787//3787 3784//3784
f 3787//3787 3624//3624 3776//3776
f 3784//3784 3776//3776 3584//3584
f 3787//3787 3776//3776 3784//3784
f 3621//3621 3777//3777 3785//3785
f 3777//3777 3624//3624 3787//3787
f 3785//3785 3787//3787 3626//3626
f 3777//3777 3787//3787 3785//3785
f 3579//3579 3778//3778 3732//3732
f 3778//3778 3625//3625 3780//3780
f 3732//3732 3780//3780 3610//3610
f 3778//3778 3780//3780 3732//3732
f 3625//3625 3779//3779 3782//3782
f 3779//3779 3584//3584 3773//3773
f 3782//3782 3773//3773 3623//3623
f 3779//3779 3773//3773 3782//3782
f 3610//3610 3774//3774 3731//3731
f 3774//3774 3623//3623 3772//3772
f 3731//3731 3772//3772 3568//3568
f 3774//3774 3772//3772 3731//3731
f 3625//3625 3782//3782 3780//3780
f 3782//3782 3623//3623 3774//3774
f 3780//3780 3774//3774 3610//3610
f 3782//3782 3774//3774 3780//3780
f 3583//3583 3783//3783 3769//3769
f 3783//3783 3626//3626 3786//3786
f 3769//3769 3786//3786 3622//3622
f 3783//3783 3786//3786 3769//3769
f 3626//3626 3784//3784 3788//3788
f 3784//3784 3584//3584 3779//3779
f 3788//3788 3779//3779 3625//3625
f 3784//3784 3779//3779 3788//3788
f 3622//3622 3781//3781 3768//3768
f 3781//3781 3625//3625 3778//3778
f 3768//3768 3778//3778 3579//3579
f 3781//3781 3778//3778 3768//3768
f 3626//3626 3788//3788 3786//3786
f 3788//3788 3625//3625 3781//3781
f 3786//3786 3781//3781 3622//3622
f 3788//3788 3781//3781 3786//3786
f 3567//3567 3729//3729 3819//3819
f 3729//3729 3609//3609 3821//3821
f 3819//3819 3821//3821 3636//3636
f 3729//3729 3821//3821 3819//3819
f 3609//3609 3730//3730 3826//3826
f 3730//3730 3579//3579 3824//3824
f 3826//3826 3824//3824 3638//3638
f 3730//3730 3824//3824 3826//3826
f 3636//3636 3827//3827 3820//3820
f 3827//3827 3638//3638 3825//3825
f 3820//3820 3825//3825 3588//3588
f 3827//3827 3825//3825 3820//3820
f 3609//3609 3826//3826 3821//3821
f 3826//3826 3638//3638 3827//3827
f 3821//3821 3827//3827 3636//3636
f 3826//3826 3827//3827 3821//3821
f 3579//3579 3732//3732 3834//3834
f 3732//3732 3610//3610 3836//3836
f 3834//3834 3836//3836 3641//3641
f 3732//3732 3836//3836 3834//3834
f 3610//3610 3731//3731 3830//3830
f 3731//3731 3568//3568 3828//3828
f 3830//3830 3828//3828 3639//3639
f 3731//3731 3828//3828 3830//3830
f 3641//3641 3838//3838 3835//3835
f 3838//3838 3639//3639 3829//3829
f 3835//3835 3829//3829 3589//3589
f 3838//3838 3829//3829 3835//3835
f 3610//3610 3830//3830 3836//3836
f 3830//3830 3639//3639 3838//3838
f 3836//3836 3838//3838 3641//3641
f 3830//3830 3838//3838 3836//3836
f 3588//3588 3839//3839 3823//3823
f 3839//3839 3642//3642 3841//3841
f 3823//3823 3841//3841 3637//3637
f 3839//3839 3841//3841 3823//3823
f 3642//3642 3840//3840 3843//3843
f 3840//3840 3589//3589 3832//3832
f 3843//3843 3832//3832 3640//3640
f 3840//3840 3832//3832 3843//3843
f 3637//3637 3833//3833 3822//3822
f 3833//3833 3640//3640 3831//3831
f 3822//3822 3831//3831 3574//3574
f 3833//3833 3831//3831 3822//3822
f 3642//3642 3843//3843 3841//3841
f 3843//3843 3640//3640 3833//3833
f 3841//3841 3833//3833 3637//3637
f 3843//3843 3833//3833 3841//3841
f 3579//3579 3834//3834 3824//3824
f 3834//3834 3641//3641 3837//3837
f 3824//3824 3837//3837 3638//3638
f 3834//3834 3837//3837 3824//3824
f 3641//3641 3835//3835 3844//3844
f 3835//3835 3589//3589 3840//3840
f 3844//3844 3840//3840 3642//3642
f 3835//3835 3840//3840 3844//3844
f 3638//3638 3842//3842 3825//3825
f 3842//3842 3642//3642 3839//3839
f 3825//3825 3839//3839 3588//3588
f 3842//3842 3839//3839 3825//3825
f 3641//3641 3844//3844 3837//3837
f 3844//3844 3642//3642 3842//3842
f 3837//3837 3842//3842 3638//3638
f 3844//3844 3842//3842 3837//3837
f 3567//3567 3819//3819 4029//4029
f 3819//3819 3636//3636 4031//4031
f 4029//4029 4031//4031 3687//3687
f 3819//3819 4031//4031 4029//4029
f 3636//3636 3820//3820 4036//4036
f 3820//3820 3588//3588 4034//4034
f 4036//4036 4034//4034 3689//3689
f 3820//3820 4034//4034 4036//4036
f 3687//3687 4037//4037 4030//4030
f 4037//4037 3689//3689 4035//4035
f 4030//4030 4035//4035 3600//3600
f 4037//4037 4035//4035 4030//4030
f 3636//3636 4036//4036 4031//4031
f 4036//4036 3689//3689 4037//4037
f 4031//4031 4037//4037 3687//3687
f 4036//4036 4037//4037 4031//4031
f 3588//3588 3823//3823 4077//4077
f 3823//3823 3637//3637 4079//4079
f 4077//4077 4079//4079 3700//3700
f 3823//3823 4079//4079 4077//4077
f 3637//3637 3822//3822 4071//4071
f 3822//3822 3574//3574 4069//4069
f 4071//4071 4069//4069 3698//3698
f 3822//3822 4069//4069 4071//4071
f 3700//3700 4081//4081 4078//4078
f 4081//4081 3698//3698 4070//4070
f 4078//4078 4070//4070 3603//3603
f 4081//4081 4070//4070 4078//4078
f 3637//3637 4071//4071 4079//4079
f 4071//4071 3698//3698 4081//4081
f 4079//4079 4081//4081 3700//3700
f 4071//4071 4081//4081 4079//4079
f 3600//3600 4087//4087 4033//4033
f 4087//4087 3702//3702 4089//4089
f 4033//4033 4089//4089 3688//3688
f 4087//4087 4089//4089 4033//4033
f 3702//3702 4088//4088 4091//4091
f 4088//4088 3603//3603 4074//4074
f 4091//4091 4074//4074 3699//3699
f 4088//4088 4074//4074 4091//4091
f 3688//3688 4075//4075 4032//4032
f 4075//4075 3699//3699 4073//4073
f 4032//4032 4073//4073 3577//3577
f 4075//4075 4073//4073 4032//4032
f 3702//3702 4091//4091 4089//4089
f 4091//4091 3699//3699 4075//4075
f 4089//4089 4075//4075 3688//3688
f 4091//4091 4075//4075 4089//4089
f 3588//3588 4077//4077 4034//4034
f 4077//4077 3700//3700 4080//4080
f 4034//4034 4080//4080 3689//3689
f 4077//4077 4080//4080 4034//4034
f 3700//3700 4078//4078 4092//4092
f 4078//4078 3603//3603 4088//4088
f 4092//4092 4088//4088 3702//3702
f 4078//4078 4088//4088 4092//4092
f 3689//3689 4090//4090 4035//4035
f 4090//4090 3702//3702 4087//4087
f 4035//4035 4087//4087 3600//3600
f 4090//4090 4087//4087 4035//4035
f 3700//3700 4092//4092 4080//4080
f 4092//4092 3702//3702 4090//4090
f 4080//4080 4090//4090 3689//3689
f 4092//4092 4090//4090 4080//4080
f 3567//3567 4029//4029 4099//4099
f 4029//4029 3687//3687 4102//4102
f 4099//4099 4102//4102 3704//3704
f 4029//4029 4102//4102 4099//4099
f 3687//3687 4030//4030 4111//4111
f 4030//4030 3600//3600 4109//4109
f 4111//4111 4109//4109 3707//3707
f 4030//4030 4109//4109 4111//4111
f 3704//3704 4112//4112 4100//4100
f 4112//4112 3707//3707 4110//4110
f 4100//4100 4110//4110 3604//3604
f 4112//4112 4110//4110 4100//4100
f 3687//3687 4111//4111 4102//4102
f 4111//4111 3707//3707 4112//4112
f 4102//4102 4112//4112 3704//3704
f 4111//4111 4112//4112 4102//4102
f 3600//3600 4033//4033 4187//4187
f 4033//4033 3688//3688 4189//4189
f 4187//4187 4189//4189 3725//3725
f 4033//4033 4189//4189 4187//4187
f 3688//3688 4032//4032 4181//4181
f 4032//4032 3577//3577 4179//4179
f 4181//4181 4179//4179 3723//3723
f 4032//4032 4179//4179 4181//4181
f 3725//3725 4191//4191 4188//4188
f 4191//4191 3723//3723 4180//4180
f 4188//4188 4180//4180 3608//3608
f 4191//4191 4180//4180 4188//4188
f 3688//3688 4181//4181 4189//4189
f 4181//4181 3723//3723 4191//4191
f 4189//4189 4191//4191 3725//3725
f 4181//4181 4191//4191 4189//4189
f 3604//3604 4197//4197 4104//4104
f 4197//4197 3727//3727 4199//4199
f 4104//4104 4199//4199 3705//3705
f 4197//4197 4199//4199 4104//4104
f 3727//3727 4198//4198 4201//4201
f 4198//4198 3608//3608 4184//4184
f 4201//4201 4184//4184 3724//3724
f 4198//4198 4184//4184 4201//4201
f 3705//3705 4185//4185 4103//4103
f 4185//4185 3724//3724 4183//4183
f 4103//4103 4183//4183 3578//3578
f 4185//4185 4183//4183 4103//4103
f 3727//3727 4201//4201 4199//4199
f 4201//4201 3724//3724 4185//4185
f 4199//4199 4185//4185 3705//3705
f 4201//4201 4185//4185 4199//4199
f 3600//3600 4187//4187 4109//4109
f 4187//4187 3725//3725 4190//4190
f 4109//4109 4190//4190 3707//3707
f 4187//4187 4190//4190 4109//4109
f 3725//3725 4188//4188 4202//4202
f 4188//4188 3608//3608 4198//4198
f 4202//4202 4198//4198 3727//3727
f 4188//4188 4198//4198 4202//4202
f 3707//3707 4200//4200 4110//4110
f 4200//4200 3727//3727 4197//4197
f 4110//4110 4197//4197 3604//3604
f 4200//4200 4197//4197 4110//4110
f 3725//3725 4202//4202 4190//4190
f 4202//4202 3727//3727 4200//4200
f 4190//4190 4200//4200 3707//3707
f 4202//4202 4200//4200 4190//4190
f 3568//3568 3772//3772 3919//3919
f 3772//3772 3623//3623 3921//3921
f 3919//3919 3921//3921 3662//3662
f 3772//3772 3921//3921 3919//3919
f 3623//3623 3773//3773 3927//3927
f 3773//3773 3584//3584 3925//3925
f 3927//3927 3925//3925 3664//3664
f 3773//3773 3925//3925 3927//3927
f 3662//3662 3928//3928 3920//3920
f 3928//3928 3664//3664 3926//3926
f 3920//3920 3926//3926 3595//3595
f 3928//3928 3926//3926 3920//3920
f 3623//3623 3927//3927 3921//3921
f 3927//3927 3664//3664 3928//3928
f 3921//3921 3928//3928 3662//3662
f 3927//3927 3928//3928 3921//3921
f 3584//3584 3776//3776 3977//3977
f 3776//3776 3624//3624 3979//3979
f 3977//3977 3979//3979 3677//3677
f 3776//3776 3979//3979 3977//3977
f 3624//3624 3775//3775 3971//3971
f 3775//3775 3572//3572 3969//3969
f 3971//3971 3969//3969 3675//3675
f 3775//3775 3969//3969 3971//3971
f 3677//3677 3981//3981 3978//3978
f 3981//3981 3675//3675 3970//3970
f 3978//3978 3970//3970 3598//3598
f 3981//3981 3970//3970 3978//3978
f 3624//3624 3971//3971 3979//3979
f 3971//3971 3675//3675 3981//3981
f 3979//3979 3981//3981 3677//3677
f 3971//3971 3981//3981 3979//3979
f 3595//3595 3987//3987 3924//3924
f 3987//3987 3679//3679 3989//3989
f 3924//3924 3989//3989 3663//3663
f 3987//3987 3989//3989 3924//3924
f 3679//3679 3988//3988 3991//3991
f 3988//3988 3598//3598 3974//3974
f 3991//3991 3974//3974 3676//3676
f 3988//3988 3974//3974 3991//3991
f 3663//3663 3975//3975 3923//3923
f 3975//3975 3676//3676 3973//3973
f 3923//3923 3973//3973 3576//3576
f 3975//3975 3973//3973 3923//3923
f 3679//3679 3991//3991 3989//3989
f 3991//3991 3676//3676 3975//3975
f 3989//3989 3975//3975 3663//3663
f 3991//3991 3975//3975 3989//3989
f 3584//3584 3977//3977 3925//3925
f 3977//3977 3677//3677 3980//3980
f 3925//3925 3980//3980 3664//3664
f 3977//3977 3980//3980 3925//3925
f 3677//3677 3978//3978 3992//3992
f 3978//3978 3598//3598 3988//3988
f 3992//3992 3988//3988 3679//3679
f 3978//3978 3988//3988 3992//3992
f 3664//3664 3990//3990 3926//3926
f 3990//3990 3679//3679 3987//3987
f 3926//3926 3987//3987 3595//3595
f 3990//3990 3987//3987 3926//3926
f 3677//3677 3992//3992 3980//3980
f 3992//3992 3679//3679 3990//3990
f 3980//3980 3990//3990 3664//3664
f 3992//3992 3990//3990 3980//3980
f 3572//3572 4149//4149 3791//3791
f 4149//4149 3717//3717 4152//4152
f 3791//3791 4152//4152 3628//3628
f 4149//4149 4152//4152 3791//3791
f 3717//3717 4150//4150 4166//4166
f 4150//4150 3607//3607 4163//4163
f 4166//4166 4163//4163 3720//3720
f 4150//4150 4163//4163 4166//4166
f 3628//3628 4164//4164 3792//3792
f 4164//4164 3720//3720 4162//4162
f 3792//3792 4162//4162 3585//3585
f 4164//4164 4162//4162 3792//3792
f 3717//3717 4166//4166 4152//4152
f 4166//4166 3720//3720 4164//4164
f 4152//4152 4164//4164 3628//3628
f 4166//4166 4164//4164 4152//4152
f 3607//3607 4154//4154 4174//4174
f 4154//4154 3718//3718 4177//4177
f 4174//4174 4177//4177 3722//3722
f 4154//4154 4177//4177 4174//4174
f 3718//3718 4153//4153 4156//4156
f 4153//4153 3578//3578 4131//4131
f 4156//4156 4131//4131 3713//3713
f 4153//4153 4131//4131 4156//4156
f 3722//3722 4175//4175 4173//4173
f 4175//4175 3713//3713 4132//4132
f 4173//4173 4132//4132 3606//3606
f 4175//4175 4132//4132 4173//4173
f 3718//3718 4156//4156 4177//4177
f 4156//4156 3713//3713 4175//4175
f 4177//4177 4175//4175 3722//3722
f 4156//4156 4175//4175 4177//4177
f 3585//3585 4139//4139 3790//3790
f 4139//4139 3715//3715 4141//4141
f 3790//3790 4141//4141 3627//3627
f 4139//4139 4141//4141 3790//3790
f 3715//3715 4140//4140 4142//4142
f 4140//4140 3606//3606 4128//4128
f 4142//4142 4128//4128 3712//3712
f 4140//4140 4128//4128 4142//4142
f 3627//3627 4130//4130 3789//3789
f 4130//4130 3712//3712 4127//4127
f 3789//3789 4127//4127 3571//3571
f 4130//4130 4127//4127 3789//3789
f 3715//3715 4142//4142 4141//4141
f 4142//4142 3712//3712 4130//4130
f 4141//4141 4130//4130 3627//3627
f 4142//4142 4130//4130 4141//4141
f 3607//3607 4174//4174 4163//4163
f 4174//4174 3722//3722 4178//4178
f 4163//4163 4178//4178 3720//3720
f 4174//4174 4178//4178 4163//4163
f 3722//3722 4173//4173 4176//4176
f 4173//4173 3606//3606 4140//4140
f 4176//4176 4140//4140 3715//3715
f 4173//4173 4140//4140 4176//4176
f 3720//3720 4165//4165 4162//4162
f 4165//4165 3715//3715 4139//4139
f 4162//4162 4139//4139 3585//3585
f 4165//4165 4139//4139 4162//4162
f 3722//3722 4176//4176 4178//4178
f 4176//4176 3715//3715 4165//4165
f 4178//4178 4165//4165 3720//3720
f 4176//4176 4165//4165 4178//4178
f 3578//3578 4183//4183 4117//4117
f 4183//4183 3724//3724 4186//4186
f 4117//4117 4186//4186 3709//3709
f 4183//4183 4186//4186 4117//4117
f 3724//3724 4184//4184 4207//4207
f 4184//4184 3608//3608 4204//4204
f 4207//4207 4204//4204 3728//3728
f 4184//4184 4204//4204 4207//4207
f 3709//3709 4205//4205 4118//4118
f 4205//4205 3728//3728 4203//4203
f 4118//4118 4203//4203 3605//3605
f 4205//4205 4203//4203 4118//4118
f 3724//3724 4207//4207 4186//4186
f 4207//4207 3728//3728 4205//4205
f 4186//4186 4205//4205 3709//3709
f 4207//4207 4205//4205 4186//4186
f 3608//3608 4180//4180 4193//4193
f 4180//4180 3723//3723 4196//4196
f 4193//4193 4196//4196 3726//3726
f 4180//4180 4196//4196 4193//4193
f 3723//3723 4179//4179 4182//4182
f 4179//4179 3577//3577 4041//4041
f 4182//4182 4041//4041 3691//3691
f 4179//4179 4041//4041 4182//4182
f 3726//3726 4194//4194 4192//4192
f 4194//4194 3691//3691 4042//4042
f 4192//4192 4042//4042 3601//3601
f 4194//4194 4042//4042 4192//4192
f 3723//3723 4182//4182 4196//4196
f 4182//4182 3691//3691 4194//4194
f 4196//4196 4194//4194 3726//3726
f 4182//4182 4194//4194 4196//4196
f 3605//3605 4124//4124 4114//4114
f 4124//4124 3711//3711 4126//4126
f 4114//4114 4126//4126 3708//3708
f 4124//4124 4126//4126 4114//4114
f 3711//3711 4123//4123 4125//4125
f 4123//4123 3601//3601 4039//4039
f 4125//4125 4039//4039 3690//3690
f 4123//4123 4039//4039 4125//4125
f 3708//3708 4116//4116 4113//4113
f 4116//4116 3690//3690 4038//4038
f 4113//4113 4038//4038 3569//3569
f 4116//4116 4038//4038 4113//4113
f 3711//3711 4125//4125 4126//4126
f 4125//4125 3690//3690 4116//4116
f 4126//4126 4116//4116 3708//3708
f 4125//4125 4116//4116 4126//4126
f 3608//3608 4193//4193 4204//4204
f 4193//4193 3726//3726 4208//4208
f 4204//4204 4208//4208 3728//3728
f 4193//4193 4208//4208 4204//4204
f 3726//3726 4192//4192 4195//4195
f 4192//4192 3601//3601 4123//4123
f 4195//4195 4123//4123 3711//3711
f 4192//4192 4123//4123 4195//4195
f 3728//3728 4206//4206 4203//4203
f 4206//4206 3711//3711 4124//4124
f 4203//4203 4124//4124 3605//3605
f 4206//4206 4124//4124 4203//4203
f 3726//3726 4195//4195 4208//4208
f 4195//4195 3711//3711 4206//4206
f 4208//4208 4206//4206 3728//3728
f 4195//4195 4206//4206 4208//4208
f 3577//3577 4073//4073 4051//4051
f 4073//4073 3699//3699 4076//4076
f 4051//4051 4076//4076 3694//3694
f 4073//4073 4076//4076 4051//4051
f 3699//3699 4074//4074 4097//4097
f 4074//4074 3603//3603 4094//4094
f 4097//4097 4094//4094 3703//3703
f 4074//4074 4094//4094 4097//4097
f 3694//3694 4095//4095 4052//4052
f 4095//4095 3703//3703 4093//4093
f 4052//4052 4093//4093 3602//3602
f 4095//4095 4093//4093 4052//4052
f 3699//3699 4097//4097 4076//4076
f 4097//4097 3703//3703 4095//4095
f 4076//4076 4095//4095 3694//3694
f 4097//4097 4095//4095 4076//4076
f 3603//3603 4070//4070 4083//4083
f 4070//4070 3698//3698 4086//4086
f 4083//4083 4086//4086 3701//3701
f 4070//4070 4086//4086 4083//4083
f 3698//3698 4069//4069 4072//4072
f 4069//4069 3574//3574 3847//3847
f 4072//4072 3847//3847 3644//3644
f 4069//4069 3847//3847 4072//4072
f 3701//3701 4084//4084 4082//4082
f 4084//4084 3644//3644 3848//3848
f 4082//4082 3848//3848 3590//3590
f 4084//4084 3848//3848 4082//4082
f 3698//3698 4072//4072 4086//4086
f 4072//4072 3644//3644 4084//4084
f 4086//4086 4084//4084 3701//3701
f 4072//4072 4084//4084 4086//4086
f 3602//3602 4060//4060 4048//4048
f 4060//4060 3696//3696 4062//4062
f 4048//4048 4062//4062 3693//3693
f 4060//4060 4062//4062 4048//4048
f 3696//3696 4059//4059 4061//4061
f 4059//4059 3590//3590 3846//3846
f 4061//4061 3846//3846 3643//3643
f 4059//4059 3846//3846 4061//4061
f 3693//3693 4050//4050 4047//4047
f 4050//4050 3643//3643 3845//3845
f 4047//4047 3845//3845 3573//3573
f 4050//4050 3845//3845 4047//4047
f 3696//3696 4061//4061 4062//4062
f 4061//4061 3643//3643 4050//4050
f 4062//4062 4050//4050 3693//3693
f 4061//4061 4050//4050 4062//4062
f 3603//3603 4083//4083 4094//4094
f 4083//4083 3701//3701 4098//4098
f 4094//4094 4098//4098 3703//3703
f 4083//4083 4098//4098 4094//4094
f 3701//3701 4082//4082 4085//4085
f 4082//4082 3590//3590 4059//4059
f 4085//4085 4059//4059 3696//3696
f 4082//4082 4059//4059 4085//4085
f 3703//3703 4096//4096 4093//4093
f 4096//4096 3696//3696 4060//4060
f 4093//4093 4060//4060 3602//3602
f 4096//4096 4060//4060 4093//4093
f 3701//3701 4085//4085 4098//4098
f 4085//4085 3696//3696 4096//4096
f 4098//4098 4096//4096 3703//3703
f 4085//4085 4096//4096 4098//4098
f 3574//3574 3831//3831 3889//3889
f 3831//3831 3640//3640 3891//3891
f 3889//3889 3891//3891 3656//3656
f 3831//3831 3891//3891 3889//3889
f 3640//3640 3832//3832 3899//3899
f 3832//3832 3589//3589 3897//3897
f 3899//3899 3897//3897 3658//3658
f 3832//3832 3897//3897 3899//3899
f 3656//3656 3901//3901 3890//3890
f 3901//3901 3658//3658 3898//3898
f 3890//3890 3898//3898 3594//3594
f 3901//3901 3898//3898 3890//3890
f 3640//3640 3899//3899 3891//3891
f 3899//3899 3658//3658 3901//3901
f 3891//3891 3901//3901 3656//3656
f 3899//3899 3901//3901 3891//3891
f 3589//3589 3829//3829 3854//3854
f 3829//3829 3639//3639 3856//3856
f 3854//3854 3856//3856 3647//3647
f 3829//3829 3856//3856 3854//3854
f 3639//3639 3828//3828 3851//3851
f 3828//3828 3568//3568 3849//3849
f 3851//3851 3849//3849 3645//3645
f 3828//3828 3849//3849 3851//3851
f 3647//3647 3857//3857 3855//3855
f 3857//3857 3645//3645 3850//3850
f 3855//3855 3850//3850 3591//3591
f 3857//3857 3850//3850 3855//3855
f 3639//3639 3851//3851 3856//3856
f 3851//3851 3645//3645 3857//3857
f 3856//3856 3857//3857 3647//3647
f 3851//3851 3857//3857 3856//3856
f 3594//3594 3908//3908 3894//3894
f 3908//3908 3660//3660 3911//3911
f 3894//3894 3911//3911 3657//3657
f 3908//3908 3911//3911 3894//3894
f 3660//3660 3907//3907 3909//3909
f 3907//3907 3591//3591 3853//3853
f 3909//3909 3853//3853 3646//3646
f 3907//3907 3853//3853 3909//3909
f 3657//3657 3895//3895 3893//3893
f 3895//3895 3646//3646 3852//3852
f 3893//3893 3852//3852 3575//3575
f 3895//3895 3852//3852 3893//3893
f 3660//3660 3909//3909 3911//3911
f 3909//3909 3646//3646 3895//3895
f 3911//3911 3895//3895 3657//3657
f 3909//3909 3895//3895 3911//3911
f 3589//3589 3854//3854 3897//3897
f 3854//3854 3647//3647 3900//3900
f 3897//3897 3900//3900 3658//3658
f 3854//3854 3900//3900 3897//3897
f 3647//3647 3855//3855 3910//3910
f 3855//3855 3591//3591 3907//3907
f 3910//3910 3907//3907 3660//3660
f 3855//3855 3907//3907 3910//3910
f 3658//3658 3912//3912 3898//3898
f 3912//3912 3660//3660 3908//3908
f 3898//3898 3908//3908 3594//3594
f 3912//3912 3908//3908 3898//3898
f 3647//3647 3910//3910 3900//3900
f 3910//3910 3660//3660 3912//3912
f 3900//3900 3912//3912 3658//3658
f 3910//3910 3912//3912 3900//3900
f 3570//3570 3933//3933 3746//3746
f 3933//3933 3666//3666 3935//3935
f 3746//3746 3935//3935 3616//3616
f 3933//3933 3935//3935 3746//3746
f 3666//3666 3934//3934 3942//3942
f 3934//3934 3596//3596 3940//3940
f 3942//3942 3940//3940 3668//3668
f 3934//3934 3940//3940 3942//3942
f 3616//3616 3941//3941 3747//3747
f 3941//3941 3668//3668 3939//3939
f 3747//3747 3939//3939 3582//3582
f 3941//3941 3939//3939 3747//3747
f 3666//3666 3942//3942 3935//3935
f 3942//3942 3668//3668 3941//3941
f 3935//3935 3941//3941 3616//3616
f 3942//3942 3941//3941 3935//3935
f 3596//3596 3938//3938 3963//3963
f 3938//3938 3667//3667 3965//3965
f 3963//3963 3965//3965 3674//3674
f 3938//3938 3965//3965 3963//3963
f 3667//3667 3937//3937 3953//3953
f 3937//3937 3576//3576 3951//3951
f 3953//3953 3951//3951 3671//3671
f 3937//3937 3951//3951 3953//3953
f 3674//3674 3967//3967 3964//3964
f 3967//3967 3671//3671 3952//3952
f 3964//3964 3952//3952 3597//3597
f 3967//3967 3952//3952 3964//3964
f 3667//3667 3953//3953 3965//3965
f 3953//3953 3671//3671 3967//3967
f 3965//3965 3967//3967 3674//3674
f 3953//3953 3967//3967 3965//3965
f 3582//3582 3954//3954 3750//3750
f 3954//3954 3672//3672 3956//3956
f 3750//3750 3956//3956 3617//3617
f 3954//3954 3956//3956 3750//3750
f 3672//3672 3955//3955 3958//3958
f 3955//3955 3597//3597 3948//3948
f 3958//3958 3948//3948 3670//3670
f 3955//3955 3948//3948 3958//3958
f 3617//3617 3949//3949 3749//3749
f 3949//3949 3670//3670 3947//3947
f 3749//3749 3947//3947 3571//3571
f 3949//3949 3947//3947 3749//3749
f 3672//3672 3958//3958 3956//3956
f 3958//3958 3670//3670 3949//3949
f 3956//3956 3949//3949 3617//3617
f 3958//3958 3949//3949 3956//3956
f 3596//3596 3963//3963 3940//3940
f 3963//3963 3674//3674 3966//3966
f 3940//3940 3966//3966 3668//3668
f 3963//3963 3966//3966 3940//3940
f 3674//3674 3964//3964 3968//3968
f 3964//3964 3597//3597 3955//3955
f 3968//3968 3955//3955 3672//3672
f 3964//3964 3955//3955 3968//3968
f 3668//3668 3957//3957 3939//3939
f 3957//3957 3672//3672 3954//3954
f 3939//3939 3954//3954 3582//3582
f 3957//3957 3954//3954 3939//3939
f 3674//3674 3968//3968 3966//3966
f 3968//3968 3672//3672 3957//3957
f 3966//3966 3957//3957 3668//3668
f 3968//3968 3957//3957 3966//3966
f 3570//3570 3746//3746 3735//3735
f 3746//3746 3616//3616 3748//3748
f 3735//3735 3748//3748 3612//3612
f 3746//3746 3748//3748 3735//3735
f 3616//3616 3747//3747 3756//3756
f 3747//3747 3582//3582 3753//3753
f 3756//3756 3753//3753 3618//3618
f 3747//3747 3753//3753 3756//3756
f 3612//3612 3754//3754 3736//3736
f 3754//3754 3618//3618 3752//3752
f 3736//3736 3752//3752 3580//3580
f 3754//3754 3752//3752 3736//3736
f 3616//3616 3756//3756 3748//3748
f 3756//3756 3618//3618 3754//3754
f 3748//3748 3754//3754 3612//3612
f 3756//3756 3754//3754 3748//3748
f 3582//3582 3750//3750 3758//3758
f 3750//3750 3617//3617 3761//3761
f 3758//3758 3761//3761 3619//3619
f 3750//3750 3761//3761 3758//3758
f 3617//3617 3749//3749 3751//3751
f 3749//3749 3571//3571 3740//3740
f 3751//3751 3740//3740 3614//3614
f 3749//3749 3740//3740 3751//3751
f 3619//3619 3759//3759 3757//3757
f 3759//3759 3614//3614 3741//3741
f 3757//3757 3741//3741 3581//3581
f 3759//3759 3741//3741 3757//3757
f 3617//3617 3751//3751 3761//3761
f 3751//3751 3614//3614 3759//3759
f 3761//3761 3759//3759 3619//3619
f 3751//3751 3759//3759 3761//3761
f 3580//3580 3742//3742 3734//3734
f 3742//3742 3615//3615 3744//3744
f 3734//3734 3744//3744 3611//3611
f 3742//3742 3744//3744 3734//3734
f 3615//3615 3743//3743 3745//3745
f 3743//3743 3581//3581 3738//3738
f 3745//3745 3738//3738 3613//3613
f 3743//3743 3738//3738 3745//3745
f 3611//3611 3739//3739 3733//3733
f 3739//3739 3613//3613 3737//3737
f 3733//3733 3737//3737 3569//3569
f 3739//3739 3737//3737 3733//3733
f 3615//3615 3745//3745 3744//3744
f 3745//3745 3613//3613 3739//3739
f 3744//3744 3739//3739 3611//3611
f 3745//3745 3739//3739 3744//3744
f 3582//3582 3758//3758 3753//3753
f 3758//3758 3619//3619 3762//3762
f 3753//3753 3762//3762 3618//3618
f 3758//3758 3762//3762 3753//3753
f 3619//3619 3757//3757 3760//3760
f 3757//3757 3581//3581 3743//3743
f 3760//3760 3743//3743 3615//3615
f 3757//3757 3743//3743 3760//3760
f 3618//3618 3755//3755 3752//3752
f 3755//3755 3615//3615 3742//3742
f 3752//3752 3742//3742 3580//3580
f 3755//3755 3742//3742 3752//3752
f 3619//3619 3760//3760 3762//3762
f 3760//3760 3615//3615 3755//3755
f 3762//3762 3755//3755 3618//3618
f 3760//3760 3755//3755 3762//3762
f 3570//3570 3735//3735 3802//3802
f 3735//3735 3612//3612 3804//3804
f 3802//3802 3804//3804 3632//3632
f 3735//3735 3804//3804 3802//3802
f 3612//3612 3736//3736 3810//3810
f 3736//3736 3580//3580 3808//3808
f 3810//3810 3808//3808 3634//3634
f 3736//3736 3808//3808 3810//3810
f 3632//3632 3812//3812 3803//3803
f 3812//3812 3634//3634 3809//3809
f 3803//3803 3809//3809 3587//3587
f 3812//3812 3809//3809 3803//3803
f 3612//3612 3810//3810 3804//3804
f 3810//3810 3634//3634 3812//3812
f 3804//3804 3812//3812 3632//3632
f 3810//3810 3812//3812 3804//3804
f 3580//3580 3734//3734 3798//3798
f 3734//3734 3611//3611 3800//3800
f 3798//3798 3800//3800 3631//3631
f 3734//3734 3800//3800 3798//3798
f 3611//3611 3733//3733 3795//3795
f 3733//3733 3569//3569 3793//3793
f 3795//3795 3793//3793 3629//3629
f 3733//3733 3793//3793 3795//3795
f 3631//3631 3801//3801 3799//3799
f 3801//3801 3629//3629 3794//3794
f 3799//3799 3794//3794 3586//3586
f 3801//3801 3794//3794 3799//3799
f 3611//3611 3795//3795 3800//3800
f 3795//3795 3629//3629 3801//3801
f 3800//3800 3801//3801 3631//3631
f 3795//3795 3801//3801 3800//3800
f 3587//3587 3814//3814 3806//3806
f 3814//3814 3635//3635 3817//3817
f 3806//3806 3817//3817 3633//3633
f 3814//3814 3817//3817 3806//3806
f 3635//3635 3813//3813 3815//3815
f 3813//3813 3586//3586 3797//3797
f 3815//3815 3797//3797 3630//3630
f 3813//3813 3797//3797 3815//3815
f 3633//3633 3807//3807 3805//3805
f 3807//3807 3630//3630 3796//3796
f 3805//3805 3796//3796 3573//3573
f 3807//3807 3796//3796 3805//3805
f 3635//3635 3815//3815 3817//3817
f 3815//3815 3630//3630 3807//3807
f 3817//3817 3807//3807 3633//3633
f 3815//3815 3807//3807 3817//3817
f 3580//3580 3798//3798 3808//3808
f 3798//3798 3631//3631 3811//3811
f 3808//3808 3811//3811 3634//3634
f 3798//3798 3811//3811 3808//3808
f 3631//3631 3799//3799 3816//3816
f 3799//3799 3586//3586 3813//3813
f 3816//3816 3813//3813 3635//3635
f 3799//3799 3813//3813 3816//3816
f 3634//3634 3818//3818 3809//3809
f 3818//3818 3635//3635 3814//3814
f 3809//3809 3814//3814 3587//3587
f 3818//3818 3814//3814 3809//3809
f 3631//3631 3816//3816 3811//3811
f 3816//3816 3635//3635 3818//3818
f 3811//3811 3818//3818 3634//3634
f 3816//3816 3818//3818 3811//3811
f 3570//3570 3802//3802 3858//3858
f 3802//3802 3632//3632 3860//3860
f 3858//3858 3860//3860 3648//3648
f 3802//3802 3860//3860 3858//3858
f 3632//3632 3803//3803 3865//3865
f 3803//3803 3587//3587 3863//3863
f 3865//3865 3863//3863 3650//3650
f 3803//3803 3863//3863 3865//3865
f 3648//3648 3866//3866 3859//3859
f 3866//3866 3650//3650 3864//3864
f 3859//3859 3864//3864 3592//3592
f 3866//3866 3864//3864 3859//3859
f 3632//3632 3865//3865 3860//3860
f 3865//3865 3650//3650 3866//3866
f 3860//3860 3866//3866 3648//3648
f 3865//3865 3866//3866 3860//3860
f 3587//3587 3806//3806 3874//3874
f 3806//3806 3633//3633 3876//3876
f 3874//3874 3876//3876 3653//3653
f 3806//3806 3876//3876 3874//3874
f 3633//3633 3805//3805 3869//3869
f 3805//3805 3573//3573 3867//3867
f 3869//3869 3867//3867 3651//3651
f 3805//3805 3867//3867 3869//3869
f 3653//3653 3878//3878 3875//3875
f 3878//3878 3651//3651 3868//3868
f 3875//3875 3868//3868 3593//3593
f 3878//3878 3868//3868 3875//3875
f 3633//3633 3869//3869 3876//3876
f 3869//3869 3651//3651 3878//3878
f 3876//3876 3878//3878 3653//3653
f 3869//3869 3878//3878 3876//3876
f 3592//3592 3883//3883 3862//3862
f 3883//3883 3655//3655 3885//3885
f 3862//3862 3885//3885 3649//3649
f 3883//3883 3885//3885 3862//3862
f 3655//3655 3884//3884 3887//3887
f 3884//3884 3593//3593 3872//3872
f 3887//3887 3872//3872 3652//3652
f 3884//3884 3872//3872 3887//3887
f 3649//3649 3873//3873 3861//3861
f 3873//3873 3652//3652 3871//3871
f 3861//3861 3871//3871 3575//3575
f 3873//3873 3871//3871 3861//3861
f 3655//3655 3887//3887 3885//3885
f 3887//3887 3652//3652 3873//3873
f 3885//3885 3873//3873 3649//3649
f 3887//3887 3873//3873 3885//3885
f 3587//3587 3874//3874 3863//3863
f 3874//3874 3653//3653 3877//3877
f 3863//3863 3877//3877 3650//3650
f 3874//3874 3877//3877 3863//3863
f 3653//3653 3875//3875 3888//3888
f 3875//3875 3593//3593 3884//3884
f 3888//3888 3884//3884 3655//3655
f 3875//3875 3884//3884 3888//3888
f 3650//3650 3886//3886 3864//3864
f 3886//3886 3655//3655 3883//3883
f 3864//3864 3883//3883 3592//3592
f 3886//3886 3883//3883 3864//3864
f 3653//3653 3888//3888 3877//3877
f 3888//3888 3655//3655 3886//3886
f 3877//3877 3886//3886 3650//3650
f 3888//3888 3886//3886 3877//3877
f 3570//3570 3858//3858 3933//3933
f 3858//3858 3648//3648 3936//3936
f 3933//3933 3936//3936 3666//3666
f 3858//3858 3936//3936 3933//3933
f 3648//3648 3859//3859 3945//3945
f 3859//3859 3592//3592 3943//3943
f 3945//3945 3943//3943 3669//3669
f 3859//3859 3943//3943 3945//3945
f 3666//3666 3946//3946 3934//3934
f 3946//3946 3669//3669 3944//3944
f 3934//3934 3944//3944 3596//3596
f 3946//3946 3944//3944 3934//3934
f 3648//3648 3945//3945 3936//3936
f 3945//3945 3669//3669 3946//3946
f 3936//3936 3946//3946 3666//3666
f 3945//3945 3946//3946 3936//3936
f 3592//3592 3862//3862 4012//4012
f 3862//3862 3649//3649 4014//4014
f 4012//4012 4014//4014 3684//3684
f 3862//3862 4014//4014 4012//4012
f 3649//3649 3861//3861 4002//4002
f 3861//3861 3575//3575 3999//3999
f 4002//4002 3999//3999 3681//3681
f 3861//3861 3999//3999 4002//4002
f 3684//3684 4016//4016 4013//4013
f 4016//4016 3681//3681 4000//4000
f 4013//4013 4000//4000 3599//3599
f 4016//4016 4000//4000 4013//4013
f 3649//3649 4002//4002 4014//4014
f 4002//4002 3681//3681 4016//4016
f 4014//4014 4016//4016 3684//3684
f 4002//4002 4016//4016 4014//4014
f 3596//3596 4023//4023 3938//3938
f 4023//4023 3686//3686 4025//4025
f 3938//3938 4025//4025 3667//3667
f 4023//4023 4025//4025 3938//3938
f 3686//3686 4024//4024 4027//4027
f 4024//4024 3599//3599 4004//4004
f 4027//4027 4004//4004 3682//3682
f 4024//4024 4004//4004 4027//4027
f 3667//3667 4006//4006 3937//3937
f 4006//4006 3682//3682 4003//4003
f 3937//3937 4003//4003 3576//3576
f 4006//4006 4003//4003 3937//3937
f 3686//3686 4027//4027 4025//4025
f 4027//4027 3682//3682 4006//4006
f 4025//4025 4006//4006 3667//3667
f 4027//4027 4006//4006 4025//4025
f 3592//3592 4012//4012 3943//3943
f 4012//4012 3684//3684 4015//4015
f 3943//3943 4015//4015 3669//3669
f 4012//4012 4015//4015 3943//3943
f 3684//3684 4013//4013 4028//4028
f 4013//4013 3599//3599 4024//4024
f 4028//4028 4024//4024 3686//3686
f 4013//4013 4024//4024 4028//4028
f 3669//3669 4026//4026 3944//3944
f 4026//4026 3686//3686 4023//4023
f 3944//3944 4023//4023 3596//3596
f 4026//4026 4023//4023 3944//3944
f 3684//3684 4028//4028 4015//4015
f 4028//4028 3686//3686 4026//4026
f 4015//4015 4026//4026 3669//3669
f 4028//4028 4026//4026 4015//4015
f 3571//3571 3947//3947 3789//3789
f 3947//3947 3670//3670 3950//3950
f 3789//3789 3950//3950 3627//3627
f 3947//3947 3950//3950 3789//3789
f 3670//3670 3948//3948 3962//3962
f 3948//3948 3597//3597 3960//3960
f 3962//3962 3960//3960 3673//3673
f 3948//3948 3960//3960 3962//3962
f 3627//3627 3961//3961 3790//3790
f 3961//3961 3673//3673 3959//3959
f 3790//3790 3959//3959 3585//3585
f 3961//3961 3959//3959 3790//3790
f 3670//3670 3962//3962 3950//3950
f 3962//3962 3673//3673 3961//3961
f 3950//3950 3961//3961 3627//3627
f 3962//3962 3961//3961 3950//3950
f 3597//3597 3952//3952 3993//3993
f 3952//3952 3671//3671 3995//3995
f 3993//3993 3995//3995 3680//3680
f 3952//3952 3995//3995 3993//3993
f 3671//3671 3951//3951 3976//3976
f 3951//3951 3576//3576 3973//3973
f 3976//3976 3973//3973 3676//3676
f 3951//3951 3973//3973 3976//3976
f 3680//3680 3997//3997 3994//3994
f 3997//3997 3676//3676 3974//3974
f 3994//3994 3974//3974 3598//3598
f 3997//3997 3974//3974 3994//3994
f 3671//3671 3976//3976 3995//3995
f 3976//3976 3676//3676 3997//3997
f 3995//3995 3997//3997 3680//3680
f 3976//3976 3997//3997 3995//3995
f 3585//3585 3982//3982 3792//3792
f 3982//3982 3678//3678 3984//3984
f 3792//3792 3984//3984 3628//3628
f 3982//3982 3984//3984 3792//3792
f 3678//3678 3983//3983 3986//3986
f 3983//3983 3598//3598 3970//3970
f 3986//3986 3970//3970 3675//3675
f 3983//3983 3970//3970 3986//3986
f 3628//3628 3972//3972 3791//3791
f 3972//3972 3675//3675 3969//3969
f 3791//3791 3969//3969 3572//3572
f 3972//3972 3969//3969 3791//3791
f 3678//3678 3986//3986 3984//3984
f 3986//3986 3675//3675 3972//3972
f 3984//3984 3972//3972 3628//3628
f 3986//3986 3972//3972 3984//3984
f 3597//3597 3993//3993 3960//3960
f 3993//3993 3680//3680 3996//3996
f 3960//3960 3996//3996 3673//3673
f 3993//3993 3996//3996 3960//3960
f 3680//3680 3994//3994 3998//3998
f 3994//3994 3598//3598 3983//3983
f 3998//3998 3983//3983 3678//3678
f 3994//3994 3983//3983 3998//3998
f 3673//3673 3985//3985 3959//3959
f 3985//3985 3678//3678 3982//3982
f 3959//3959 3982//3982 3585//3585
f 3985//3985 3982//3982 3959//3959
f 3680//3680 3998//3998 3996//3996
f 3998//3998 3678//3678 3985//3985
f 3996//3996 3985//3985 3673//3673
f 3998//3998 3985//3985 3996//3996
f 3569//3569 3737//3737 4113//4113
f 3737//3737 3613//3613 4115//4115
f 4113//4113 4115//4115 3708//3708
f 3737//3737 4115//4115 4113//4113
f 3613//3613 3738//3738 4121//4121
f 3738//3738 3581//3581 4119//4119
f 4121//4121 4119//4119 3710//3710
f 3738//3738 4119//4119 4121//4121
f 3708//3708 4122//4122 4114//4114
f 4122//4122 3710//3710 4120//4120
f 4114//4114 4120//4120 3605//3605
f 4122//4122 4120//4120 4114//4114
f 3613//3613 4121//4121 4115//4115
f 4121//4121 3710//3710 4122//4122
f 4115//4115 4122//4122 3708//3708
f 4121//4121 4122//4122 4115//4115
f 3581//3581 3741//3741 4134//4134
f 3741//3741 3614//3614 4136//4136
f 4134//4134 4136//4136 3714//3714
f 3741//3741 4136//4136 4134//4134
f 3614//3614 3740//3740 4129//4129
f 3740//3740 3571//3571 4127//4127
f 4129//4129 4127//4127 3712//3712
f 3740//3740 4127//4127 4129//4129
f 3714//3714 4138//4138 4135//4135
f 4138//4138 3712//3712 4128//4128
f 4135//4135 4128//4128 3606//3606
f 4138//4138 4128//4128 4135//4135
f 3614//3614 4129//4129 4136//4136
f 4129//4129 3712//3712 4138//4138
f 4136//4136 4138//4138 3714//3714
f 4129//4129 4138//4138 4136//4136
f 3605//3605 4143//4143 4118//4118
f 4143//4143 3716//3716 4145//4145
f 4118//4118 4145//4145 3709//3709
f 4143//4143 4145//4145 4118//4118
f 3716//3716 4144//4144 4147//4147
f 4144//4144 3606//3606 4132//4132
f 4147//4147 4132//4132 3713//3713
f 4144//4144 4132//4132 4147//4147
f 3709//3709 4133//4133 4117//4117
f 4133//4133 3713//3713 4131//4131
f 4117//4117 4131//4131 3578//3578
f 4133//4133 4131//4131 4117//4117
f 3716//3716 4147//4147 4145//4145
f 4147//4147 3713//3713 4133//4133
f 4145//4145 4133//4133 3709//3709
f 4147//4147 4133//4133 4145//4145
f 3581//3581 4134//4134 4119//4119
f 4134//4134 3714//3714 4137//4137
f 4119//4119 4137//4137 3710//3710
f 4134//4134 4137//4137 4119//4119
f 3714//3714 4135//4135 4148//4148
f 4135//4135 3606//3606 4144//4144
f 4148//4148 4144//4144 3716//3716
f 4135//4135 4144//4144 4148//4148
f 3710//3710 4146//4146 4120//4120
f 4146//4146 3716//3716 4143//4143
f 4120//4120 4143//4143 3605//3605
f 4146//4146 4143//4143 4120//4120
f 3714//3714 4148//4148 4137//4137
f 4148//4148 3716//3716 4146//4146
f 4137//4137 4146//4146 3710//3710
f 4148//4148 4146//4146 4137//4137
f 3573//3573 3796//3796 4047//4047
f 3796//3796 3630//3630 4049//4049
f 4047//4047 4049//4049 3693//3693
f 3796//3796 4049//4049 4047//4047
f 3630//3630 3797//3797 4056//4056
f 3797//3797 3586//3586 4054//4054
f 4056//4056 4054//4054 3695//3695
f 3797//3797 4054//4054 4056//4056
f 3693//3693 4058//4058 4048//4048
f 4058//4058 3695//3695 4055//4055
f 4048//4048 4055//4055 3602//3602
f 4058//4058 4055//4055 4048//4048
f 3630//3630 4056//4056 4049//4049
f 4056//4056 3695//3695 4058//4058
f 4049//4049 4058//4058 3693//3693
f 4056//4056 4058//4058 4049//4049
f 3586//3586 3794//3794 4043//4043
f 3794//3794 3629//3629 4045//4045
f 4043//4043 4045//4045 3692//3692
f 3794//3794 4045//4045 4043//4043
f 3629//3629 3793//3793 4040//4040
f 3793//3793 3569//3569 4038//4038
f 4040//4040 4038//4038 3690//3690
f 3793//3793 4038//4038 4040//4040
f 3692//3692 4046//4046 4044//4044
f 4046//4046 3690//3690 4039//4039
f 4044//4044 4039//4039 3601//3601
f 4046//4046 4039//4039 4044//4044
f 3629//3629 4040//4040 4045//4045
f 4040//4040 3690//3690 4046//4046
f 4045//4045 4046//4046 3692//3692
f 4040//4040 4046//4046 4045//4045
f 3602//3602 4064//4064 4052//4052
f 4064//4064 3697//3697 4067//4067
f 4052//4052 4067//4067 3694//3694
f 4064//4064 4067//4067 4052//4052
f 3697//3697 4063//4063 4065//4065
f 4063//4063 3601//3601 4042//4042
f 4065//4065 4042//4042 3691//3691
f 4063//4063 4042//4042 4065//4065
f 3694//3694 4053//4053 4051//4051
f 4053//4053 3691//3691 4041//4041
f 4051//4051 4041//4041 3577//3577
f 4053//4053 4041//4041 4051//4051
f 3697//3697 4065//4065 4067//4067
f 4065//4065 3691//3691 4053//4053
f 4067//4067 4053//4053 3694//3694
f 4065//4065 4053//4053 4067//4067
f 3586//3586 4043//4043 4054//4054
f 4043//4043 3692//3692 4057//4057
f 4054//4054 4057//4057 3695//3695
f 4043//4043 4057//4057 4054//4054
f 3692//3692 4044//4044 4066//4066
f 4044//4044 3601//3601 4063//4063
f 4066//4066 4063//4063 3697//3697
f 4044//4044 4063//4063 4066//4066
f 3695//3695 4068//4068 4055//4055
f 4068//4068 3697//3697 4064//4064
f 4055//4055 4064//4064 3602//3602
f 4068//4068 4064//4064 4055//4055
f 3692//3692 4066//4066 4057//4057
f 4066//4066 3697//3697 4068//4068
f 4057//4057 4068//4068 3695//3695
f 4066//4066 4068//4068 4057//4057
f 3575//3575 3871//3871 3893//3893
f 3871//3871 3652//3652 3896//3896
f 3893//3893 3896//3896 3657//3657
f 3871//3871 3896//3896 3893//3893
f 3652//3652 3872//3872 3915//3915
f 3872//3872 3593//3593 3913//3913
f 3915//3915 3913//3913 3661//3661
f 3872//3872 3913//3913 3915//3915
f 3657//3657 3917//3917 3894//3894
f 3917//3917 3661//3661 3914//3914
f 3894//3894 3914//3914 3594//3594
f 3917//3917 3914//3914 3894//3894
f 3652//3652 3915//3915 3896//3896
f 3915//3915 3661//3661 3917//3917
f 3896//3896 3917//3917 3657//3657
f 3915//3915 3917//3917 3896//3896
f 3593//3593 3868//3868 3880//3880
f 3868//3868 3651//3651 3882//3882
f 3880//3880 3882//3882 3654//3654
f 3868//3868 3882//3882 3880//3880
f 3651//3651 3867//3867 3870//3870
f 3867//3867 3573//3573 3845//3845
f 3870//3870 3845//3845 3643//3643
f 3867//3867 3845//3845 3870//3870
f 3654//3654 3881//3881 3879//3879
f 3881//3881 3643//3643 3846//3846
f 3879//3879 3846//3846 3590//3590
f 3881//3881 3846//3846 3879//3879
f 3651//3651 3870//3870 3882//3882
f 3870//3870 3643//3643 3881//3881
f 3882//3882 3881//3881 3654//3654
f 3870//3870 3881//3881 3882//3882
f 3594//3594 3903//3903 3890//3890
f 3903//3903 3659//3659 3906//3906
f 3890//3890 3906//3906 3656//3656
f 3903//3903 3906//3906 3890//3890
f 3659//3659 3902//3902 3904//3904
f 3902//3902 3590//3590 3848//3848
f 3904//3904 3848//3848 3644//3644
f 3902//3902 3848//3848 3904//3904
f 3656//3656 3892//3892 3889//3889
f 3892//3892 3644//3644 3847//3847
f 3889//3889 3847//3847 3574//3574
f 3892//3892 3847//3847 3889//3889
f 3659//3659 3904//3904 3906//3906
f 3904//3904 3644//3644 3892//3892
f 3906//3906 3892//3892 3656//3656
f 3904//3904 3892//3892 3906//3906
f 3593//3593 3880//3880 3913//3913
f 3880//3880 3654//3654 3916//3916
f 3913//3913 3916//3916 3661//3661
f 3880//3880 3916//3916 3913//3913
f 3654//3654 3879//3879 3905//3905
f 3879//3879 3590//3590 3902//3902
f 3905//3905 3902//3902 3659//3659
f 3879//3879 3902//3902 3905//3905
f 3661//3661 3918//3918 3914//3914
f 3918//3918 3659//3659 3903//3903
f 3914//3914 3903//3903 3594//3594
f 3918//3918 3903//3903 3914//3914
f 3654//3654 3905//3905 3916//3916
f 3905//3905 3659//3659 3918//3918
f 3916//3916 3918//3918 3661//3661
f 3905//3905 3918//3918 3916//3916
f 3576//3576 4003//4003 3923//3923
f 4003//4003 3682//3682 4005//4005
f 3923//3923 4005//4005 3663//3663
f 4003//4003 4005//4005 3923//3923
f 3682//3682 4004//4004 4021//4021
f 4004//4004 3599//3599 4018//4018
f 4021//4021 4018//4018 3685//3685
f 4004//4004 4018//4018 4021//4021
f 3663//3663 4019//4019 3924//3924
f 4019//4019 3685//3685 4017//4017
f 3924//3924 4017//4017 3595//3595
f 4019//4019 4017//4017 3924//3924
f 3682//3682 4021//4021 4005//4005
f 4021//4021 3685//3685 4019//4019
f 4005//4005 4019//4019 3663//3663
f 4021//4021 4019//4019 4005//4005
f 3599//3599 4000//4000 4008//4008
f 4000//4000 3681//3681 4011//4011
f 4008//4008 4011//4011 3683//3683
f 4000//4000 4011//4011 4008//4008
f 3681//3681 3999//3999 4001//4001
f 3999//3999 3575//3575 3852//3852
f 4001//4001 3852//3852 3646//3646
f 3999//3999 3852//3852 4001//4001
f 3683//3683 4009//4009 4007//4007
f 4009//4009 3646//3646 3853//3853
f 4007//4007 3853//3853 3591//3591
f 4009//4009 3853//3853 4007//4007
f 3681//3681 4001//4001 4011//4011
f 4001//4001 3646//3646 4009//4009
f 4011//4011 4009//4009 3683//3683
f 4001//4001 4009//4009 4011//4011
f 3595//3595 3930//3930 3920//3920
f 3930//3930 3665//3665 3932//3932
f 3920//3920 3932//3932 3662//3662
f 3930//3930 3932//3932 3920//3920
f 3665//3665 3929//3929 3931//3931
f 3929//3929 3591//3591 3850//3850
f 3931//3931 3850//3850 3645//3645
f 3929//3929 3850//3850 3931//3931
f 3662//3662 3922//3922 3919//3919
f 3922//3922 3645//3645 3849//3849
f 3919//3919 3849//3849 3568//3568
f 3922//3922 3849//3849 3919//3919
f 3665//3665 3931//3931 3932//3932
f 3931//3931 3645//3645 3922//3922
f 3932//3932 3922//3922 3662//3662
f 3931//3931 3922//3922 3932//3932
f 3599//3599 4008//4008 4018//4018
f 4008//4008 3683//3683 4022//4022
f 4018//4018 4022//4022 3685//3685
f 4008//4008 4022//4022 4018//4018
f 3683//3683 4007//4007 4010//4010
f 4007//4007 3591//3591 3929//3929
f 4010//4010 3929//3929 3665//3665
f 4007//4007 3929//3929 4010//4010
f 3685//3685 4020//4020 4017//4017
f 4020//4020 3665//3665 3930//3930
f 4017//4017 3930//3930 3595//3595
f 4020//4020 3930//3930 4017//4017
f 3683//3683 4010//4010 4022//4022
f 4010//4010 3665//3665 4020//4020
f 4022//4022 4020//4020 3685//3685
f 4010//4010 4020//4020 4022//4022
o Tail
g Tail
usemtl PenguinBody
v -9.0000 0.0000 11.0000
v -10.5391 0.0000 15.2286
v -18.3969 0.0000 7.5798
v -10.4866 1.1647 15.0845
v -10.3329 2.2500 14.6621
v -10.0883 3.1820 13.9901
v -9.7695 3.8971 13.1143
v -9.3983 4.3467 12.0944
v -9.0000 4.5000 11.0000
v -8.6017 4.3467 9.9056
v -8.2305 3.8971 8.8857
v -7.9117 3.1820 8.0099
v -7.6671 2.2500 7.3379
v -7.5134 1.1647 6.9155
v -7.4609 0.0000 6.7714
v -7.5134 -1.1647 6.9155
v -7.6671 -2.2500 7.3379
v -7.9117 -3.1820 8.0099
v -8.2305 -3.8971 8.8857
v -8.6017 -4.3467 9.9056
v -9.0000 -4.5000 11.0000
v -9.3983 -4.3467 12.0944
v -9.7695 -3.8971 13.1143
v -10.0883 -3.1820 13.9901
v -10.3329 -2.2500 14.6621
v -10.4866 -1.1647 15.0845
vn 0.9397 0.0000 0.3420
vn 0.1889 -0.0000 0.9820
vn -0.9397 -0.0000 -0.3420
vn 0.1989 0.2221 0.9545
vn 0.2282 0.4291 0.8740
vn 0.2748 0.6068 0.7458
vn 0.3356 0.7432 0.5788
vn 0.4064 0.8289 0.3843
vn 0.4824 0.8582 0.1756
vn 0.5584 0.8289 -0.0331
vn 0.6291 0.7432 -0.2276
vn 0.6899 0.6068 -0.3947
vn 0.7366 0.4291 -0.5228
vn 0.7659 0.2221 -0.6034
vn 0.7759 0.0000 -0.6309
vn 0.7659 -0.2221 -0.6034
vn 0.7366 -0.4291 -0.5228
vn 0.6899 -0.6068 -0.3947
vn 0.6291 -0.7432 -0.2276
vn 0.5584 -0.8289 -0.0331
vn 0.4824 -0.8582 0.1756
vn 0.4064 -0.8289 0.3843
vn 0.3356 -0.7432 0.5788
vn 0.2748 -0.6068 0.7458
vn 0.2282 -0.4291 0.8740
vn 0.1989 -0.2221 0.9545
f 4210//4210 4209//4209 4212//4212
f 4210//4210 4212//4212 4211//4211
f 4212//4212 4209//4209 4213//4213
f 4212//4212 4213//4213 4211//4211
f 4213//4213 4209//4209 4214//4214
f 4213//4213 4214//4214 4211//4211
f 4214//4214 4209//4209 4215//4215
f 4214//4214 4215//4215 4211//4211
f 4215//4215 4209//4209 4216//4216
f 4215//4215 4216//4216 4211//4211
f 4216//4216 4209//4209 4217//4217
f 4216//4216 4217//4217 4211//4211
f 4217//4217 4209//4209 4218//4218
f 4217//4217 4218//4218 4211//4211
f 4218//4218 4209//4209 4219//4219
f 4218//4218 4219//4219 4211//4211
f 4219//4219 4209//4209 4220//4220
f 4219//4219 4220//4220 4211//4211
f 4220//4220 4209//4209 4221//4221
f 4220//4220 4221//4221 4211//4211
f 4221//4221 4209//4209 4222//4222
f 4221//4221 4222//4222 4211//4211
f 4222//4222 4209//4209 4223//4223
f 4222//4222 4223//4223 4211//4211
f 4223//4223 4209//4209 4224//4224
f 4223//4223 4224//4224 4211//4211
f 4224//4224 4209//4209 4225//4225
f 4224//4224 4225//4225 4211//4211
f 4225//4225 4209//4209 4226//4226
f 4225//4225 4226//4226 4211//4211
f 4226//4226 4209//4209 4227//4227
f 4226//4226 4227//4227 4211//4211
f 4227//4227 4209//4209 4228//4228
f 4227//4227 4228//4228 4211//4211
f 4228//4228 4209//4209 4229//4229
f 4228//4228 4229//4229 4211//4211
f 4229//4229 4209//4209 4230//4230
f 4229//4229 4230//4230 4211//4211
f 4230//4230 4209//4209 4231//4231
f 4230//4230 4231//4231 4211//4211
f 4231//4231 4209//4209 4232//4232
f 4231//4231 4232//4232 4211//4211
f 4232//4232 4209//4209 4233//4233
f 4232//4232 4233//4233 4211//4211
f 4233//4233 4209//4209 4234//4234
f 4233//4233 4234//4234 4211//4211
f 4234//4234 4209//4209 4210//4210
f 4234//4234 4210//4210 4211//4211
o Foot_R
g Foot_R
usemtl PenguinBeak
v 3.4204 -2.5779 2.0000
v 12.5611 -5.0271 2.0000
v 1.4389 -9.9729 2.0000
v 10.5796 -12.4221 2.0000
v 6.3877 -9.7852 3.7013
v 7.6123 -5.2148 3.7013
v 6.3877 -9.7852 0.2987
v 7.6123 -5.2148 0.2987
v 14.3950 -9.4815 0.9485
v 14.3950 -9.4815 3.0515
v -0.3950 -5.5185 0.9485
v -0.3950 -5.5185 3.0515
v 8.1647 -3.1533 2.0000
v 5.8353 -11.8467 2.0000
v 3.3714 -10.2967 3.0000
v 8.7441 -11.7363 3.0000
v 5.2559 -3.2637 3.0000
v 10.6286 -4.7033 3.0000
v 7.0000 -7.5000 4.0000
v 3.3714 -10.2967 1.0000
v 8.7441 -11.7363 1.0000
v 5.2559 -3.2637 1.0000
v 10.6286 -4.7033 1.0000
v 7.0000 -7.5000 0.0000
v 14.6154 -7.2112 1.3820
v 13.4507 -11.5578 1.3820
v 10.9868 -10.0079 0.3820
v 11.7066 -7.3215 0.3820
v 14.6154 -7.2112 2.6180
v 13.4507 -11.5578 2.6180
v 10.9868 -10.0079 3.6180
v 11.7066 -7.3215 3.6180
v 15.6933 -9.8294 2.0000
v 0.5493 -3.4422 1.3820
v -0.6154 -7.7888 1.3820
v 2.2934 -7.6785 0.3820
v 3.0132 -4.9921 0.3820
v 0.5493 -3.4422 2.6180
v -0.6154 -7.7888 2.6180
v 2.2934 -7.6785 3.6180
v 3.0132 -4.9921 3.6180
v -1.6933 -5.1706 2.0000
v 5.7448 -2.6822 2.0000
v 10.4960 -3.9553 2.0000
v 3.5040 -11.0447 2.0000
v 8.2552 -12.3178 2.0000
v 2.2233 -10.2390 2.5198
v 4.7956 -10.1415 3.4041
v 4.4800 -11.2555 2.5257
v 9.7672 -12.2604 2.5198
v 7.5883 -10.8898 3.4041
v 7.3046 -12.0124 2.5257
v 6.0093 -11.1975 3.0515
v 4.2328 -2.7396 2.5198
v 6.4117 -4.1102 3.4041
v 6.6954 -2.9876 2.5257
v 11.7767 -4.7610 2.5198
v 9.2044 -4.8585 3.4041
v 9.5200 -3.7445 2.5257
v 7.9907 -3.8025 3.0515
v 6.6817 -8.6878 3.9239
v 7.3183 -6.3122 3.9239
v 2.2233 -10.2390 1.4802
v 4.7956 -10.1415 0.5959
v 4.4800 -11.2555 1.4743
v 9.7672 -12.2604 1.4802
v 7.5883 -10.8898 0.5959
v 7.3046 -12.0124 1.4743
v 6.0093 -11.1975 0.9485
v 4.2328 -2.7396 1.4802
v 6.4117 -4.1102 0.5959
v 6.6954 -2.9876 1.4743
v 11.7767 -4.7610 1.4802
v 9.2044 -4.8585 0.5959
v 9.5200 -3.7445 1.4743
v 7.9907 -3.8025 0.9485
v 6.6817 -8.6878 0.0761
v 7.3183 -6.3122 0.0761
v 13.8489 -6.0645 1.6788
v 14.8022 -8.3798 1.1322
v 12.9113 -5.8778 1.1493
v 12.2136 -12.1676 1.6788
v 14.1968 -10.6391 1.1322
v 11.3083 -11.8605 1.1493
v 8.7540 -9.9914 0.2747
v 12.9160 -9.8335 0.6124
v 10.0129 -11.0456 0.6236
v 9.0960 -8.8185 0.0979
v 12.4873 -10.9518 0.8244
v 9.7647 -6.2194 0.2747
v 13.2902 -8.4372 0.6124
v 11.3821 -5.9358 0.6236
v 9.4744 -7.4062 0.0979
v 13.4780 -7.2543 0.8244
v 11.5704 -8.7246 0.2987
v 13.8489 -6.0645 2.3212
v 14.8022 -8.3798 2.8678
v 12.9113 -5.8778 2.8507
v 15.0073 -7.1963 2.0000
v 12.2136 -12.1676 2.3212
v 14.1968 -10.6391 2.8678
v 11.3083 -11.8605 2.8507
v 13.7827 -11.7667 2.0000
v 8.7540 -9.9914 3.7253
v 12.9160 -9.8335 3.3876
v 10.0129 -11.0456 3.3764
v 9.0960 -8.8185 3.9021
v 12.4873 -10.9518 3.1756
v 9.7647 -6.2194 3.7253
v 13.2902 -8.4372 3.3876
v 11.3821 -5.9358 3.3764
v 9.4744 -7.4062 3.9021
v 13.4780 -7.2543 3.1756
v 11.5704 -8.7246 3.7013
v 15.3624 -9.7407 1.4535
v 15.3624 -9.7407 2.5465
v 15.5740 -8.5728 1.6751
v 14.9617 -10.8580 1.6751
v 15.5740 -8.5728 2.3249
v 14.9617 -10.8580 2.3249
v 1.7864 -2.8324 1.6788
v -0.1968 -4.3609 1.1322
v 2.6917 -3.1395 1.1493
v 0.1511 -8.9355 1.6788
v -0.8022 -6.6202 1.1322
v 1.0887 -9.1222 1.1493
v 4.2353 -8.7806 0.2747
v 0.7098 -6.5628 0.6124
v 2.6179 -9.0642 0.6236
v 4.5256 -7.5938 0.0979
v 0.5220 -7.7457 0.8244
v 5.2460 -5.0086 0.2747
v 1.0840 -5.1665 0.6124
v 3.9871 -3.9544 0.6236
v 4.9040 -6.1815 0.0979
v 1.5127 -4.0482 0.8244
v 2.4296 -6.2754 0.2987
v 1.7864 -2.8324 2.3212
v -0.1968 -4.3609 2.8678
v 2.6917 -3.1395 2.8507
v 0.2173 -3.2333 2.0000
v 0.1511 -8.9355 2.3212
v -0.8022 -6.6202 2.8678
v 1.0887 -9.1222 2.8507
v -1.0073 -7.8037 2.0000
v 4.2353 -8.7806 3.7253
v 0.7098 -6.5628 3.3876
v 2.6179 -9.0642 3.3764
v 4.5256 -7.5938 3.9021
v 0.5220 -7.7457 3.1756
v 5.2460 -5.0086 3.7253
v 1.0840 -5.1665 3.3876
v 3.9871 -3.9544 3.3764
v 4.9040 -6.1815 3.9021
v 1.5127 -4.0482 3.1756
v 2.4296 -6.2754 3.7013
v -1.3624 -5.2593 1.4535
v -1.3624 -5.2593 2.5465
v -0.9617 -4.1420 1.6751
v -1.5740 -6.4272 1.6751
v -0.9617 -4.1420 2.3249
v -1.5740 -6.4272 2.3249
vn -0.0549 0.9985 0.0000
vn 0.5468 0.8373 -0.0000
vn -0.5468 -0.8373 0.0000
vn 0.0549 -0.9985 0.0000
vn -0.0709 -0.2646 0.9617
vn 0.0709 0.2646 0.9617
vn -0.0709 -0.2646 -0.9617
vn 0.0709 0.2646 -0.9617
vn 0.3506 -0.0939 -0.9318
vn 0.3506 -0.0939 0.9318
vn -0.3506 0.0939 -0.9318
vn -0.3506 0.0939 0.9318
vn 0.2588 0.9659 -0.0000
vn -0.2588 -0.9659 0.0000
vn -0.2664 -0.5514 0.7905
vn -0.0450 -0.6108 0.7905
vn 0.0450 0.6108 0.7905
vn 0.2664 0.5514 0.7905
vn -0.0000 -0.0000 1.0000
vn -0.2664 -0.5514 -0.7905
vn -0.0450 -0.6108 -0.7905
vn 0.0450 0.6108 -0.7905
vn 0.2664 0.5514 -0.7905
vn 0.0000 0.0000 -1.0000
vn 0.5943 0.4197 -0.6860
vn 0.3049 -0.6606 -0.6860
vn 0.0900 -0.2030 -0.9750
vn 0.1794 0.1308 -0.9750
vn 0.5943 0.4197 0.6860
vn 0.3049 -0.6606 0.6860
vn 0.0900 -0.2030 0.9750
vn 0.1794 0.1308 0.9750
vn 0.9659 -0.2588 0.0000
vn -0.3049 0.6606 -0.6860
vn -0.5943 -0.4197 -0.6860
vn -0.1794 -0.1308 -0.9750
vn -0.0900 0.2030 -0.9750
vn -0.3049 0.6606 0.6860
vn -0.5943 -0.4197 0.6860
vn -0.1794 -0.1308 0.9750
vn -0.0900 0.2030 0.9750
vn -0.9659 0.2588 0.0000
vn 0.1085 0.9941 0.0000
vn 0.4031 0.9152 -0.0000
vn -0.4031 -0.9152 0.0000
vn -0.1085 -0.9941 -0.0000
vn -0.4169 -0.7492 0.5148
vn -0.1538 -0.3873 0.9090
vn -0.2897 -0.8144 0.5029
vn -0.0135 -0.8572 0.5148
vn -0.0605 -0.4123 0.9090
vn -0.1563 -0.8501 0.5029
vn -0.1591 -0.5937 0.7888
vn 0.0135 0.8572 0.5148
vn 0.0605 0.4123 0.9090
vn 0.1563 0.8501 0.5029
vn 0.4169 0.7492 0.5148
vn 0.1538 0.3873 0.9090
vn 0.2897 0.8144 0.5029
vn 0.1591 0.5937 0.7888
vn -0.0331 -0.1235 0.9918
vn 0.0331 0.1235 0.9918
vn -0.4169 -0.7492 -0.5148
vn -0.1538 -0.3873 -0.9090
vn -0.2897 -0.8144 -0.5029
vn -0.0135 -0.8572 -0.5148
vn -0.0605 -0.4123 -0.9090
vn -0.1563 -0.8501 -0.5029
vn -0.1591 -0.5937 -0.7888
vn 0.0135 0.8572 -0.5148
vn 0.0605 0.4123 -0.9090
vn 0.1563 0.8501 -0.5029
vn 0.4169 0.7492 -0.5148
vn 0.1538 0.3873 -0.9090
vn 0.2897 0.8144 -0.5029
vn 0.1591 0.5937 -0.7888
vn -0.0331 -0.1235 -0.9918
vn 0.0331 0.1235 -0.9918
vn 0.6232 0.6906 -0.3670
vn 0.4777 0.1337 -0.8683
vn 0.3963 0.5025 -0.7684
vn 0.1944 -0.9097 -0.3670
vn 0.3469 -0.3546 -0.8683
vn 0.0919 -0.6334 -0.7684
vn 0.0056 -0.2354 -0.9719
vn 0.1955 -0.1587 -0.9678
vn 0.0370 -0.3922 -0.9191
vn 0.0428 -0.0870 -0.9953
vn 0.1617 -0.3744 -0.9130
vn 0.1226 0.2011 -0.9719
vn 0.2486 0.0397 -0.9678
vn 0.2281 0.3212 -0.9191
vn 0.0806 0.0539 -0.9953
vn 0.3273 0.2434 -0.9130
vn 0.1329 -0.0356 -0.9905
vn 0.6232 0.6906 0.3670
vn 0.4777 0.1337 0.8683
vn 0.3963 0.5025 0.7684
vn 0.8328 0.5536 0.0000
vn 0.1944 -0.9097 0.3670
vn 0.3469 -0.3546 0.8683
vn 0.0919 -0.6334 0.7684
vn 0.4444 -0.8958 0.0000
vn 0.0056 -0.2354 0.9719
vn 0.1955 -0.1587 0.9678
vn 0.0370 -0.3922 0.9191
vn 0.0428 -0.0870 0.9953
vn 0.1617 -0.3744 0.9130
vn 0.1226 0.2011 0.9719
vn 0.2486 0.0397 0.9678
vn 0.2281 0.3212 0.9191
vn 0.0806 0.0539 0.9953
vn 0.3273 0.2434 0.9130
vn 0.1329 -0.0356 0.9905
vn 0.6628 -0.1776 -0.7275
vn 0.6628 -0.1776 0.7275
vn 0.8786 0.2018 -0.4328
vn 0.6600 -0.6141 -0.4328
vn 0.8786 0.2018 0.4328
vn 0.6600 -0.6141 0.4328
vn -0.1944 0.9097 -0.3670
vn -0.3469 0.3546 -0.8683
vn -0.0919 0.6334 -0.7684
vn -0.6232 -0.6906 -0.3670
vn -0.4777 -0.1337 -0.8683
vn -0.3963 -0.5025 -0.7684
vn -0.1226 -0.2011 -0.9719
vn -0.2486 -0.0397 -0.9678
vn -0.2281 -0.3212 -0.9191
vn -0.0806 -0.0539 -0.9953
vn -0.3273 -0.2434 -0.9130
vn -0.0056 0.2354 -0.9719
vn -0.1955 0.1587 -0.9678
vn -0.0370 0.3922 -0.9191
vn -0.0428 0.0870 -0.9953
vn -0.1617 0.3744 -0.9130
vn -0.1329 0.0356 -0.9905
vn -0.1944 0.9097 0.3670
vn -0.3469 0.3546 0.8683
vn -0.0919 0.6334 0.7684
vn -0.4444 0.8958 0.0000
vn -0.6232 -0.6906 0.3670
vn -0.4777 -0.1337 0.8683
vn -0.3963 -0.5025 0.7684
vn -0.8328 -0.5536 0.0000
vn -0.1226 -0.2011 0.9719
vn -0.2486 -0.0397 0.9678
vn -0.2281 -0.3212 0.9191
vn -0.0806 -0.0539 0.9953
vn -0.3273 -0.2434 0.9130
vn -0.0056 0.2354 0.9719
vn -0.1955 0.1587 0.9678
vn -0.0370 0.3922 0.9191
vn -0.0428 0.0870 0.9953
vn -0.1617 0.3744 0.9130
vn -0.1329 0.0356 0.9905
vn -0.6628 0.1776 -0.7275
vn -0.6628 0.1776 0.7275
vn -0.6600 0.6141 -0.4328
vn -0.8786 -0.2018 -0.4328
vn -0.6600 0.6141 0.4328
vn -0.8786 -0.2018 0.4328
f 4235//4235 4372//4372 4288//4288
f 4372//4372 4272//4272 4374//4374
f 4288//4288 4374//4374 4251//4251
f 4372//4372 4374//4374 4288//4288
f 4272//4272 4373//4373 4389//4389
f 4373//4373 4246//4246 4386//4386
f 4389//4389 4386//4386 4275//4275
f 4373//4373 4386//4386 4389//4389
f 4251//4251 4387//4387 4289//4289
f 4387//4387 4275//4275 4385//4385
f 4289//4289 4385//4385 4240//4240
f 4387//4387 4385//4385 4289//4289
f 4272//4272 4389//4389 4374//4374
f 4389//4389 4275//4275 4387//4387
f 4374//4374 4387//4387 4251//4251
f 4389//4389 4387//4387 4374//4374
f 4235//4235 4288//4288 4277//4277
f 4288//4288 4251//4251 4290//4290
f 4277//4277 4290//4290 4247//4247
f 4288//4288 4290//4290 4277//4277
f 4251//4251 4289//4289 4294//4294
f 4289//4289 4240//4240 4292//4292
f 4294//4294 4292//4292 4252//4252
f 4289//4289 4292//4292 4294//4294
f 4247//4247 4293//4293 4278//4278
f 4293//4293 4252//4252 4291//4291
f 4278//4278 4291//4291 4236//4236
f 4293//4293 4291//4291 4278//4278
f 4251//4251 4294//4294 4290//4290
f 4294//4294 4252//4252 4293//4293
f 4290//4290 4293//4293 4247//4247
f 4294//4294 4293//4293 4290//4290
f 4235//4235 4277//4277 4304//4304
f 4277//4277 4247//4247 4306//4306
f 4304//4304 4306//4306 4256//4256
f 4277//4277 4306//4306 4304//4304
f 4247//4247 4278//4278 4309//4309
f 4278//4278 4236//4236 4307//4307
f 4309//4309 4307//4307 4257//4257
f 4278//4278 4307//4307 4309//4309
f 4256//4256 4310//4310 4305//4305
f 4310//4310 4257//4257 4308//4308
f 4305//4305 4308//4308 4242//4242
f 4310//4310 4308//4308 4305//4305
f 4247//4247 4309//4309 4306//4306
f 4309//4309 4257//4257 4310//4310
f 4306//4306 4310//4310 4256//4256
f 4309//4309 4310//4310 4306//4306
f 4235//4235 4304//4304 4355//4355
f 4304//4304 4256//4256 4357//4357
f 4355//4355 4357//4357 4268//4268
f 4304//4304 4357//4357 4355//4355
f 4256//4256 4305//4305 4368//4368
f 4305//4305 4242//4242 4366//4366
f 4368//4368 4366//4366 4271//4271
f 4305//4305 4366//4366 4368//4368
f 4268//4268 4370//4370 4356//4356
f 4370//4370 4271//4271 4367//4367
f 4356//4356 4367//4367 4245//4245
f 4370//4370 4367//4367 4356//4356
f 4256//4256 4368//4368 4357//4357
f 4368//4368 4271//4271 4370//4370
f 4357//4357 4370//4370 4268//4268
f 4368//4368 4370//4370 4357//4357
f 4235//4235 4355//4355 4372//4372
f 4355//4355 4268//4268 4375//4375
f 4372//4372 4375//4375 4272//4272
f 4355//4355 4375//4375 4372//4372
f 4268//4268 4356//4356 4393//4393
f 4356//4356 4245//4245 4391//4391
f 4393//4393 4391//4391 4276//4276
f 4356//4356 4391//4391 4393//4393
f 4272//4272 4395//4395 4373//4373
f 4395//4395 4276//4276 4392//4392
f 4373//4373 4392//4392 4246//4246
f 4395//4395 4392//4392 4373//4373
f 4268//4268 4393//4393 4375//4375
f 4393//4393 4276//4276 4395//4395
f 4375//4375 4395//4395 4272//4272
f 4393//4393 4395//4395 4375//4375
f 4236//4236 4291//4291 4330//4330
f 4291//4291 4252//4252 4332//4332
f 4330//4330 4332//4332 4263//4263
f 4291//4291 4332//4332 4330//4330
f 4252//4252 4292//4292 4345//4345
f 4292//4292 4240//4240 4343//4343
f 4345//4345 4343//4343 4266//4266
f 4292//4292 4343//4343 4345//4345
f 4263//4263 4347//4347 4331//4331
f 4347//4347 4266//4266 4344//4344
f 4331//4331 4344//4344 4244//4244
f 4347//4347 4344//4344 4331//4331
f 4252//4252 4345//4345 4332//4332
f 4345//4345 4266//4266 4347//4347
f 4332//4332 4347//4347 4263//4263
f 4345//4345 4347//4347 4332//4332
f 4240//4240 4385//4385 4296//4296
f 4385//4385 4275//4275 4388//4388
f 4296//4296 4388//4388 4253//4253
f 4385//4385 4388//4388 4296//4296
f 4275//4275 4386//4386 4390//4390
f 4386//4386 4246//4246 4381//4381
f 4390//4390 4381//4381 4274//4274
f 4386//4386 4381//4381 4390//4390
f 4253//4253 4383//4383 4295//4295
f 4383//4383 4274//4274 4380//4380
f 4295//4295 4380//4380 4239//4239
f 4383//4383 4380//4380 4295//4295
f 4275//4275 4390//4390 4388//4388
f 4390//4390 4274//4274 4383//4383
f 4388//4388 4383//4383 4253//4253
f 4390//4390 4383//4383 4388//4388
f 4246//4246 4392//4392 4377//4377
f 4392//4392 4276//4276 4396//4396
f 4377//4377 4396//4396 4273//4273
f 4392//4392 4396//4396 4377//4377
f 4276//4276 4391//4391 4394//4394
f 4391//4391 4245//4245 4359//4359
f 4394//4394 4359//4359 4269//4269
f 4391//4391 4359//4359 4394//4394
f 4273//4273 4379//4379 4376//4376
f 4379//4379 4269//4269 4358//4358
f 4376//4376 4358//4358 4237//4237
f 4379//4379 4358//4358 4376//4376
f 4276//4276 4394//4394 4396//4396
f 4394//4394 4269//4269 4379//4379
f 4396//4396 4379//4379 4273//4273
f 4394//4394 4379//4379 4396//4396
f 4245//4245 4367//4367 4362//4362
f 4367//4367 4271//4271 4371//4371
f 4362//4362 4371//4371 4270//4270
f 4367//4367 4371//4371 4362//4362
f 4271//4271 4366//4366 4369//4369
f 4366//4366 4242//4242 4312//4312
f 4369//4369 4312//4312 4258//4258
f 4366//4366 4312//4312 4369//4369
f 4270//4270 4364//4364 4361//4361
f 4364//4364 4258//4258 4311//4311
f 4361//4361 4311//4311 4241//4241
f 4364//4364 4311//4311 4361//4361
f 4271//4271 4369//4369 4371//4371
f 4369//4369 4258//4258 4364//4364
f 4371//4371 4364//4364 4270//4270
f 4369//4369 4364//4364 4371//4371
f 4242//4242 4308//4308 4324//4324
f 4308//4308 4257//4257 4326//4326
f 4324//4324 4326//4326 4262//4262
f 4308//4308 4326//4326 4324//4324
f 4257//4257 4307//4307 4315//4315
f 4307//4307 4236//4236 4313//4313
f 4315//4315 4313//4313 4259//4259
f 4307//4307 4313//4313 4315//4315
f 4262//4262 4328//4328 4325//4325
f 4328//4328 4259//4259 4314//4314
f 4325//4325 4314//4314 4243//4243
f 4328//4328 4314//4314 4325//4325
f 4257//4257 4315//4315 4326//4326
f 4315//4315 4259//4259 4328//4328
f 4326//4326 4328//4328 4262//4262
f 4315//4315 4328//4328 4326//4326
f 4238//4238 4334//4334 4284//4284
f 4334//4334 4264//4264 4336//4336
f 4284//4284 4336//4336 4250//4250
f 4334//4334 4336//4336 4284//4284
f 4264//4264 4335//4335 4342//4342
f 4335//4335 4244//4244 4339//4339
f 4342//4342 4339//4339 4265//4265
f 4335//4335 4339//4339 4342//4342
f 4250//4250 4340//4340 4285//4285
f 4340//4340 4265//4265 4338//4338
f 4285//4285 4338//4338 4239//4239
f 4340//4340 4338//4338 4285//4285
f 4264//4264 4342//4342 4336//4336
f 4342//4342 4265//4265 4340//4340
f 4336//4336 4340//4340 4250//4250
f 4342//4342 4340//4340 4336//4336
f 4238//4238 4284//4284 4280//4280
f 4284//4284 4250//4250 4286//4286
f 4280//4280 4286//4286 4248//4248
f 4284//4284 4286//4286 4280//4280
f 4250//4250 4285//4285 4287//4287
f 4285//4285 4239//4239 4282//4282
f 4287//4287 4282//4282 4249//4249
f 4285//4285 4282//4282 4287//4287
f 4248//4248 4283//4283 4279//4279
f 4283//4283 4249//4249 4281//4281
f 4279//4279 4281//4281 4237//4237
f 4283//4283 4281//4281 4279//4279
f 4250//4250 4287//4287 4286//4286
f 4287//4287 4249//4249 4283//4283
f 4286//4286 4283//4283 4248//4248
f 4287//4287 4283//4283 4286//4286
f 4238//4238 4280//4280 4300//4300
f 4280//4280 4248//4248 4302//4302
f 4300//4300 4302//4302 4255//4255
f 4280//4280 4302//4302 4300//4300
f 4248//4248 4279//4279 4299//4299
f 4279//4279 4237//4237 4297//4297
f 4299//4299 4297//4297 4254//4254
f 4279//4279 4297//4297 4299//4299
f 4255//4255 4303//4303 4301//4301
f 4303//4303 4254//4254 4298//4298
f 4301//4301 4298//4298 4241//4241
f 4303//4303 4298//4298 4301//4301
f 4248//4248 4299//4299 4302//4302
f 4299//4299 4254//4254 4303//4303
f 4302//4302 4303//4303 4255//4255
f 4299//4299 4303//4303 4302//4302
f 4238//4238 4300//4300 4316//4316
f 4300//4300 4255//4255 4318//4318
f 4316//4316 4318//4318 4260//4260
f 4300//4300 4318//4318 4316//4316
f 4255//4255 4301//4301 4321//4321
f 4301//4301 4241//4241 4319//4319
f 4321//4321 4319//4319 4261//4261
f 4301//4301 4319//4319 4321//4321
f 4260//4260 4323//4323 4317//4317
f 4323//4323 4261//4261 4320//4320
f 4317//4317 4320//4320 4243//4243
f 4323//4323 4320//4320 4317//4317
f 4255//4255 4321//4321 4318//4318
f 4321//4321 4261//4261 4323//4323
f 4318//4318 4323//4323 4260//4260
f 4321//4321 4323//4323 4318//4318
f 4238//4238 4316//4316 4334//4334
f 4316//4316 4260//4260 4337//4337
f 4334//4334 4337//4337 4264//4264
f 4316//4316 4337//4337 4334//4334
f 4260//4260 4317//4317 4352//4352
f 4317//4317 4243//4243 4349//4349
f 4352//4352 4349//4349 4267//4267
f 4317//4317 4349//4349 4352//4352
f 4264//4264 4354//4354 4335//4335
f 4354//4354 4267//4267 4350//4350
f 4335//4335 4350//4350 4244//4244
f 4354//4354 4350//4350 4335//4335
f 4260//4260 4352//4352 4337//4337
f 4352//4352 4267//4267 4354//4354
f 4337//4337 4354//4354 4264//4264
f 4352//4352 4354//4354 4337//4337
f 4239//4239 4338//4338 4295//4295
f 4338//4338 4265//4265 4341//4341
f 4295//4295 4341//4341 4253//4253
f 4338//4338 4341//4341 4295//4295
f 4265//4265 4339//4339 4348//4348
f 4339//4339 4244//4244 4344//4344
f 4348//4348 4344//4344 4266//4266
f 4339//4339 4344//4344 4348//4348
f 4253//4253 4346//4346 4296//4296
f 4346//4346 4266//4266 4343//4343
f 4296//4296 4343//4343 4240//4240
f 4346//4346 4343//4343 4296//4296
f 4265//4265 4348//4348 4341//4341
f 4348//4348 4266//4266 4346//4346
f 4341//4341 4346//4346 4253//4253
f 4348//4348 4346//4346 4341//4341
f 4237//4237 4281//4281 4376//4376
f 4281//4281 4249//4249 4378//4378
f 4376//4376 4378//4378 4273//4273
f 4281//4281 4378//4378 4376//4376
f 4249//4249 4282//4282 4382//4382
f 4282//4282 4239//4239 4380//4380
f 4382//4382 4380//4380 4274//4274
f 4282//4282 4380//4380 4382//4382
f 4273//4273 4384//4384 4377//4377
f 4384//4384 4274//4274 4381//4381
f 4377//4377 4381//4381 4246//4246
f 4384//4384 4381//4381 4377//4377
f 4249//4249 4382//4382 4378//4378
f 4382//4382 4274//4274 4384//4384
f 4378//4378 4384//4384 4273//4273
f 4382//4382 4384//4384 4378//4378
f 4241//4241 4298//4298 4361//4361
f 4298//4298 4254//4254 4363//4363
f 4361//4361 4363//4363 4270//4270
f 4298//4298 4363//4363 4361//4361
f 4254//4254 4297//4297 4360//4360
f 4297//4297 4237//4237 4358//4358
f 4360//4360 4358//4358 4269//4269
f 4297//4297 4358//4358 4360//4360
f 4270//4270 4365//4365 4362//4362
f 4365//4365 4269//4269 4359//4359
f 4362//4362 4359//4359 4245//4245
f 4365//4365 4359//4359 4362//4362
f 4254//4254 4360//4360 4363//4363
f 4360//4360 4269//4269 4365//4365
f 4363//4363 4365//4365 4270//4270
f 4360//4360 4365//4365 4363//4363
f 4243//4243 4320//4320 4325//4325
f 4320//4320 4261//4261 4329//4329
f 4325//4325 4329//4329 4262//4262
f 4320//4320 4329//4329 4325//4325
f 4261//4261 4319//4319 4322//4322
f 4319//4319 4241//4241 4311//4311
f 4322//4322 4311//4311 4258//4258
f 4319//4319 4311//4311 4322//4322
f 4262//4262 4327//4327 4324//4324
f 4327//4327 4258//4258 4312//4312
f 4324//4324 4312//4312 4242//4242
f 4327//4327 4312//4312 4324//4324
f 4261//4261 4322//4322 4329//4329
f 4322//4322 4258//4258 4327//4327
f 4329//4329 4327//4327 4262//4262
f 4322//4322 4327//4327 4329//4329
f 4244//4244 4350//4350 4331//4331
f 4350//4350 4267//4267 4353//4353
f 4331//4331 4353//4353 4263//4263
f 4350//4350 4353//4353 4331//4331
f 4267//4267 4349//4349 4351//4351
f 4349//4349 4243//4243 4314//4314
f 4351//4351 4314//4314 4259//4259
f 4349//4349 4314//4314 4351//4351
f 4263//4263 4333//4333 4330//4330
f 4333//4333 4259//4259 4313//4313
f 4330//4330 4313//4313 4236//4236
f 4333//4333 4313//4313 4330//4330
f 4267//4267 4351//4351 4353//4353
f 4351//4351 4259//4259 4333//4333
f 4353//4353 4333//4333 4263//4263
f 4351//4351 4333//4333 4353//4353
o Foot_L
g Foot_L
usemtl PenguinBeak
v 1.4389 9.9729 2.0000
v 10.5796 12.4221 2.0000
v 3.4204 2.5779 2.0000
v 12.5611 5.0271 2.0000
v 7.6123 5.2148 3.7013
v 6.3877 9.7852 3.7013
v 7.6123 5.2148 0.2987
v 6.3877 9.7852 0.2987
v 14.3950 9.4815 0.9485
v 14.3950 9.4815 3.0515
v -0.3950 5.5185 0.9485
v -0.3950 5.5185 3.0515
v 5.8353 11.8467 2.0000
v 8.1647 3.1533 2.0000
v 5.2559 3.2637 3.0000
v 10.6286 4.7033 3.0000
v 3.3714 10.2967 3.0000
v 8.7441 11.7363 3.0000
v 7.0000 7.5000 4.0000
v 5.2559 3.2637 1.0000
v 10.6286 4.7033 1.0000
v 3.3714 10.2967 1.0000
v 8.7441 11.7363 1.0000
v 7.0000 7.5000 0.0000
v 13.4507 11.5578 1.3820
v 14.6154 7.2112 1.3820
v 11.7066 7.3215 0.3820
v 10.9868 10.0079 0.3820
v 13.4507 11.5578 2.6180
v 14.6154 7.2112 2.6180
v 11.7066 7.3215 3.6180
v 10.9868 10.0079 3.6180
v 15.6933 9.8294 2.0000
v -0.6154 7.7888 1.3820
v 0.5493 3.4422 1.3820
v 3.0132 4.9921 0.3820
v 2.2934 7.6785 0.3820
v -0.6154 7.7888 2.6180
v 0.5493 3.4422 2.6180
v 3.0132 4.9921 3.6180
v 2.2934 7.6785 3.6180
v -1.6933 5.1706 2.0000
v 3.5040 11.0447 2.0000
v 8.2552 12.3178 2.0000
v 5.7448 2.6822 2.0000
v 10.4960 3.9553 2.0000
v 4.2328 2.7396 2.5198
v 6.4117 4.1102 3.4041
v 6.6954 2.9876 2.5257
v 11.7767 4.7610 2.5198
v 9.2044 4.8585 3.4041
v 9.5200 3.7445 2.5257
v 7.9907 3.8025 3.0515
v 2.2233 10.2390 2.5198
v 4.7956 10.1415 3.4041
v 4.4800 11.2555 2.5257
v 9.7672 12.2604 2.5198
v 7.5883 10.8898 3.4041
v 7.3046 12.0124 2.5257
v 6.0093 11.1975 3.0515
v 7.3183 6.3122 3.9239
v 6.6817 8.6878 3.9239
v 4.2328 2.7396 1.4802
v 6.4117 4.1102 0.5959
v 6.6954 2.9876 1.4743
v 11.7767 4.7610 1.4802
v 9.2044 4.8585 0.5959
v 9.5200 3.7445 1.4743
v 7.9907 3.8025 0.9485
v 2.2233 10.2390 1.4802
v 4.7956 10.1415 0.5959
v 4.4800 11.2555 1.4743
v 9.7672 12.2604 1.4802
v 7.5883 10.8898 0.5959
v 7.3046 12.0124 1.4743
v 6.0093 11.1975 0.9485
v 7.3183 6.3122 0.0761
v 6.6817 8.6878 0.0761
v 12.2136 12.1676 1.6788
v 14.1968 10.6391 1.1322
v 11.3083 11.8605 1.1493
v 13.8489 6.0645 1.6788
v 14.8022 8.3798 1.1322
v 12.9113 5.8778 1.1493
v 9.7647 6.2194 0.2747
v 13.2902 8.4372 0.6124
v 11.3821 5.9358 0.6236
v 9.4744 7.4062 0.0979
v 13.4780 7.2543 0.8244
v 8.7540 9.9914 0.2747
v 12.9160 9.8335 0.6124
v 10.0129 11.0456 0.6236
v 9.0960 8.8185 0.0979
v 12.4873 10.9518 0.8244
v 11.5704 8.7246 0.2987
v 12.2136 12.1676 2.3212
v 14.1968 10.6391 2.8678
v 11.3083 11.8605 2.8507
v 13.7827 11.7667 2.0000
v 13.8489 6.0645 2.3212
v 14.8022 8.3798 2.8678
v 12.9113 5.8778 2.8507
v 15.0073 7.1963 2.0000
v 9.7647 6.2194 3.7253
v 13.2902 8.4372 3.3876
v 11.3821 5.9358 3.3764
v 9.4744 7.4062 3.9021
v 13.4780 7.2543 3.1756
v 8.7540 9.9914 3.7253
v 12.9160 9.8335 3.3876
v 10.0129 11.0456 3.3764
v 9.0960 8.8185 3.9021
v 12.4873 10.9518 3.1756
v 11.5704 8.7246 3.7013
v 15.3624 9.7407 1.4535
v 15.3624 9.7407 2.5465
v 14.9617 10.8580 1.6751
v 15.5740 8.5728 1.6751
v 14.9617 10.8580 2.3249
v 15.5740 8.5728 2.3249
v 0.1511 8.9355 1.6788
v -0.8022 6.6202 1.1322
v 1.0887 9.1222 1.1493
v 1.7864 2.8324 1.6788
v -0.1968 4.3609 1.1322
v 2.6917 3.1395 1.1493
v 5.2460 5.0086 0.2747
v 1.0840 5.1665 0.6124
v 3.9871 3.9544 0.6236
v 4.9040 6.1815 0.0979
v 1.5127 4.0482 0.8244
v 4.2353 8.7806 0.2747
v 0.7098 6.5628 0.6124
v 2.6179 9.0642 0.6236
v 4.5256 7.5938 0.0979
v 0.5220 7.7457 0.8244
v 2.4296 6.2754 0.2987
v 0.1511 8.9355 2.3212
v -0.8022 6.6202 2.8678
v 1.0887 9.1222 2.8507
v -1.0073 7.8037 2.0000
v 1.7864 2.8324 2.3212
v -0.1968 4.3609 2.8678
v 2.6917 3.1395 2.8507
v 0.2173 3.2333 2.0000
v 5.2460 5.0086 3.7253
v 1.0840 5.1665 3.3876
v 3.9871 3.9544 3.3764
v 4.9040 6.1815 3.9021
v 1.5127 4.0482 3.1756
v 4.2353 8.7806 3.7253
v 0.7098 6.5628 3.3876
v 2.6179 9.0642 3.3764
v 4.5256 7.5938 3.9021
v 0.5220 7.7457 3.1756
v 2.4296 6.2754 3.7013
v -1.3624 5.2593 1.4535
v -1.3624 5.2593 2.5465
v -1.5740 6.4272 1.6751
v -0.9617 4.1420 1.6751
v -1.5740 6.4272 2.3249
v -0.9617 4.1420 2.3249
vn -0.5468 0.8373 -0.0000
vn 0.0549 0.9985 -0.0000
vn -0.0549 -0.9985 0.0000
vn 0.5468 -0.8373 -0.0000
vn 0.0709 -0.2646 0.9617
vn -0.0709 0.2646 0.9617
vn 0.0709 -0.2646 -0.9617
vn -0.0709 0.2646 -0.9617
vn 0.3506 0.0939 -0.9318
vn 0.3506 0.0939 0.9318
vn -0.3506 -0.0939 -0.9318
vn -0.3506 -0.0939 0.9318
vn -0.2588 0.9659 0.0000
vn 0.2588 -0.9659 -0.0000
vn 0.0450 -0.6108 0.7905
vn 0.2664 -0.5514 0.7905
vn -0.2664 0.5514 0.7905
vn -0.0450 0.6108 0.7905
vn -0.0000 0.0000 1.0000
vn 0.0450 -0.6108 -0.7905
vn 0.2664 -0.5514 -0.7905
vn -0.2664 0.5514 -0.7905
vn -0.0450 0.6108 -0.7905
vn -0.0000 0.0000 -1.0000
vn 0.3049 0.6606 -0.6860
vn 0.5943 -0.4197 -0.6860
vn 0.1794 -0.1308 -0.9750
vn 0.0900 0.2030 -0.9750
vn 0.3049 0.6606 0.6860
vn 0.5943 -0.4197 0.6860
vn 0.1794 -0.1308 0.9750
vn 0.0900 0.2030 0.9750
vn 0.9659 0.2588 0.0000
vn -0.5943 0.4197 -0.6860
vn -0.3049 -0.6606 -0.6860
vn -0.0900 -0.2030 -0.9750
vn -0.1794 0.1308 -0.9750
vn -0.5943 0.4197 0.6860
vn -0.3049 -0.6606 0.6860
vn -0.0900 -0.2030 0.9750
vn -0.1794 0.1308 0.9750
vn -0.9659 -0.2588 -0.0000
vn -0.4031 0.9152 0.0000
vn -0.1085 0.9941 -0.0000
vn 0.1085 -0.9941 -0.0000
vn 0.4031 -0.9152 -0.0000
vn 0.0135 -0.8572 0.5148
vn 0.0605 -0.4123 0.9090
vn 0.1563 -0.8501 0.5029
vn 0.4169 -0.7492 0.5148
vn 0.1538 -0.3873 0.9090
vn 0.2897 -0.8144 0.5029
vn 0.1591 -0.5937 0.7888
vn -0.4169 0.7492 0.5148
vn -0.1538 0.3873 0.9090
vn -0.2897 0.8144 0.5029
vn -0.0135 0.8572 0.5148
vn -0.0605 0.4123 0.9090
vn -0.1563 0.8501 0.5029
vn -0.1591 0.5937 0.7888
vn 0.0331 -0.1235 0.9918
vn -0.0331 0.1235 0.9918
vn 0.0135 -0.8572 -0.5148
vn 0.0605 -0.4123 -0.9090
vn 0.1563 -0.8501 -0.5029
vn 0.4169 -0.7492 -0.5148
vn 0.1538 -0.3873 -0.9090
vn 0.2897 -0.8144 -0.5029
vn 0.1591 -0.5937 -0.7888
vn -0.4169 0.7492 -0.5148
vn -0.1538 0.3873 -0.9090
vn -0.2897 0.8144 -0.5029
vn -0.0135 0.8572 -0.5148
vn -0.0605 0.4123 -0.9090
vn -0.1563 0.8501 -0.5029
vn -0.1591 0.5937 -0.7888
vn 0.0331 -0.1235 -0.9918
vn -0.0331 0.1235 -0.9918
vn 0.1944 0.9097 -0.3670
vn 0.3469 0.3546 -0.8683
vn 0.0919 0.6334 -0.7684
vn 0.6232 -0.6906 -0.3670
vn 0.4777 -0.1337 -0.8683
vn 0.3963 -0.5025 -0.7684
vn 0.1226 -0.2011 -0.9719
vn 0.2486 -0.0397 -0.9678
vn 0.2281 -0.3212 -0.9191
vn 0.0806 -0.0539 -0.9953
vn 0.3273 -0.2434 -0.9130
vn 0.0056 0.2354 -0.9719
vn 0.1955 0.1587 -0.9678
vn 0.0370 0.3922 -0.9191
vn 0.0428 0.0870 -0.9953
vn 0.1617 0.3744 -0.9130
vn 0.1329 0.0356 -0.9905
vn 0.1944 0.9097 0.3670
vn 0.3469 0.3546 0.8683
vn 0.0919 0.6334 0.7684
vn 0.4444 0.8958 0.0000
vn 0.6232 -0.6906 0.3670
vn 0.4777 -0.1337 0.8683
vn 0.3963 -0.5025 0.7684
vn 0.8328 -0.5536 0.0000
vn 0.1226 -0.2011 0.9719
vn 0.2486 -0.0397 0.9678
vn 0.2281 -0.3212 0.9191
vn 0.0806 -0.0539 0.9953
vn 0.3273 -0.2434 0.9130
vn 0.0056 0.2354 0.9719
vn 0.1955 0.1587 0.9678
vn 0.0370 0.3922 0.9191
vn 0.0428 0.0870 0.9953
vn 0.1617 0.3744 0.9130
vn 0.1329 0.0356 0.9905
vn 0.6628 0.1776 -0.7275
vn 0.6628 0.1776 0.7275
vn 0.6600 0.6141 -0.4328
vn 0.8786 -0.2018 -0.4328
vn 0.6600 0.6141 0.4328
vn 0.8786 -0.2018 0.4328
vn -0.6232 0.6906 -0.3670
vn -0.4777 0.1337 -0.8683
vn -0.3963 0.5025 -0.7684
vn -0.1944 -0.9097 -0.3670
vn -0.3469 -0.3546 -0.8683
vn -0.0919 -0.6334 -0.7684
vn -0.0056 -0.2354 -0.9719
vn -0.1955 -0.1587 -0.9678
vn -0.0370 -0.3922 -0.9191
vn -0.0428 -0.0870 -0.9953
vn -0.1617 -0.3744 -0.9130
vn -0.1226 0.2011 -0.9719
vn -0.2486 0.0397 -0.9678
vn -0.2281 0.3212 -0.9191
vn -0.0806 0.0539 -0.9953
vn -0.3273 0.2434 -0.9130
vn -0.1329 -0.0356 -0.9905
vn -0.6232 0.6906 0.3670
vn -0.4777 0.1337 0.8683
vn -0.3963 0.5025 0.7684
vn -0.8328 0.5536 0.0000
vn -0.1944 -0.9097 0.3670
vn -0.3469 -0.3546 0.8683
vn -0.0919 -0.6334 0.7684
vn -0.4444 -0.8958 0.0000
vn -0.0056 -0.2354 0.9719
vn -0.1955 -0.1587 0.9678
vn -0.0370 -0.3922 0.9191
vn -0.0428 -0.0870 0.9953
vn -0.1617 -0.3744 0.9130
vn -0.1226 0.2011 0.9719
vn -0.2486 0.0397 0.9678
vn -0.2281 0.3212 0.9191
vn -0.0806 0.0539 0.9953
vn -0.3273 0.2434 0.9130
vn -0.1329 -0.0356 0.9905
vn -0.6628 -0.1776 -0.7275
vn -0.6628 -0.1776 0.7275
vn -0.8786 0.2018 -0.4328
vn -0.6600 -0.6141 -0.4328
vn -0.8786 0.2018 0.4328
vn -0.6600 -0.6141 0.4328
f 4397//4397 4534//4534 4450//4450
f 4534//4534 4434//4434 4536//4536
f 4450//4450 4536//4536 4413//4413
f 4534//4534 4536//4536 4450//4450
f 4434//4434 4535//4535 4551//4551
f 4535//4535 4408//4408 4548//4548
f 4551//4551 4548//4548 4437//4437
f 4535//4535 4548//4548 4551//4551
f 4413//4413 4549//4549 4451//4451
f 4549//4549 4437//4437 4547//4547
f 4451//4451 4547//4547 4402//4402
f 4549//4549 4547//4547 4451//4451
f 4434//4434 4551//4551 4536//4536
f 4551//4551 4437//4437 4549//4549
f 4536//4536 4549//4549 4413//4413
f 4551//4551 4549//4549 4536//4536
f 4397//4397 4450//4450 4439//4439
f 4450//4450 4413//4413 4452//4452
f 4439//4439 4452//4452 4409//4409
f 4450//4450 4452//4452 4439//4439
f 4413//4413 4451//4451 4456//4456
f 4451//4451 4402//4402 4454//4454
f 4456//4456 4454//4454 4414//4414
f 4451//4451 4454//4454 4456//4456
f 4409//4409 4455//4455 4440//4440
f 4455//4455 4414//4414 4453//4453
f 4440//4440 4453//4453 4398//4398
f 4455//4455 4453//4453 4440//4440
f 4413//4413 4456//4456 4452//4452
f 4456//4456 4414//4414 4455//4455
f 4452//4452 4455//4455 4409//4409
f 4456//4456 4455//4455 4452//4452
f 4397//4397 4439//4439 4466//4466
f 4439//4439 4409//4409 4468//4468
f 4466//4466 4468//4468 4418//4418
f 4439//4439 4468//4468 4466//4466
f 4409//4409 4440//4440 4471//4471
f 4440//4440 4398//4398 4469//4469
f 4471//4471 4469//4469 4419//4419
f 4440//4440 4469//4469 4471//4471
f 4418//4418 4472//4472 4467//4467
f 4472//4472 4419//4419 4470//4470
f 4467//4467 4470//4470 4404//4404
f 4472//4472 4470//4470 4467//4467
f 4409//4409 4471//4471 4468//4468
f 4471//4471 4419//4419 4472//4472
f 4468//4468 4472//4472 4418//4418
f 4471//4471 4472//4472 4468//4468
f 4397//4397 4466//4466 4517//4517
f 4466//4466 4418//4418 4519//4519
f 4517//4517 4519//4519 4430//4430
f 4466//4466 4519//4519 4517//4517
f 4418//4418 4467//4467 4530//4530
f 4467//4467 4404//4404 4528//4528
f 4530//4530 4528//4528 4433//4433
f 4467//4467 4528//4528 4530//4530
f 4430//4430 4532//4532 4518//4518
f 4532//4532 4433//4433 4529//4529
f 4518//4518 4529//4529 4407//4407
f 4532//4532 4529//4529 4518//4518
f 4418//4418 4530//4530 4519//4519
f 4530//4530 4433//4433 4532//4532
f 4519//4519 4532//4532 4430//4430
f 4530//4530 4532//4532 4519//4519
f 4397//4397 4517//4517 4534//4534
f 4517//4517 4430//4430 4537//4537
f 4534//4534 4537//4537 4434//4434
f 4517//4517 4537//4537 4534//4534
f 4430//4430 4518//4518 4555//4555
f 4518//4518 4407//4407 4553//4553
f 4555//4555 4553//4553 4438//4438
f 4518//4518 4553//4553 4555//4555
f 4434//4434 4557//4557 4535//4535
f 4557//4557 4438//4438 4554//4554
f 4535//4535 4554//4554 4408//4408
f 4557//4557 4554//4554 4535//4535
f 4430//4430 4555//4555 4537//4537
f 4555//4555 4438//4438 4557//4557
f 4537//4537 4557//4557 4434//4434
f 4555//4555 4557//4557 4537//4537
f 4398//4398 4453//4453 4492//4492
f 4453//4453 4414//4414 4494//4494
f 4492//4492 4494//4494 4425//4425
f 4453//4453 4494//4494 4492//4492
f 4414//4414 4454//4454 4507//4507
f 4454//4454 4402//4402 4505//4505
f 4507//4507 4505//4505 4428//4428
f 4454//4454 4505//4505 4507//4507
f 4425//4425 4509//4509 4493//4493
f 4509//4509 4428//4428 4506//4506
f 4493//4493 4506//4506 4406//4406
f 4509//4509 4506//4506 4493//4493
f 4414//4414 4507//4507 4494//4494
f 4507//4507 4428//4428 4509//4509
f 4494//4494 4509//4509 4425//4425
f 4507//4507 4509//4509 4494//4494
f 4402//4402 4547//4547 4458//4458
f 4547//4547 4437//4437 4550//4550
f 4458//4458 4550//4550 4415//4415
f 4547//4547 4550//4550 4458//4458
f 4437//4437 4548//4548 4552//4552
f 4548//4548 4408//4408 4543//4543
f 4552//4552 4543//4543 4436//4436
f 4548//4548 4543//4543 4552//4552
f 4415//4415 4545//4545 4457//4457
f 4545//4545 4436//4436 4542//4542
f 4457//4457 4542//4542 4401//4401
f 4545//4545 4542//4542 4457//4457
f 4437//4437 4552//4552 4550//4550
f 4552//4552 4436//4436 4545//4545
f 4550//4550 4545//4545 4415//4415
f 4552//4552 4545//4545 4550//4550
f 4408//4408 4554//4554 4539//4539
f 4554//4554 4438//4438 4558//4558
f 4539//4539 4558//4558 4435//4435
f 4554//4554 4558//4558 4539//4539
f 4438//4438 4553//4553 4556//4556
f 4553//4553 4407//4407 4521//4521
f 4556//4556 4521//4521 4431//4431
f 4553//4553 4521//4521 4556//4556
f 4435//4435 4541//4541 4538//4538
f 4541//4541 4431//4431 4520//4520
f 4538//4538 4520//4520 4399//4399
f 4541//4541 4520//4520 4538//4538
f 4438//4438 4556//4556 4558//4558
f 4556//4556 4431//4431 4541//4541
f 4558//4558 4541//4541 4435//4435
f 4556//4556 4541//4541 4558//4558
f 4407//4407 4529//4529 4524//4524
f 4529//4529 4433//4433 4533//4533
f 4524//4524 4533//4533 4432//4432
f 4529//4529 4533//4533 4524//4524
f 4433//4433 4528//4528 4531//4531
f 4528//4528 4404//4404 4474//4474
f 4531//4531 4474//4474 4420//4420
f 4528//4528 4474//4474 4531//4531
f 4432//4432 4526//4526 4523//4523
f 4526//4526 4420//4420 4473//4473
f 4523//4523 4473//4473 4403//4403
f 4526//4526 4473//4473 4523//4523
f 4433//4433 4531//4531 4533//4533
f 4531//4531 4420//4420 4526//4526
f 4533//4533 4526//4526 4432//4432
f 4531//4531 4526//4526 4533//4533
f 4404//4404 4470//4470 4486//4486
f 4470//4470 4419//4419 4488//4488
f 4486//4486 4488//4488 4424//4424
f 4470//4470 4488//4488 4486//4486
f 4419//4419 4469//4469 4477//4477
f 4469//4469 4398//4398 4475//4475
f 4477//4477 4475//4475 4421//4421
f 4469//4469 4475//4475 4477//4477
f 4424//4424 4490//4490 4487//4487
f 4490//4490 4421//4421 4476//4476
f 4487//4487 4476//4476 4405//4405
f 4490//4490 4476//4476 4487//4487
f 4419//4419 4477//4477 4488//4488
f 4477//4477 4421//4421 4490//4490
f 4488//4488 4490//4490 4424//4424
f 4477//4477 4490//4490 4488//4488
f 4400//4400 4496//4496 4446//4446
f 4496//4496 4426//4426 4498//4498
f 4446//4446 4498//4498 4412//4412
f 4496//4496 4498//4498 4446//4446
f 4426//4426 4497//4497 4504//4504
f 4497//4497 4406//4406 4501//4501
f 4504//4504 4501//4501 4427//4427
f 4497//4497 4501//4501 4504//4504
f 4412//4412 4502//4502 4447//4447
f 4502//4502 4427//4427 4500//4500
f 4447//4447 4500//4500 4401//4401
f 4502//4502 4500//4500 4447//4447
f 4426//4426 4504//4504 4498//4498
f 4504//4504 4427//4427 4502//4502
f 4498//4498 4502//4502 4412//4412
f 4504//4504 4502//4502 4498//4498
f 4400//4400 4446//4446 4442//4442
f 4446//4446 4412//4412 4448//4448
f 4442//4442 4448//4448 4410//4410
f 4446//4446 4448//4448 4442//4442
f 4412//4412 4447//4447 4449//4449
f 4447//4447 4401//4401 4444//4444
f 4449//4449 4444//4444 4411//4411
f 4447//4447 4444//4444 4449//4449
f 4410//4410 4445//4445 4441//4441
f 4445//4445 4411//4411 4443//4443
f 4441//4441 4443//4443 4399//4399
f 4445//4445 4443//4443 4441//4441
f 4412//4412 4449//4449 4448//4448
f 4449//4449 4411//4411 4445//4445
f 4448//4448 4445//4445 4410//4410
f 4449//4449 4445//4445 4448//4448
f 4400//4400 4442//4442 4462//4462
f 4442//4442 4410//4410 4464//4464
f 4462//4462 4464//4464 4417//4417
f 4442//4442 4464//4464 4462//4462
f 4410//4410 4441//4441 4461//4461
f 4441//4441 4399//4399 4459//4459
f 4461//4461 4459//4459 4416//4416
f 4441//4441 4459//4459 4461//4461
f 4417//4417 4465//4465 4463//4463
f 4465//4465 4416//4416 4460//4460
f 4463//4463 4460//4460 4403//4403
f 4465//4465 4460//4460 4463//4463
f 4410//4410 4461//4461 4464//4464
f 4461//4461 4416//4416 4465//4465
f 4464//4464 4465//4465 4417//4417
f 4461//4461 4465//4465 4464//4464
f 4400//4400 4462//4462 4478//4478
f 4462//4462 4417//4417 4480//4480
f 4478//4478 4480//4480 4422//4422
f 4462//4462 4480//4480 4478//4478
f 4417//4417 4463//4463 4483//4483
f 4463//4463 4403//4403 4481//4481
f 4483//4483 4481//4481 4423//4423
f 4463//4463 4481//4481 4483//4483
f 4422//4422 4485//4485 4479//4479
f 4485//4485 4423//4423 4482//4482
f 4479//4479 4482//4482 4405//4405
f 4485//4485 4482//4482 4479//4479
f 4417//4417 4483//4483 4480//4480
f 4483//4483 4423//4423 4485//4485
f 4480//4480 4485//4485 4422//4422
f 4483//4483 4485//4485 4480//4480
f 4400//4400 4478//4478 4496//4496
f 4478//4478 4422//4422 4499//4499
f 4496//4496 4499//4499 4426//4426
f 4478//4478 4499//4499 4496//4496
f 4422//4422 4479//4479 4514//4514
f 4479//4479 4405//4405 4511//4511
f 4514//4514 4511//4511 4429//4429
f 4479//4479 4511//4511 4514//4514
f 4426//4426 4516//4516 4497//4497
f 4516//4516 4429//4429 4512//4512
f 4497//4497 4512//4512 4406//4406
f 4516//4516 4512//4512 4497//4497
f 4422//4422 4514//4514 4499//4499
f 4514//4514 4429//4429 4516//4516
f 4499//4499 4516//4516 4426//4426
f 4514//4514 4516//4516 4499//4499
f 4401//4401 4500//4500 4457//4457
f 4500//4500 4427//4427 4503//4503
f 4457//4457 4503//4503 4415//4415
f 4500//4500 4503//4503 4457//4457
f 4427//4427 4501//4501 4510//4510
f 4501//4501 4406//4406 4506//4506
f 4510//4510 4506//4506 4428//4428
f 4501//4501 4506//4506 4510//4510
f 4415//4415 4508//4508 4458//4458
f 4508//4508 4428//4428 4505//4505
f 4458//4458 4505//4505 4402//4402
f 4508//4508 4505//4505 4458//4458
f 4427//4427 4510//4510 4503//4503
f 4510//4510 4428//4428 4508//4508
f 4503//4503 4508//4508 4415//4415
f 4510//4510 4508//4508 4503//4503
f 4399//4399 4443//4443 4538//4538
f 4443//4443 4411//4411 4540//4540
f 4538//4538 4540//4540 4435//4435
f 4443//4443 4540//4540 4538//4538
f 4411//4411 4444//4444 4544//4544
f 4444//4444 4401//4401 4542//4542
f 4544//4544 4542//4542 4436//4436
f 4444//4444 4542//4542 4544//4544
f 4435//4435 4546//4546 4539//4539
f 4546//4546 4436//4436 4543//4543
f 4539//4539 4543//4543 4408//4408
f 4546//4546 4543//4543 4539//4539
f 4411//4411 4544//4544 4540//4540
f 4544//4544 4436//4436 4546//4546
f 4540//4540 4546//4546 4435//4435
f 4544//4544 4546//4546 4540//4540
f 4403//4403 4460//4460 4523//4523
f 4460//4460 4416//4416 4525//4525
f 4523//4523 4525//4525 4432//4432
f 4460//4460 4525//4525 4523//4523
f 4416//4416 4459//4459 4522//4522
f 4459//4459 4399//4399 4520//4520
f 4522//4522 4520//4520 4431//4431
f 4459//4459 4520//4520 4522//4522
f 4432//4432 4527//4527 4524//4524
f 4527//4527 4431//4431 4521//4521
f 4524//4524 4521//4521 4407//4407
f 4527//4527 4521//4521 4524//4524
f 4416//4416 4522//4522 4525//4525
f 4522//4522 4431//4431 4527//4527
f 4525//4525 4527//4527 4432//4432
f 4522//4522 4527//4527 4525//4525
f 4405//4405 4482//4482 4487//4487
f 4482//4482 4423//4423 4491//4491
f 4487//4487 4491//4491 4424//4424
f 4482//4482 4491//4491 4487//4487
f 4423//4423 4481//4481 4484//4484
f 4481//4481 4403//4403 4473//4473
f 4484//4484 4473//4473 4420//4420
f 4481//4481 4473//4473 4484//4484
f 4424//4424 4489//4489 4486//4486
f 4489//4489 4420//4420 4474//4474
f 4486//4486 4474//4474 4404//4404
f 4489//4489 4474//4474 4486//4486
f 4423//4423 4484//4484 4491//4491
f 4484//4484 4420//4420 4489//4489
f 4491//4491 4489//4489 4424//4424
f 4484//4484 4489//4489 4491//4491
f 4406//4406 4512//4512 4493//4493
f 4512//4512 4429//4429 4515//4515
f 4493//4493 4515//4515 4425//4425
f 4512//4512 4515//4515 4493//4493
f 4429//4429 4511//4511 4513//4513
f 4511//4511 4405//4405 4476//4476
f 4513//4513 4476//4476 4421//4421
f 4511//4511 4476//4476 4513//4513
f 4425//4425 4495//4495 4492//4492
f 4495//4495 4421//4421 4475//4475
f 4492//4492 4475//4475 4398//4398
f 4495//4495 4475//4475 4492//4492
f 4429//4429 4513//4513 4515//4515
f 4513//4513 4421//4421 4495//4495
f 4515//4515 4495//4495 4425//4425
f 4513//4513 4495//4495 4515//4515
